nohup: ignoring input
[!] GGTI DAEMON DETACHED | PID: 19886
[*] HEARTBEAT SYNC: 21:49:55 | LED: GREEN

[!] INITIATING INTERNATIONAL NODE PING: NAGPUR, INDIA
[✔] NAGPUR NODE SETTLEMENT CONFIRMED AND ARCHIVED.
[!] CHANGES DETECTED. INITIATING GLOBAL NODE SYNC...
[main 5b4d42c] GGTI_AUTO_SYNC: 2026-05-11 21:49:55
 1 file changed, 7 insertions(+)
 create mode 100644 Jackson-Node/nagpur_settlement.json
To https://github.com/delonbouler617-main/Jackson-Node.git
   5888144..5b4d42c  main -> main
[✔] GLOBAL NODE UPDATED.
[*] HEARTBEAT SYNC: 21:50:06 | LED: GREEN
[!] CHANGES DETECTED. INITIATING GLOBAL NODE SYNC...
On branch main
Your branch is up to date with 'origin/main'.

Changes not staged for commit:
  (use "git add/rm <file>..." to update what will be committed)
  (use "git restore <file>..." to discard changes in working directory)
	modified:   ../.bash_history
	modified:   ../.cache/pip/http-v2/4/b/e/0/7/4be07d3ac353e38d2c9e3a257cad36ee2a758fc88b4cd5f0d479a5a9
	modified:   ../.cache/pip/http-v2/8/b/2/4/2/8b24226e2da88df4abeee0d8ca6bce79b19ca2bcd5f94b543939c66c
	modified:   ../.cache/pip/http-v2/8/b/2/4/2/8b24226e2da88df4abeee0d8ca6bce79b19ca2bcd5f94b543939c66c.body
	modified:   ../.gitconfig
	deleted:    ../financial_ledger.md
	modified:   ../servicing_manifest.md

Untracked files:
  (use "git add <file>..." to include in what will be committed)
	../.bashrc
	../.cache/pip/http-v2/0/4/
	../.cache/pip/http-v2/0/5/
	../.cache/pip/http-v2/0/a/
	../.cache/pip/http-v2/0/b/
	../.cache/pip/http-v2/0/d/
	../.cache/pip/http-v2/1/4/
	../.cache/pip/http-v2/1/6/
	../.cache/pip/http-v2/1/7/
	../.cache/pip/http-v2/1/8/
	../.cache/pip/http-v2/1/a/
	../.cache/pip/http-v2/1/f/
	../.cache/pip/http-v2/2/3/
	../.cache/pip/http-v2/2/5/
	../.cache/pip/http-v2/2/6/
	../.cache/pip/http-v2/2/7/
	../.cache/pip/http-v2/2/b/7/
	../.cache/pip/http-v2/2/b/c/
	../.cache/pip/http-v2/3/0/
	../.cache/pip/http-v2/3/1/
	../.cache/pip/http-v2/3/5/
	../.cache/pip/http-v2/3/7/
	../.cache/pip/http-v2/3/8/
	../.cache/pip/http-v2/3/d/
	../.cache/pip/http-v2/4/3/
	../.cache/pip/http-v2/4/4/
	../.cache/pip/http-v2/4/8/
	../.cache/pip/http-v2/4/f/
	../.cache/pip/http-v2/5/2/
	../.cache/pip/http-v2/5/6/
	../.cache/pip/http-v2/5/7/
	../.cache/pip/http-v2/5/a/
	../.cache/pip/http-v2/5/b/4/
	../.cache/pip/http-v2/5/c/
	../.cache/pip/http-v2/6/
	../.cache/pip/http-v2/7/4/
	../.cache/pip/http-v2/7/9/
	../.cache/pip/http-v2/7/e/
	../.cache/pip/http-v2/8/1/
	../.cache/pip/http-v2/8/6/
	../.cache/pip/http-v2/8/7/
	../.cache/pip/http-v2/8/8/7/
	../.cache/pip/http-v2/8/8/f/7/
	../.cache/pip/http-v2/8/9/
	../.cache/pip/http-v2/8/c/
	../.cache/pip/http-v2/8/d/7/
	../.cache/pip/http-v2/8/d/a/
	../.cache/pip/http-v2/8/e/
	../.cache/pip/http-v2/9/
	../.cache/pip/http-v2/a/0/
	../.cache/pip/http-v2/a/1/
	../.cache/pip/http-v2/a/2/
	../.cache/pip/http-v2/a/6/
	../.cache/pip/http-v2/a/7/
	../.cache/pip/http-v2/a/c/5/
	../.cache/pip/http-v2/b/
	../.cache/pip/http-v2/c/
	../.cache/pip/http-v2/d/
	../.cache/pip/http-v2/e/1/
	../.cache/pip/http-v2/e/2/
	../.cache/pip/http-v2/e/7/
	../.cache/pip/http-v2/e/c/
	../.cache/pip/http-v2/f/
	../.lesshst
	../EOF
	../GGTI_NODE/
	../GGTI_RECON/
	../downloads/

no changes added to commit (use "git add" and/or "git commit -a")
Everything up-to-date
[✔] GLOBAL NODE UPDATED.
[*] HEARTBEAT SYNC: 21:50:17 | LED: GREEN
[!] CHANGES DETECTED. INITIATING GLOBAL NODE SYNC...
On branch main
Your branch is up to date with 'origin/main'.

Changes not staged for commit:
  (use "git add/rm <file>..." to update what will be committed)
  (use "git restore <file>..." to discard changes in working directory)
	modified:   ../.bash_history
	modified:   ../.cache/pip/http-v2/4/b/e/0/7/4be07d3ac353e38d2c9e3a257cad36ee2a758fc88b4cd5f0d479a5a9
	modified:   ../.cache/pip/http-v2/8/b/2/4/2/8b24226e2da88df4abeee0d8ca6bce79b19ca2bcd5f94b543939c66c
	modified:   ../.cache/pip/http-v2/8/b/2/4/2/8b24226e2da88df4abeee0d8ca6bce79b19ca2bcd5f94b543939c66c.body
	modified:   ../.gitconfig
	deleted:    ../financial_ledger.md
	modified:   ../servicing_manifest.md

Untracked files:
  (use "git add <file>..." to include in what will be committed)
	../.bashrc
	../.cache/pip/http-v2/0/4/
	../.cache/pip/http-v2/0/5/
	../.cache/pip/http-v2/0/a/
	../.cache/pip/http-v2/0/b/
	../.cache/pip/http-v2/0/d/
	../.cache/pip/http-v2/1/4/
	../.cache/pip/http-v2/1/6/
	../.cache/pip/http-v2/1/7/
	../.cache/pip/http-v2/1/8/
	../.cache/pip/http-v2/1/a/
	../.cache/pip/http-v2/1/f/
	../.cache/pip/http-v2/2/3/
	../.cache/pip/http-v2/2/5/
	../.cache/pip/http-v2/2/6/
	../.cache/pip/http-v2/2/7/
	../.cache/pip/http-v2/2/b/7/
	../.cache/pip/http-v2/2/b/c/
	../.cache/pip/http-v2/3/0/
	../.cache/pip/http-v2/3/1/
	../.cache/pip/http-v2/3/5/
	../.cache/pip/http-v2/3/7/
	../.cache/pip/http-v2/3/8/
	../.cache/pip/http-v2/3/d/
	../.cache/pip/http-v2/4/3/
	../.cache/pip/http-v2/4/4/
	../.cache/pip/http-v2/4/8/
	../.cache/pip/http-v2/4/f/
	../.cache/pip/http-v2/5/2/
	../.cache/pip/http-v2/5/6/
	../.cache/pip/http-v2/5/7/
	../.cache/pip/http-v2/5/a/
	../.cache/pip/http-v2/5/b/4/
	../.cache/pip/http-v2/5/c/
	../.cache/pip/http-v2/6/
	../.cache/pip/http-v2/7/4/
	../.cache/pip/http-v2/7/9/
	../.cache/pip/http-v2/7/e/
	../.cache/pip/http-v2/8/1/
	../.cache/pip/http-v2/8/6/
	../.cache/pip/http-v2/8/7/
	../.cache/pip/http-v2/8/8/7/
	../.cache/pip/http-v2/8/8/f/7/
	../.cache/pip/http-v2/8/9/
	../.cache/pip/http-v2/8/c/
	../.cache/pip/http-v2/8/d/7/
	../.cache/pip/http-v2/8/d/a/
	../.cache/pip/http-v2/8/e/
	../.cache/pip/http-v2/9/
	../.cache/pip/http-v2/a/0/
	../.cache/pip/http-v2/a/1/
	../.cache/pip/http-v2/a/2/
	../.cache/pip/http-v2/a/6/
	../.cache/pip/http-v2/a/7/
	../.cache/pip/http-v2/a/c/5/
	../.cache/pip/http-v2/b/
	../.cache/pip/http-v2/c/
	../.cache/pip/http-v2/d/
	../.cache/pip/http-v2/e/1/
	../.cache/pip/http-v2/e/2/
	../.cache/pip/http-v2/e/7/
	../.cache/pip/http-v2/e/c/
	../.cache/pip/http-v2/f/
	../.lesshst
	../EOF
	../GGTI_NODE/
	../GGTI_RECON/
	../downloads/

no changes added to commit (use "git add" and/or "git commit -a")
Everything up-to-date
[✔] GLOBAL NODE UPDATED.
[*] HEARTBEAT SYNC: 21:50:27 | LED: GREEN
[!] CHANGES DETECTED. INITIATING GLOBAL NODE SYNC...
On branch main
Your branch is up to date with 'origin/main'.

Changes not staged for commit:
  (use "git add/rm <file>..." to update what will be committed)
  (use "git restore <file>..." to discard changes in working directory)
	modified:   ../.bash_history
	modified:   ../.cache/pip/http-v2/4/b/e/0/7/4be07d3ac353e38d2c9e3a257cad36ee2a758fc88b4cd5f0d479a5a9
	modified:   ../.cache/pip/http-v2/8/b/2/4/2/8b24226e2da88df4abeee0d8ca6bce79b19ca2bcd5f94b543939c66c
	modified:   ../.cache/pip/http-v2/8/b/2/4/2/8b24226e2da88df4abeee0d8ca6bce79b19ca2bcd5f94b543939c66c.body
	modified:   ../.gitconfig
	deleted:    ../financial_ledger.md
	modified:   ../servicing_manifest.md

Untracked files:
  (use "git add <file>..." to include in what will be committed)
	../.bashrc
	../.cache/pip/http-v2/0/4/
	../.cache/pip/http-v2/0/5/
	../.cache/pip/http-v2/0/a/
	../.cache/pip/http-v2/0/b/
	../.cache/pip/http-v2/0/d/
	../.cache/pip/http-v2/1/4/
	../.cache/pip/http-v2/1/6/
	../.cache/pip/http-v2/1/7/
	../.cache/pip/http-v2/1/8/
	../.cache/pip/http-v2/1/a/
	../.cache/pip/http-v2/1/f/
	../.cache/pip/http-v2/2/3/
	../.cache/pip/http-v2/2/5/
	../.cache/pip/http-v2/2/6/
	../.cache/pip/http-v2/2/7/
	../.cache/pip/http-v2/2/b/7/
	../.cache/pip/http-v2/2/b/c/
	../.cache/pip/http-v2/3/0/
	../.cache/pip/http-v2/3/1/
	../.cache/pip/http-v2/3/5/
	../.cache/pip/http-v2/3/7/
	../.cache/pip/http-v2/3/8/
	../.cache/pip/http-v2/3/d/
	../.cache/pip/http-v2/4/3/
	../.cache/pip/http-v2/4/4/
	../.cache/pip/http-v2/4/8/
	../.cache/pip/http-v2/4/f/
	../.cache/pip/http-v2/5/2/
	../.cache/pip/http-v2/5/6/
	../.cache/pip/http-v2/5/7/
	../.cache/pip/http-v2/5/a/
	../.cache/pip/http-v2/5/b/4/
	../.cache/pip/http-v2/5/c/
	../.cache/pip/http-v2/6/
	../.cache/pip/http-v2/7/4/
	../.cache/pip/http-v2/7/9/
	../.cache/pip/http-v2/7/e/
	../.cache/pip/http-v2/8/1/
	../.cache/pip/http-v2/8/6/
	../.cache/pip/http-v2/8/7/
	../.cache/pip/http-v2/8/8/7/
	../.cache/pip/http-v2/8/8/f/7/
	../.cache/pip/http-v2/8/9/
	../.cache/pip/http-v2/8/c/
	../.cache/pip/http-v2/8/d/7/
	../.cache/pip/http-v2/8/d/a/
	../.cache/pip/http-v2/8/e/
	../.cache/pip/http-v2/9/
	../.cache/pip/http-v2/a/0/
	../.cache/pip/http-v2/a/1/
	../.cache/pip/http-v2/a/2/
	../.cache/pip/http-v2/a/6/
	../.cache/pip/http-v2/a/7/
	../.cache/pip/http-v2/a/c/5/
	../.cache/pip/http-v2/b/
	../.cache/pip/http-v2/c/
	../.cache/pip/http-v2/d/
	../.cache/pip/http-v2/e/1/
	../.cache/pip/http-v2/e/2/
	../.cache/pip/http-v2/e/7/
	../.cache/pip/http-v2/e/c/
	../.cache/pip/http-v2/f/
	../.lesshst
	../EOF
	../GGTI_NODE/
	../GGTI_RECON/
	../downloads/

no changes added to commit (use "git add" and/or "git commit -a")
Everything up-to-date
[✔] GLOBAL NODE UPDATED.
[*] HEARTBEAT SYNC: 21:50:38 | LED: GREEN
[!] CHANGES DETECTED. INITIATING GLOBAL NODE SYNC...
On branch main
Your branch is up to date with 'origin/main'.

Changes not staged for commit:
  (use "git add/rm <file>..." to update what will be committed)
  (use "git restore <file>..." to discard changes in working directory)
	modified:   ../.bash_history
	modified:   ../.cache/pip/http-v2/4/b/e/0/7/4be07d3ac353e38d2c9e3a257cad36ee2a758fc88b4cd5f0d479a5a9
	modified:   ../.cache/pip/http-v2/8/b/2/4/2/8b24226e2da88df4abeee0d8ca6bce79b19ca2bcd5f94b543939c66c
	modified:   ../.cache/pip/http-v2/8/b/2/4/2/8b24226e2da88df4abeee0d8ca6bce79b19ca2bcd5f94b543939c66c.body
	modified:   ../.gitconfig
	deleted:    ../financial_ledger.md
	modified:   ../servicing_manifest.md

Untracked files:
  (use "git add <file>..." to include in what will be committed)
	../.bashrc
	../.cache/pip/http-v2/0/4/
	../.cache/pip/http-v2/0/5/
	../.cache/pip/http-v2/0/a/
	../.cache/pip/http-v2/0/b/
	../.cache/pip/http-v2/0/d/
	../.cache/pip/http-v2/1/4/
	../.cache/pip/http-v2/1/6/
	../.cache/pip/http-v2/1/7/
	../.cache/pip/http-v2/1/8/
	../.cache/pip/http-v2/1/a/
	../.cache/pip/http-v2/1/f/
	../.cache/pip/http-v2/2/3/
	../.cache/pip/http-v2/2/5/
	../.cache/pip/http-v2/2/6/
	../.cache/pip/http-v2/2/7/
	../.cache/pip/http-v2/2/b/7/
	../.cache/pip/http-v2/2/b/c/
	../.cache/pip/http-v2/3/0/
	../.cache/pip/http-v2/3/1/
	../.cache/pip/http-v2/3/5/
	../.cache/pip/http-v2/3/7/
	../.cache/pip/http-v2/3/8/
	../.cache/pip/http-v2/3/d/
	../.cache/pip/http-v2/4/3/
	../.cache/pip/http-v2/4/4/
	../.cache/pip/http-v2/4/8/
	../.cache/pip/http-v2/4/f/
	../.cache/pip/http-v2/5/2/
	../.cache/pip/http-v2/5/6/
	../.cache/pip/http-v2/5/7/
	../.cache/pip/http-v2/5/a/
	../.cache/pip/http-v2/5/b/4/
	../.cache/pip/http-v2/5/c/
	../.cache/pip/http-v2/6/
	../.cache/pip/http-v2/7/4/
	../.cache/pip/http-v2/7/9/
	../.cache/pip/http-v2/7/e/
	../.cache/pip/http-v2/8/1/
	../.cache/pip/http-v2/8/6/
	../.cache/pip/http-v2/8/7/
	../.cache/pip/http-v2/8/8/7/
	../.cache/pip/http-v2/8/8/f/7/
	../.cache/pip/http-v2/8/9/
	../.cache/pip/http-v2/8/c/
	../.cache/pip/http-v2/8/d/7/
	../.cache/pip/http-v2/8/d/a/
	../.cache/pip/http-v2/8/e/
	../.cache/pip/http-v2/9/
	../.cache/pip/http-v2/a/0/
	../.cache/pip/http-v2/a/1/
	../.cache/pip/http-v2/a/2/
	../.cache/pip/http-v2/a/6/
	../.cache/pip/http-v2/a/7/
	../.cache/pip/http-v2/a/c/5/
	../.cache/pip/http-v2/b/
	../.cache/pip/http-v2/c/
	../.cache/pip/http-v2/d/
	../.cache/pip/http-v2/e/1/
	../.cache/pip/http-v2/e/2/
	../.cache/pip/http-v2/e/7/
	../.cache/pip/http-v2/e/c/
	../.cache/pip/http-v2/f/
	../.lesshst
	../EOF
	../GGTI_NODE/
	../GGTI_RECON/
	../downloads/

no changes added to commit (use "git add" and/or "git commit -a")
Everything up-to-date
[✔] GLOBAL NODE UPDATED.
[*] HEARTBEAT SYNC: 21:50:48 | LED: GREEN
[!] CHANGES DETECTED. INITIATING GLOBAL NODE SYNC...
On branch main
Your branch is up to date with 'origin/main'.

Changes not staged for commit:
  (use "git add/rm <file>..." to update what will be committed)
  (use "git restore <file>..." to discard changes in working directory)
	modified:   ../.bash_history
	modified:   ../.cache/pip/http-v2/4/b/e/0/7/4be07d3ac353e38d2c9e3a257cad36ee2a758fc88b4cd5f0d479a5a9
	modified:   ../.cache/pip/http-v2/8/b/2/4/2/8b24226e2da88df4abeee0d8ca6bce79b19ca2bcd5f94b543939c66c
	modified:   ../.cache/pip/http-v2/8/b/2/4/2/8b24226e2da88df4abeee0d8ca6bce79b19ca2bcd5f94b543939c66c.body
	modified:   ../.gitconfig
	deleted:    ../financial_ledger.md
	modified:   ../servicing_manifest.md

Untracked files:
  (use "git add <file>..." to include in what will be committed)
	../.bashrc
	../.cache/pip/http-v2/0/4/
	../.cache/pip/http-v2/0/5/
	../.cache/pip/http-v2/0/a/
	../.cache/pip/http-v2/0/b/
	../.cache/pip/http-v2/0/d/
	../.cache/pip/http-v2/1/4/
	../.cache/pip/http-v2/1/6/
	../.cache/pip/http-v2/1/7/
	../.cache/pip/http-v2/1/8/
	../.cache/pip/http-v2/1/a/
	../.cache/pip/http-v2/1/f/
	../.cache/pip/http-v2/2/3/
	../.cache/pip/http-v2/2/5/
	../.cache/pip/http-v2/2/6/
	../.cache/pip/http-v2/2/7/
	../.cache/pip/http-v2/2/b/7/
	../.cache/pip/http-v2/2/b/c/
	../.cache/pip/http-v2/3/0/
	../.cache/pip/http-v2/3/1/
	../.cache/pip/http-v2/3/5/
	../.cache/pip/http-v2/3/7/
	../.cache/pip/http-v2/3/8/
	../.cache/pip/http-v2/3/d/
	../.cache/pip/http-v2/4/3/
	../.cache/pip/http-v2/4/4/
	../.cache/pip/http-v2/4/8/
	../.cache/pip/http-v2/4/f/
	../.cache/pip/http-v2/5/2/
	../.cache/pip/http-v2/5/6/
	../.cache/pip/http-v2/5/7/
	../.cache/pip/http-v2/5/a/
	../.cache/pip/http-v2/5/b/4/
	../.cache/pip/http-v2/5/c/
	../.cache/pip/http-v2/6/
	../.cache/pip/http-v2/7/4/
	../.cache/pip/http-v2/7/9/
	../.cache/pip/http-v2/7/e/
	../.cache/pip/http-v2/8/1/
	../.cache/pip/http-v2/8/6/
	../.cache/pip/http-v2/8/7/
	../.cache/pip/http-v2/8/8/7/
	../.cache/pip/http-v2/8/8/f/7/
	../.cache/pip/http-v2/8/9/
	../.cache/pip/http-v2/8/c/
	../.cache/pip/http-v2/8/d/7/
	../.cache/pip/http-v2/8/d/a/
	../.cache/pip/http-v2/8/e/
	../.cache/pip/http-v2/9/
	../.cache/pip/http-v2/a/0/
	../.cache/pip/http-v2/a/1/
	../.cache/pip/http-v2/a/2/
	../.cache/pip/http-v2/a/6/
	../.cache/pip/http-v2/a/7/
	../.cache/pip/http-v2/a/c/5/
	../.cache/pip/http-v2/b/
	../.cache/pip/http-v2/c/
	../.cache/pip/http-v2/d/
	../.cache/pip/http-v2/e/1/
	../.cache/pip/http-v2/e/2/
	../.cache/pip/http-v2/e/7/
	../.cache/pip/http-v2/e/c/
	../.cache/pip/http-v2/f/
	../.lesshst
	../EOF
	../GGTI_NODE/
	../GGTI_RECON/
	../downloads/

no changes added to commit (use "git add" and/or "git commit -a")
Everything up-to-date
[✔] GLOBAL NODE UPDATED.
[*] HEARTBEAT SYNC: 21:50:58 | LED: GREEN
[!] CHANGES DETECTED. INITIATING GLOBAL NODE SYNC...
On branch main
Your branch is up to date with 'origin/main'.

Changes not staged for commit:
  (use "git add/rm <file>..." to update what will be committed)
  (use "git restore <file>..." to discard changes in working directory)
	modified:   ../.bash_history
	modified:   ../.cache/pip/http-v2/4/b/e/0/7/4be07d3ac353e38d2c9e3a257cad36ee2a758fc88b4cd5f0d479a5a9
	modified:   ../.cache/pip/http-v2/8/b/2/4/2/8b24226e2da88df4abeee0d8ca6bce79b19ca2bcd5f94b543939c66c
	modified:   ../.cache/pip/http-v2/8/b/2/4/2/8b24226e2da88df4abeee0d8ca6bce79b19ca2bcd5f94b543939c66c.body
	modified:   ../.gitconfig
	deleted:    ../financial_ledger.md
	modified:   ../servicing_manifest.md

Untracked files:
  (use "git add <file>..." to include in what will be committed)
	../.bashrc
	../.cache/pip/http-v2/0/4/
	../.cache/pip/http-v2/0/5/
	../.cache/pip/http-v2/0/a/
	../.cache/pip/http-v2/0/b/
	../.cache/pip/http-v2/0/d/
	../.cache/pip/http-v2/1/4/
	../.cache/pip/http-v2/1/6/
	../.cache/pip/http-v2/1/7/
	../.cache/pip/http-v2/1/8/
	../.cache/pip/http-v2/1/a/
	../.cache/pip/http-v2/1/f/
	../.cache/pip/http-v2/2/3/
	../.cache/pip/http-v2/2/5/
	../.cache/pip/http-v2/2/6/
	../.cache/pip/http-v2/2/7/
	../.cache/pip/http-v2/2/b/7/
	../.cache/pip/http-v2/2/b/c/
	../.cache/pip/http-v2/3/0/
	../.cache/pip/http-v2/3/1/
	../.cache/pip/http-v2/3/5/
	../.cache/pip/http-v2/3/7/
	../.cache/pip/http-v2/3/8/
	../.cache/pip/http-v2/3/d/
	../.cache/pip/http-v2/4/3/
	../.cache/pip/http-v2/4/4/
	../.cache/pip/http-v2/4/8/
	../.cache/pip/http-v2/4/f/
	../.cache/pip/http-v2/5/2/
	../.cache/pip/http-v2/5/6/
	../.cache/pip/http-v2/5/7/
	../.cache/pip/http-v2/5/a/
	../.cache/pip/http-v2/5/b/4/
	../.cache/pip/http-v2/5/c/
	../.cache/pip/http-v2/6/
	../.cache/pip/http-v2/7/4/
	../.cache/pip/http-v2/7/9/
	../.cache/pip/http-v2/7/e/
	../.cache/pip/http-v2/8/1/
	../.cache/pip/http-v2/8/6/
	../.cache/pip/http-v2/8/7/
	../.cache/pip/http-v2/8/8/7/
	../.cache/pip/http-v2/8/8/f/7/
	../.cache/pip/http-v2/8/9/
	../.cache/pip/http-v2/8/c/
	../.cache/pip/http-v2/8/d/7/
	../.cache/pip/http-v2/8/d/a/
	../.cache/pip/http-v2/8/e/
	../.cache/pip/http-v2/9/
	../.cache/pip/http-v2/a/0/
	../.cache/pip/http-v2/a/1/
	../.cache/pip/http-v2/a/2/
	../.cache/pip/http-v2/a/6/
	../.cache/pip/http-v2/a/7/
	../.cache/pip/http-v2/a/c/5/
	../.cache/pip/http-v2/b/
	../.cache/pip/http-v2/c/
	../.cache/pip/http-v2/d/
	../.cache/pip/http-v2/e/1/
	../.cache/pip/http-v2/e/2/
	../.cache/pip/http-v2/e/7/
	../.cache/pip/http-v2/e/c/
	../.cache/pip/http-v2/f/
	../.lesshst
	../EOF
	../GGTI_NODE/
	../GGTI_RECON/
	../downloads/

no changes added to commit (use "git add" and/or "git commit -a")
Everything up-to-date
[✔] GLOBAL NODE UPDATED.
[*] HEARTBEAT SYNC: 21:51:09 | LED: GREEN
[!] CHANGES DETECTED. INITIATING GLOBAL NODE SYNC...
On branch main
Your branch is up to date with 'origin/main'.

Changes not staged for commit:
  (use "git add/rm <file>..." to update what will be committed)
  (use "git restore <file>..." to discard changes in working directory)
	modified:   ../.bash_history
	modified:   ../.cache/pip/http-v2/4/b/e/0/7/4be07d3ac353e38d2c9e3a257cad36ee2a758fc88b4cd5f0d479a5a9
	modified:   ../.cache/pip/http-v2/8/b/2/4/2/8b24226e2da88df4abeee0d8ca6bce79b19ca2bcd5f94b543939c66c
	modified:   ../.cache/pip/http-v2/8/b/2/4/2/8b24226e2da88df4abeee0d8ca6bce79b19ca2bcd5f94b543939c66c.body
	modified:   ../.gitconfig
	deleted:    ../financial_ledger.md
	modified:   ../servicing_manifest.md

Untracked files:
  (use "git add <file>..." to include in what will be committed)
	../.bashrc
	../.cache/pip/http-v2/0/4/
	../.cache/pip/http-v2/0/5/
	../.cache/pip/http-v2/0/a/
	../.cache/pip/http-v2/0/b/
	../.cache/pip/http-v2/0/d/
	../.cache/pip/http-v2/1/4/
	../.cache/pip/http-v2/1/6/
	../.cache/pip/http-v2/1/7/
	../.cache/pip/http-v2/1/8/
	../.cache/pip/http-v2/1/a/
	../.cache/pip/http-v2/1/f/
	../.cache/pip/http-v2/2/3/
	../.cache/pip/http-v2/2/5/
	../.cache/pip/http-v2/2/6/
	../.cache/pip/http-v2/2/7/
	../.cache/pip/http-v2/2/b/7/
	../.cache/pip/http-v2/2/b/c/
	../.cache/pip/http-v2/3/0/
	../.cache/pip/http-v2/3/1/
	../.cache/pip/http-v2/3/5/
	../.cache/pip/http-v2/3/7/
	../.cache/pip/http-v2/3/8/
	../.cache/pip/http-v2/3/d/
	../.cache/pip/http-v2/4/3/
	../.cache/pip/http-v2/4/4/
	../.cache/pip/http-v2/4/8/
	../.cache/pip/http-v2/4/f/
	../.cache/pip/http-v2/5/2/
	../.cache/pip/http-v2/5/6/
	../.cache/pip/http-v2/5/7/
	../.cache/pip/http-v2/5/a/
	../.cache/pip/http-v2/5/b/4/
	../.cache/pip/http-v2/5/c/
	../.cache/pip/http-v2/6/
	../.cache/pip/http-v2/7/4/
	../.cache/pip/http-v2/7/9/
	../.cache/pip/http-v2/7/e/
	../.cache/pip/http-v2/8/1/
	../.cache/pip/http-v2/8/6/
	../.cache/pip/http-v2/8/7/
	../.cache/pip/http-v2/8/8/7/
	../.cache/pip/http-v2/8/8/f/7/
	../.cache/pip/http-v2/8/9/
	../.cache/pip/http-v2/8/c/
	../.cache/pip/http-v2/8/d/7/
	../.cache/pip/http-v2/8/d/a/
	../.cache/pip/http-v2/8/e/
	../.cache/pip/http-v2/9/
	../.cache/pip/http-v2/a/0/
	../.cache/pip/http-v2/a/1/
	../.cache/pip/http-v2/a/2/
	../.cache/pip/http-v2/a/6/
	../.cache/pip/http-v2/a/7/
	../.cache/pip/http-v2/a/c/5/
	../.cache/pip/http-v2/b/
	../.cache/pip/http-v2/c/
	../.cache/pip/http-v2/d/
	../.cache/pip/http-v2/e/1/
	../.cache/pip/http-v2/e/2/
	../.cache/pip/http-v2/e/7/
	../.cache/pip/http-v2/e/c/
	../.cache/pip/http-v2/f/
	../.lesshst
	../EOF
	../GGTI_NODE/
	../GGTI_RECON/
	../downloads/

no changes added to commit (use "git add" and/or "git commit -a")
Everything up-to-date
[✔] GLOBAL NODE UPDATED.
[*] HEARTBEAT SYNC: 21:51:20 | LED: GREEN
[!] CHANGES DETECTED. INITIATING GLOBAL NODE SYNC...
On branch main
Your branch is up to date with 'origin/main'.

Changes not staged for commit:
  (use "git add/rm <file>..." to update what will be committed)
  (use "git restore <file>..." to discard changes in working directory)
	modified:   ../.bash_history
	modified:   ../.cache/pip/http-v2/4/b/e/0/7/4be07d3ac353e38d2c9e3a257cad36ee2a758fc88b4cd5f0d479a5a9
	modified:   ../.cache/pip/http-v2/8/b/2/4/2/8b24226e2da88df4abeee0d8ca6bce79b19ca2bcd5f94b543939c66c
	modified:   ../.cache/pip/http-v2/8/b/2/4/2/8b24226e2da88df4abeee0d8ca6bce79b19ca2bcd5f94b543939c66c.body
	modified:   ../.gitconfig
	deleted:    ../financial_ledger.md
	modified:   ../servicing_manifest.md

Untracked files:
  (use "git add <file>..." to include in what will be committed)
	../.bashrc
	../.cache/pip/http-v2/0/4/
	../.cache/pip/http-v2/0/5/
	../.cache/pip/http-v2/0/a/
	../.cache/pip/http-v2/0/b/
	../.cache/pip/http-v2/0/d/
	../.cache/pip/http-v2/1/4/
	../.cache/pip/http-v2/1/6/
	../.cache/pip/http-v2/1/7/
	../.cache/pip/http-v2/1/8/
	../.cache/pip/http-v2/1/a/
	../.cache/pip/http-v2/1/f/
	../.cache/pip/http-v2/2/3/
	../.cache/pip/http-v2/2/5/
	../.cache/pip/http-v2/2/6/
	../.cache/pip/http-v2/2/7/
	../.cache/pip/http-v2/2/b/7/
	../.cache/pip/http-v2/2/b/c/
	../.cache/pip/http-v2/3/0/
	../.cache/pip/http-v2/3/1/
	../.cache/pip/http-v2/3/5/
	../.cache/pip/http-v2/3/7/
	../.cache/pip/http-v2/3/8/
	../.cache/pip/http-v2/3/d/
	../.cache/pip/http-v2/4/3/
	../.cache/pip/http-v2/4/4/
	../.cache/pip/http-v2/4/8/
	../.cache/pip/http-v2/4/f/
	../.cache/pip/http-v2/5/2/
	../.cache/pip/http-v2/5/6/
	../.cache/pip/http-v2/5/7/
	../.cache/pip/http-v2/5/a/
	../.cache/pip/http-v2/5/b/4/
	../.cache/pip/http-v2/5/c/
	../.cache/pip/http-v2/6/
	../.cache/pip/http-v2/7/4/
	../.cache/pip/http-v2/7/9/
	../.cache/pip/http-v2/7/e/
	../.cache/pip/http-v2/8/1/
	../.cache/pip/http-v2/8/6/
	../.cache/pip/http-v2/8/7/
	../.cache/pip/http-v2/8/8/7/
	../.cache/pip/http-v2/8/8/f/7/
	../.cache/pip/http-v2/8/9/
	../.cache/pip/http-v2/8/c/
	../.cache/pip/http-v2/8/d/7/
	../.cache/pip/http-v2/8/d/a/
	../.cache/pip/http-v2/8/e/
	../.cache/pip/http-v2/9/
	../.cache/pip/http-v2/a/0/
	../.cache/pip/http-v2/a/1/
	../.cache/pip/http-v2/a/2/
	../.cache/pip/http-v2/a/6/
	../.cache/pip/http-v2/a/7/
	../.cache/pip/http-v2/a/c/5/
	../.cache/pip/http-v2/b/
	../.cache/pip/http-v2/c/
	../.cache/pip/http-v2/d/
	../.cache/pip/http-v2/e/1/
	../.cache/pip/http-v2/e/2/
	../.cache/pip/http-v2/e/7/
	../.cache/pip/http-v2/e/c/
	../.cache/pip/http-v2/f/
	../.lesshst
	../EOF
	../GGTI_NODE/
	../GGTI_RECON/
	../downloads/

no changes added to commit (use "git add" and/or "git commit -a")
Everything up-to-date
[✔] GLOBAL NODE UPDATED.
[*] HEARTBEAT SYNC: 21:51:30 | LED: GREEN
[!] CHANGES DETECTED. INITIATING GLOBAL NODE SYNC...
On branch main
Your branch is up to date with 'origin/main'.

Changes not staged for commit:
  (use "git add/rm <file>..." to update what will be committed)
  (use "git restore <file>..." to discard changes in working directory)
	modified:   ../.bash_history
	modified:   ../.cache/pip/http-v2/4/b/e/0/7/4be07d3ac353e38d2c9e3a257cad36ee2a758fc88b4cd5f0d479a5a9
	modified:   ../.cache/pip/http-v2/8/b/2/4/2/8b24226e2da88df4abeee0d8ca6bce79b19ca2bcd5f94b543939c66c
	modified:   ../.cache/pip/http-v2/8/b/2/4/2/8b24226e2da88df4abeee0d8ca6bce79b19ca2bcd5f94b543939c66c.body
	modified:   ../.gitconfig
	deleted:    ../financial_ledger.md
	modified:   ../servicing_manifest.md

Untracked files:
  (use "git add <file>..." to include in what will be committed)
	../.bashrc
	../.cache/pip/http-v2/0/4/
	../.cache/pip/http-v2/0/5/
	../.cache/pip/http-v2/0/a/
	../.cache/pip/http-v2/0/b/
	../.cache/pip/http-v2/0/d/
	../.cache/pip/http-v2/1/4/
	../.cache/pip/http-v2/1/6/
	../.cache/pip/http-v2/1/7/
	../.cache/pip/http-v2/1/8/
	../.cache/pip/http-v2/1/a/
	../.cache/pip/http-v2/1/f/
	../.cache/pip/http-v2/2/3/
	../.cache/pip/http-v2/2/5/
	../.cache/pip/http-v2/2/6/
	../.cache/pip/http-v2/2/7/
	../.cache/pip/http-v2/2/b/7/
	../.cache/pip/http-v2/2/b/c/
	../.cache/pip/http-v2/3/0/
	../.cache/pip/http-v2/3/1/
	../.cache/pip/http-v2/3/5/
	../.cache/pip/http-v2/3/7/
	../.cache/pip/http-v2/3/8/
	../.cache/pip/http-v2/3/d/
	../.cache/pip/http-v2/4/3/
	../.cache/pip/http-v2/4/4/
	../.cache/pip/http-v2/4/8/
	../.cache/pip/http-v2/4/f/
	../.cache/pip/http-v2/5/2/
	../.cache/pip/http-v2/5/6/
	../.cache/pip/http-v2/5/7/
	../.cache/pip/http-v2/5/a/
	../.cache/pip/http-v2/5/b/4/
	../.cache/pip/http-v2/5/c/
	../.cache/pip/http-v2/6/
	../.cache/pip/http-v2/7/4/
	../.cache/pip/http-v2/7/9/
	../.cache/pip/http-v2/7/e/
	../.cache/pip/http-v2/8/1/
	../.cache/pip/http-v2/8/6/
	../.cache/pip/http-v2/8/7/
	../.cache/pip/http-v2/8/8/7/
	../.cache/pip/http-v2/8/8/f/7/
	../.cache/pip/http-v2/8/9/
	../.cache/pip/http-v2/8/c/
	../.cache/pip/http-v2/8/d/7/
	../.cache/pip/http-v2/8/d/a/
	../.cache/pip/http-v2/8/e/
	../.cache/pip/http-v2/9/
	../.cache/pip/http-v2/a/0/
	../.cache/pip/http-v2/a/1/
	../.cache/pip/http-v2/a/2/
	../.cache/pip/http-v2/a/6/
	../.cache/pip/http-v2/a/7/
	../.cache/pip/http-v2/a/c/5/
	../.cache/pip/http-v2/b/
	../.cache/pip/http-v2/c/
	../.cache/pip/http-v2/d/
	../.cache/pip/http-v2/e/1/
	../.cache/pip/http-v2/e/2/
	../.cache/pip/http-v2/e/7/
	../.cache/pip/http-v2/e/c/
	../.cache/pip/http-v2/f/
	../.lesshst
	../EOF
	../GGTI_NODE/
	../GGTI_RECON/
	../downloads/

no changes added to commit (use "git add" and/or "git commit -a")
Everything up-to-date
[✔] GLOBAL NODE UPDATED.
[*] HEARTBEAT SYNC: 21:51:41 | LED: GREEN
[!] CHANGES DETECTED. INITIATING GLOBAL NODE SYNC...
On branch main
Your branch is up to date with 'origin/main'.

Changes not staged for commit:
  (use "git add/rm <file>..." to update what will be committed)
  (use "git restore <file>..." to discard changes in working directory)
	modified:   ../.bash_history
	modified:   ../.cache/pip/http-v2/4/b/e/0/7/4be07d3ac353e38d2c9e3a257cad36ee2a758fc88b4cd5f0d479a5a9
	modified:   ../.cache/pip/http-v2/8/b/2/4/2/8b24226e2da88df4abeee0d8ca6bce79b19ca2bcd5f94b543939c66c
	modified:   ../.cache/pip/http-v2/8/b/2/4/2/8b24226e2da88df4abeee0d8ca6bce79b19ca2bcd5f94b543939c66c.body
	modified:   ../.gitconfig
	deleted:    ../financial_ledger.md
	modified:   ../servicing_manifest.md

Untracked files:
  (use "git add <file>..." to include in what will be committed)
	../.bashrc
	../.cache/pip/http-v2/0/4/
	../.cache/pip/http-v2/0/5/
	../.cache/pip/http-v2/0/a/
	../.cache/pip/http-v2/0/b/
	../.cache/pip/http-v2/0/d/
	../.cache/pip/http-v2/1/4/
	../.cache/pip/http-v2/1/6/
	../.cache/pip/http-v2/1/7/
	../.cache/pip/http-v2/1/8/
	../.cache/pip/http-v2/1/a/
	../.cache/pip/http-v2/1/f/
	../.cache/pip/http-v2/2/3/
	../.cache/pip/http-v2/2/5/
	../.cache/pip/http-v2/2/6/
	../.cache/pip/http-v2/2/7/
	../.cache/pip/http-v2/2/b/7/
	../.cache/pip/http-v2/2/b/c/
	../.cache/pip/http-v2/3/0/
	../.cache/pip/http-v2/3/1/
	../.cache/pip/http-v2/3/5/
	../.cache/pip/http-v2/3/7/
	../.cache/pip/http-v2/3/8/
	../.cache/pip/http-v2/3/d/
	../.cache/pip/http-v2/4/3/
	../.cache/pip/http-v2/4/4/
	../.cache/pip/http-v2/4/8/
	../.cache/pip/http-v2/4/f/
	../.cache/pip/http-v2/5/2/
	../.cache/pip/http-v2/5/6/
	../.cache/pip/http-v2/5/7/
	../.cache/pip/http-v2/5/a/
	../.cache/pip/http-v2/5/b/4/
	../.cache/pip/http-v2/5/c/
	../.cache/pip/http-v2/6/
	../.cache/pip/http-v2/7/4/
	../.cache/pip/http-v2/7/9/
	../.cache/pip/http-v2/7/e/
	../.cache/pip/http-v2/8/1/
	../.cache/pip/http-v2/8/6/
	../.cache/pip/http-v2/8/7/
	../.cache/pip/http-v2/8/8/7/
	../.cache/pip/http-v2/8/8/f/7/
	../.cache/pip/http-v2/8/9/
	../.cache/pip/http-v2/8/c/
	../.cache/pip/http-v2/8/d/7/
	../.cache/pip/http-v2/8/d/a/
	../.cache/pip/http-v2/8/e/
	../.cache/pip/http-v2/9/
	../.cache/pip/http-v2/a/0/
	../.cache/pip/http-v2/a/1/
	../.cache/pip/http-v2/a/2/
	../.cache/pip/http-v2/a/6/
	../.cache/pip/http-v2/a/7/
	../.cache/pip/http-v2/a/c/5/
	../.cache/pip/http-v2/b/
	../.cache/pip/http-v2/c/
	../.cache/pip/http-v2/d/
	../.cache/pip/http-v2/e/1/
	../.cache/pip/http-v2/e/2/
	../.cache/pip/http-v2/e/7/
	../.cache/pip/http-v2/e/c/
	../.cache/pip/http-v2/f/
	../.lesshst
	../EOF
	../GGTI_NODE/
	../GGTI_RECON/
	../downloads/

no changes added to commit (use "git add" and/or "git commit -a")
Everything up-to-date
[✔] GLOBAL NODE UPDATED.
[*] HEARTBEAT SYNC: 21:51:51 | LED: GREEN
[!] CHANGES DETECTED. INITIATING GLOBAL NODE SYNC...
On branch main
Your branch is up to date with 'origin/main'.

Changes not staged for commit:
  (use "git add/rm <file>..." to update what will be committed)
  (use "git restore <file>..." to discard changes in working directory)
	modified:   ../.bash_history
	modified:   ../.cache/pip/http-v2/4/b/e/0/7/4be07d3ac353e38d2c9e3a257cad36ee2a758fc88b4cd5f0d479a5a9
	modified:   ../.cache/pip/http-v2/8/b/2/4/2/8b24226e2da88df4abeee0d8ca6bce79b19ca2bcd5f94b543939c66c
	modified:   ../.cache/pip/http-v2/8/b/2/4/2/8b24226e2da88df4abeee0d8ca6bce79b19ca2bcd5f94b543939c66c.body
	modified:   ../.gitconfig
	deleted:    ../financial_ledger.md
	modified:   ../servicing_manifest.md

Untracked files:
  (use "git add <file>..." to include in what will be committed)
	../.bashrc
	../.cache/pip/http-v2/0/4/
	../.cache/pip/http-v2/0/5/
	../.cache/pip/http-v2/0/a/
	../.cache/pip/http-v2/0/b/
	../.cache/pip/http-v2/0/d/
	../.cache/pip/http-v2/1/4/
	../.cache/pip/http-v2/1/6/
	../.cache/pip/http-v2/1/7/
	../.cache/pip/http-v2/1/8/
	../.cache/pip/http-v2/1/a/
	../.cache/pip/http-v2/1/f/
	../.cache/pip/http-v2/2/3/
	../.cache/pip/http-v2/2/5/
	../.cache/pip/http-v2/2/6/
	../.cache/pip/http-v2/2/7/
	../.cache/pip/http-v2/2/b/7/
	../.cache/pip/http-v2/2/b/c/
	../.cache/pip/http-v2/3/0/
	../.cache/pip/http-v2/3/1/
	../.cache/pip/http-v2/3/5/
	../.cache/pip/http-v2/3/7/
	../.cache/pip/http-v2/3/8/
	../.cache/pip/http-v2/3/d/
	../.cache/pip/http-v2/4/3/
	../.cache/pip/http-v2/4/4/
	../.cache/pip/http-v2/4/8/
	../.cache/pip/http-v2/4/f/
	../.cache/pip/http-v2/5/2/
	../.cache/pip/http-v2/5/6/
	../.cache/pip/http-v2/5/7/
	../.cache/pip/http-v2/5/a/
	../.cache/pip/http-v2/5/b/4/
	../.cache/pip/http-v2/5/c/
	../.cache/pip/http-v2/6/
	../.cache/pip/http-v2/7/4/
	../.cache/pip/http-v2/7/9/
	../.cache/pip/http-v2/7/e/
	../.cache/pip/http-v2/8/1/
	../.cache/pip/http-v2/8/6/
	../.cache/pip/http-v2/8/7/
	../.cache/pip/http-v2/8/8/7/
	../.cache/pip/http-v2/8/8/f/7/
	../.cache/pip/http-v2/8/9/
	../.cache/pip/http-v2/8/c/
	../.cache/pip/http-v2/8/d/7/
	../.cache/pip/http-v2/8/d/a/
	../.cache/pip/http-v2/8/e/
	../.cache/pip/http-v2/9/
	../.cache/pip/http-v2/a/0/
	../.cache/pip/http-v2/a/1/
	../.cache/pip/http-v2/a/2/
	../.cache/pip/http-v2/a/6/
	../.cache/pip/http-v2/a/7/
	../.cache/pip/http-v2/a/c/5/
	../.cache/pip/http-v2/b/
	../.cache/pip/http-v2/c/
	../.cache/pip/http-v2/d/
	../.cache/pip/http-v2/e/1/
	../.cache/pip/http-v2/e/2/
	../.cache/pip/http-v2/e/7/
	../.cache/pip/http-v2/e/c/
	../.cache/pip/http-v2/f/
	../.lesshst
	../EOF
	../GGTI_NODE/
	../GGTI_RECON/
	../downloads/

no changes added to commit (use "git add" and/or "git commit -a")
Everything up-to-date
[✔] GLOBAL NODE UPDATED.
[*] HEARTBEAT SYNC: 21:52:02 | LED: GREEN
[!] CHANGES DETECTED. INITIATING GLOBAL NODE SYNC...
On branch main
Your branch is up to date with 'origin/main'.

Changes not staged for commit:
  (use "git add/rm <file>..." to update what will be committed)
  (use "git restore <file>..." to discard changes in working directory)
	modified:   ../.bash_history
	modified:   ../.cache/pip/http-v2/4/b/e/0/7/4be07d3ac353e38d2c9e3a257cad36ee2a758fc88b4cd5f0d479a5a9
	modified:   ../.cache/pip/http-v2/8/b/2/4/2/8b24226e2da88df4abeee0d8ca6bce79b19ca2bcd5f94b543939c66c
	modified:   ../.cache/pip/http-v2/8/b/2/4/2/8b24226e2da88df4abeee0d8ca6bce79b19ca2bcd5f94b543939c66c.body
	modified:   ../.gitconfig
	deleted:    ../financial_ledger.md
	modified:   ../servicing_manifest.md

Untracked files:
  (use "git add <file>..." to include in what will be committed)
	../.bashrc
	../.cache/pip/http-v2/0/4/
	../.cache/pip/http-v2/0/5/
	../.cache/pip/http-v2/0/a/
	../.cache/pip/http-v2/0/b/
	../.cache/pip/http-v2/0/d/
	../.cache/pip/http-v2/1/4/
	../.cache/pip/http-v2/1/6/
	../.cache/pip/http-v2/1/7/
	../.cache/pip/http-v2/1/8/
	../.cache/pip/http-v2/1/a/
	../.cache/pip/http-v2/1/f/
	../.cache/pip/http-v2/2/3/
	../.cache/pip/http-v2/2/5/
	../.cache/pip/http-v2/2/6/
	../.cache/pip/http-v2/2/7/
	../.cache/pip/http-v2/2/b/7/
	../.cache/pip/http-v2/2/b/c/
	../.cache/pip/http-v2/3/0/
	../.cache/pip/http-v2/3/1/
	../.cache/pip/http-v2/3/5/
	../.cache/pip/http-v2/3/7/
	../.cache/pip/http-v2/3/8/
	../.cache/pip/http-v2/3/d/
	../.cache/pip/http-v2/4/3/
	../.cache/pip/http-v2/4/4/
	../.cache/pip/http-v2/4/8/
	../.cache/pip/http-v2/4/f/
	../.cache/pip/http-v2/5/2/
	../.cache/pip/http-v2/5/6/
	../.cache/pip/http-v2/5/7/
	../.cache/pip/http-v2/5/a/
	../.cache/pip/http-v2/5/b/4/
	../.cache/pip/http-v2/5/c/
	../.cache/pip/http-v2/6/
	../.cache/pip/http-v2/7/4/
	../.cache/pip/http-v2/7/9/
	../.cache/pip/http-v2/7/e/
	../.cache/pip/http-v2/8/1/
	../.cache/pip/http-v2/8/6/
	../.cache/pip/http-v2/8/7/
	../.cache/pip/http-v2/8/8/7/
	../.cache/pip/http-v2/8/8/f/7/
	../.cache/pip/http-v2/8/9/
	../.cache/pip/http-v2/8/c/
	../.cache/pip/http-v2/8/d/7/
	../.cache/pip/http-v2/8/d/a/
	../.cache/pip/http-v2/8/e/
	../.cache/pip/http-v2/9/
	../.cache/pip/http-v2/a/0/
	../.cache/pip/http-v2/a/1/
	../.cache/pip/http-v2/a/2/
	../.cache/pip/http-v2/a/6/
	../.cache/pip/http-v2/a/7/
	../.cache/pip/http-v2/a/c/5/
	../.cache/pip/http-v2/b/
	../.cache/pip/http-v2/c/
	../.cache/pip/http-v2/d/
	../.cache/pip/http-v2/e/1/
	../.cache/pip/http-v2/e/2/
	../.cache/pip/http-v2/e/7/
	../.cache/pip/http-v2/e/c/
	../.cache/pip/http-v2/f/
	../.lesshst
	../EOF
	../GGTI_NODE/
	../GGTI_RECON/
	../downloads/

no changes added to commit (use "git add" and/or "git commit -a")
Everything up-to-date
[✔] GLOBAL NODE UPDATED.
[*] HEARTBEAT SYNC: 21:52:12 | LED: GREEN
[!] CHANGES DETECTED. INITIATING GLOBAL NODE SYNC...
[main 3ee6e2e] GGTI_AUTO_SYNC: 2026-05-11 21:52:12
 1 file changed, 2 insertions(+), 1 deletion(-)
To https://github.com/delonbouler617-main/Jackson-Node.git
   5b4d42c..3ee6e2e  main -> main
[✔] GLOBAL NODE UPDATED.
[*] HEARTBEAT SYNC: 21:52:23 | LED: GREEN
[!] CHANGES DETECTED. INITIATING GLOBAL NODE SYNC...
On branch main
Your branch is up to date with 'origin/main'.

Changes not staged for commit:
  (use "git add/rm <file>..." to update what will be committed)
  (use "git restore <file>..." to discard changes in working directory)
	modified:   ../.bash_history
	modified:   ../.cache/pip/http-v2/4/b/e/0/7/4be07d3ac353e38d2c9e3a257cad36ee2a758fc88b4cd5f0d479a5a9
	modified:   ../.cache/pip/http-v2/8/b/2/4/2/8b24226e2da88df4abeee0d8ca6bce79b19ca2bcd5f94b543939c66c
	modified:   ../.cache/pip/http-v2/8/b/2/4/2/8b24226e2da88df4abeee0d8ca6bce79b19ca2bcd5f94b543939c66c.body
	modified:   ../.gitconfig
	deleted:    ../financial_ledger.md
	modified:   ../servicing_manifest.md

Untracked files:
  (use "git add <file>..." to include in what will be committed)
	../.bashrc
	../.cache/pip/http-v2/0/4/
	../.cache/pip/http-v2/0/5/
	../.cache/pip/http-v2/0/a/
	../.cache/pip/http-v2/0/b/
	../.cache/pip/http-v2/0/d/
	../.cache/pip/http-v2/1/4/
	../.cache/pip/http-v2/1/6/
	../.cache/pip/http-v2/1/7/
	../.cache/pip/http-v2/1/8/
	../.cache/pip/http-v2/1/a/
	../.cache/pip/http-v2/1/f/
	../.cache/pip/http-v2/2/3/
	../.cache/pip/http-v2/2/5/
	../.cache/pip/http-v2/2/6/
	../.cache/pip/http-v2/2/7/
	../.cache/pip/http-v2/2/b/7/
	../.cache/pip/http-v2/2/b/c/
	../.cache/pip/http-v2/3/0/
	../.cache/pip/http-v2/3/1/
	../.cache/pip/http-v2/3/5/
	../.cache/pip/http-v2/3/7/
	../.cache/pip/http-v2/3/8/
	../.cache/pip/http-v2/3/d/
	../.cache/pip/http-v2/4/3/
	../.cache/pip/http-v2/4/4/
	../.cache/pip/http-v2/4/8/
	../.cache/pip/http-v2/4/f/
	../.cache/pip/http-v2/5/2/
	../.cache/pip/http-v2/5/6/
	../.cache/pip/http-v2/5/7/
	../.cache/pip/http-v2/5/a/
	../.cache/pip/http-v2/5/b/4/
	../.cache/pip/http-v2/5/c/
	../.cache/pip/http-v2/6/
	../.cache/pip/http-v2/7/4/
	../.cache/pip/http-v2/7/9/
	../.cache/pip/http-v2/7/e/
	../.cache/pip/http-v2/8/1/
	../.cache/pip/http-v2/8/6/
	../.cache/pip/http-v2/8/7/
	../.cache/pip/http-v2/8/8/7/
	../.cache/pip/http-v2/8/8/f/7/
	../.cache/pip/http-v2/8/9/
	../.cache/pip/http-v2/8/c/
	../.cache/pip/http-v2/8/d/7/
	../.cache/pip/http-v2/8/d/a/
	../.cache/pip/http-v2/8/e/
	../.cache/pip/http-v2/9/
	../.cache/pip/http-v2/a/0/
	../.cache/pip/http-v2/a/1/
	../.cache/pip/http-v2/a/2/
	../.cache/pip/http-v2/a/6/
	../.cache/pip/http-v2/a/7/
	../.cache/pip/http-v2/a/c/5/
	../.cache/pip/http-v2/b/
	../.cache/pip/http-v2/c/
	../.cache/pip/http-v2/d/
	../.cache/pip/http-v2/e/1/
	../.cache/pip/http-v2/e/2/
	../.cache/pip/http-v2/e/7/
	../.cache/pip/http-v2/e/c/
	../.cache/pip/http-v2/f/
	../.lesshst
	../GGTI_NODE/
	../GGTI_RECON/
	../downloads/

no changes added to commit (use "git add" and/or "git commit -a")
Everything up-to-date
[✔] GLOBAL NODE UPDATED.
[*] HEARTBEAT SYNC: 21:52:34 | LED: GREEN
[!] CHANGES DETECTED. INITIATING GLOBAL NODE SYNC...
On branch main
Your branch is up to date with 'origin/main'.

Changes not staged for commit:
  (use "git add/rm <file>..." to update what will be committed)
  (use "git restore <file>..." to discard changes in working directory)
	modified:   ../.bash_history
	modified:   ../.cache/pip/http-v2/4/b/e/0/7/4be07d3ac353e38d2c9e3a257cad36ee2a758fc88b4cd5f0d479a5a9
	modified:   ../.cache/pip/http-v2/8/b/2/4/2/8b24226e2da88df4abeee0d8ca6bce79b19ca2bcd5f94b543939c66c
	modified:   ../.cache/pip/http-v2/8/b/2/4/2/8b24226e2da88df4abeee0d8ca6bce79b19ca2bcd5f94b543939c66c.body
	modified:   ../.gitconfig
	deleted:    ../financial_ledger.md
	modified:   ../servicing_manifest.md

Untracked files:
  (use "git add <file>..." to include in what will be committed)
	../.bashrc
	../.cache/pip/http-v2/0/4/
	../.cache/pip/http-v2/0/5/
	../.cache/pip/http-v2/0/a/
	../.cache/pip/http-v2/0/b/
	../.cache/pip/http-v2/0/d/
	../.cache/pip/http-v2/1/4/
	../.cache/pip/http-v2/1/6/
	../.cache/pip/http-v2/1/7/
	../.cache/pip/http-v2/1/8/
	../.cache/pip/http-v2/1/a/
	../.cache/pip/http-v2/1/f/
	../.cache/pip/http-v2/2/3/
	../.cache/pip/http-v2/2/5/
	../.cache/pip/http-v2/2/6/
	../.cache/pip/http-v2/2/7/
	../.cache/pip/http-v2/2/b/7/
	../.cache/pip/http-v2/2/b/c/
	../.cache/pip/http-v2/3/0/
	../.cache/pip/http-v2/3/1/
	../.cache/pip/http-v2/3/5/
	../.cache/pip/http-v2/3/7/
	../.cache/pip/http-v2/3/8/
	../.cache/pip/http-v2/3/d/
	../.cache/pip/http-v2/4/3/
	../.cache/pip/http-v2/4/4/
	../.cache/pip/http-v2/4/8/
	../.cache/pip/http-v2/4/f/
	../.cache/pip/http-v2/5/2/
	../.cache/pip/http-v2/5/6/
	../.cache/pip/http-v2/5/7/
	../.cache/pip/http-v2/5/a/
	../.cache/pip/http-v2/5/b/4/
	../.cache/pip/http-v2/5/c/
	../.cache/pip/http-v2/6/
	../.cache/pip/http-v2/7/4/
	../.cache/pip/http-v2/7/9/
	../.cache/pip/http-v2/7/e/
	../.cache/pip/http-v2/8/1/
	../.cache/pip/http-v2/8/6/
	../.cache/pip/http-v2/8/7/
	../.cache/pip/http-v2/8/8/7/
	../.cache/pip/http-v2/8/8/f/7/
	../.cache/pip/http-v2/8/9/
	../.cache/pip/http-v2/8/c/
	../.cache/pip/http-v2/8/d/7/
	../.cache/pip/http-v2/8/d/a/
	../.cache/pip/http-v2/8/e/
	../.cache/pip/http-v2/9/
	../.cache/pip/http-v2/a/0/
	../.cache/pip/http-v2/a/1/
	../.cache/pip/http-v2/a/2/
	../.cache/pip/http-v2/a/6/
	../.cache/pip/http-v2/a/7/
	../.cache/pip/http-v2/a/c/5/
	../.cache/pip/http-v2/b/
	../.cache/pip/http-v2/c/
	../.cache/pip/http-v2/d/
	../.cache/pip/http-v2/e/1/
	../.cache/pip/http-v2/e/2/
	../.cache/pip/http-v2/e/7/
	../.cache/pip/http-v2/e/c/
	../.cache/pip/http-v2/f/
	../.lesshst
	../GGTI_NODE/
	../GGTI_RECON/
	../downloads/

no changes added to commit (use "git add" and/or "git commit -a")
Everything up-to-date
[✔] GLOBAL NODE UPDATED.
[*] HEARTBEAT SYNC: 21:52:45 | LED: GREEN
[!] CHANGES DETECTED. INITIATING GLOBAL NODE SYNC...
On branch main
Your branch is up to date with 'origin/main'.

Changes not staged for commit:
  (use "git add/rm <file>..." to update what will be committed)
  (use "git restore <file>..." to discard changes in working directory)
	modified:   ../.bash_history
	modified:   ../.cache/pip/http-v2/4/b/e/0/7/4be07d3ac353e38d2c9e3a257cad36ee2a758fc88b4cd5f0d479a5a9
	modified:   ../.cache/pip/http-v2/8/b/2/4/2/8b24226e2da88df4abeee0d8ca6bce79b19ca2bcd5f94b543939c66c
	modified:   ../.cache/pip/http-v2/8/b/2/4/2/8b24226e2da88df4abeee0d8ca6bce79b19ca2bcd5f94b543939c66c.body
	modified:   ../.gitconfig
	deleted:    ../financial_ledger.md
	modified:   ../servicing_manifest.md

Untracked files:
  (use "git add <file>..." to include in what will be committed)
	../.bashrc
	../.cache/pip/http-v2/0/4/
	../.cache/pip/http-v2/0/5/
	../.cache/pip/http-v2/0/a/
	../.cache/pip/http-v2/0/b/
	../.cache/pip/http-v2/0/d/
	../.cache/pip/http-v2/1/4/
	../.cache/pip/http-v2/1/6/
	../.cache/pip/http-v2/1/7/
	../.cache/pip/http-v2/1/8/
	../.cache/pip/http-v2/1/a/
	../.cache/pip/http-v2/1/f/
	../.cache/pip/http-v2/2/3/
	../.cache/pip/http-v2/2/5/
	../.cache/pip/http-v2/2/6/
	../.cache/pip/http-v2/2/7/
	../.cache/pip/http-v2/2/b/7/
	../.cache/pip/http-v2/2/b/c/
	../.cache/pip/http-v2/3/0/
	../.cache/pip/http-v2/3/1/
	../.cache/pip/http-v2/3/5/
	../.cache/pip/http-v2/3/7/
	../.cache/pip/http-v2/3/8/
	../.cache/pip/http-v2/3/d/
	../.cache/pip/http-v2/4/3/
	../.cache/pip/http-v2/4/4/
	../.cache/pip/http-v2/4/8/
	../.cache/pip/http-v2/4/f/
	../.cache/pip/http-v2/5/2/
	../.cache/pip/http-v2/5/6/
	../.cache/pip/http-v2/5/7/
	../.cache/pip/http-v2/5/a/
	../.cache/pip/http-v2/5/b/4/
	../.cache/pip/http-v2/5/c/
	../.cache/pip/http-v2/6/
	../.cache/pip/http-v2/7/4/
	../.cache/pip/http-v2/7/9/
	../.cache/pip/http-v2/7/e/
	../.cache/pip/http-v2/8/1/
	../.cache/pip/http-v2/8/6/
	../.cache/pip/http-v2/8/7/
	../.cache/pip/http-v2/8/8/7/
	../.cache/pip/http-v2/8/8/f/7/
	../.cache/pip/http-v2/8/9/
	../.cache/pip/http-v2/8/c/
	../.cache/pip/http-v2/8/d/7/
	../.cache/pip/http-v2/8/d/a/
	../.cache/pip/http-v2/8/e/
	../.cache/pip/http-v2/9/
	../.cache/pip/http-v2/a/0/
	../.cache/pip/http-v2/a/1/
	../.cache/pip/http-v2/a/2/
	../.cache/pip/http-v2/a/6/
	../.cache/pip/http-v2/a/7/
	../.cache/pip/http-v2/a/c/5/
	../.cache/pip/http-v2/b/
	../.cache/pip/http-v2/c/
	../.cache/pip/http-v2/d/
	../.cache/pip/http-v2/e/1/
	../.cache/pip/http-v2/e/2/
	../.cache/pip/http-v2/e/7/
	../.cache/pip/http-v2/e/c/
	../.cache/pip/http-v2/f/
	../.lesshst
	../GGTI_NODE/
	../GGTI_RECON/
	../downloads/

no changes added to commit (use "git add" and/or "git commit -a")
Everything up-to-date
[✔] GLOBAL NODE UPDATED.
[*] HEARTBEAT SYNC: 21:52:56 | LED: GREEN
[!] CHANGES DETECTED. INITIATING GLOBAL NODE SYNC...
On branch main
Your branch is up to date with 'origin/main'.

Changes not staged for commit:
  (use "git add/rm <file>..." to update what will be committed)
  (use "git restore <file>..." to discard changes in working directory)
	modified:   ../.bash_history
	modified:   ../.cache/pip/http-v2/4/b/e/0/7/4be07d3ac353e38d2c9e3a257cad36ee2a758fc88b4cd5f0d479a5a9
	modified:   ../.cache/pip/http-v2/8/b/2/4/2/8b24226e2da88df4abeee0d8ca6bce79b19ca2bcd5f94b543939c66c
	modified:   ../.cache/pip/http-v2/8/b/2/4/2/8b24226e2da88df4abeee0d8ca6bce79b19ca2bcd5f94b543939c66c.body
	modified:   ../.gitconfig
	deleted:    ../financial_ledger.md
	modified:   ../servicing_manifest.md

Untracked files:
  (use "git add <file>..." to include in what will be committed)
	../.bashrc
	../.cache/pip/http-v2/0/4/
	../.cache/pip/http-v2/0/5/
	../.cache/pip/http-v2/0/a/
	../.cache/pip/http-v2/0/b/
	../.cache/pip/http-v2/0/d/
	../.cache/pip/http-v2/1/4/
	../.cache/pip/http-v2/1/6/
	../.cache/pip/http-v2/1/7/
	../.cache/pip/http-v2/1/8/
	../.cache/pip/http-v2/1/a/
	../.cache/pip/http-v2/1/f/
	../.cache/pip/http-v2/2/3/
	../.cache/pip/http-v2/2/5/
	../.cache/pip/http-v2/2/6/
	../.cache/pip/http-v2/2/7/
	../.cache/pip/http-v2/2/b/7/
	../.cache/pip/http-v2/2/b/c/
	../.cache/pip/http-v2/3/0/
	../.cache/pip/http-v2/3/1/
	../.cache/pip/http-v2/3/5/
	../.cache/pip/http-v2/3/7/
	../.cache/pip/http-v2/3/8/
	../.cache/pip/http-v2/3/d/
	../.cache/pip/http-v2/4/3/
	../.cache/pip/http-v2/4/4/
	../.cache/pip/http-v2/4/8/
	../.cache/pip/http-v2/4/f/
	../.cache/pip/http-v2/5/2/
	../.cache/pip/http-v2/5/6/
	../.cache/pip/http-v2/5/7/
	../.cache/pip/http-v2/5/a/
	../.cache/pip/http-v2/5/b/4/
	../.cache/pip/http-v2/5/c/
	../.cache/pip/http-v2/6/
	../.cache/pip/http-v2/7/4/
	../.cache/pip/http-v2/7/9/
	../.cache/pip/http-v2/7/e/
	../.cache/pip/http-v2/8/1/
	../.cache/pip/http-v2/8/6/
	../.cache/pip/http-v2/8/7/
	../.cache/pip/http-v2/8/8/7/
	../.cache/pip/http-v2/8/8/f/7/
	../.cache/pip/http-v2/8/9/
	../.cache/pip/http-v2/8/c/
	../.cache/pip/http-v2/8/d/7/
	../.cache/pip/http-v2/8/d/a/
	../.cache/pip/http-v2/8/e/
	../.cache/pip/http-v2/9/
	../.cache/pip/http-v2/a/0/
	../.cache/pip/http-v2/a/1/
	../.cache/pip/http-v2/a/2/
	../.cache/pip/http-v2/a/6/
	../.cache/pip/http-v2/a/7/
	../.cache/pip/http-v2/a/c/5/
	../.cache/pip/http-v2/b/
	../.cache/pip/http-v2/c/
	../.cache/pip/http-v2/d/
	../.cache/pip/http-v2/e/1/
	../.cache/pip/http-v2/e/2/
	../.cache/pip/http-v2/e/7/
	../.cache/pip/http-v2/e/c/
	../.cache/pip/http-v2/f/
	../.lesshst
	../GGTI_NODE/
	../GGTI_RECON/
	../downloads/

no changes added to commit (use "git add" and/or "git commit -a")
Everything up-to-date
[✔] GLOBAL NODE UPDATED.
[*] HEARTBEAT SYNC: 21:53:06 | LED: GREEN
[!] CHANGES DETECTED. INITIATING GLOBAL NODE SYNC...
On branch main
Your branch is up to date with 'origin/main'.

Changes not staged for commit:
  (use "git add/rm <file>..." to update what will be committed)
  (use "git restore <file>..." to discard changes in working directory)
	modified:   ../.bash_history
	modified:   ../.cache/pip/http-v2/4/b/e/0/7/4be07d3ac353e38d2c9e3a257cad36ee2a758fc88b4cd5f0d479a5a9
	modified:   ../.cache/pip/http-v2/8/b/2/4/2/8b24226e2da88df4abeee0d8ca6bce79b19ca2bcd5f94b543939c66c
	modified:   ../.cache/pip/http-v2/8/b/2/4/2/8b24226e2da88df4abeee0d8ca6bce79b19ca2bcd5f94b543939c66c.body
	modified:   ../.gitconfig
	deleted:    ../financial_ledger.md
	modified:   ../servicing_manifest.md

Untracked files:
  (use "git add <file>..." to include in what will be committed)
	../.bashrc
	../.cache/pip/http-v2/0/4/
	../.cache/pip/http-v2/0/5/
	../.cache/pip/http-v2/0/a/
	../.cache/pip/http-v2/0/b/
	../.cache/pip/http-v2/0/d/
	../.cache/pip/http-v2/1/4/
	../.cache/pip/http-v2/1/6/
	../.cache/pip/http-v2/1/7/
	../.cache/pip/http-v2/1/8/
	../.cache/pip/http-v2/1/a/
	../.cache/pip/http-v2/1/f/
	../.cache/pip/http-v2/2/3/
	../.cache/pip/http-v2/2/5/
	../.cache/pip/http-v2/2/6/
	../.cache/pip/http-v2/2/7/
	../.cache/pip/http-v2/2/b/7/
	../.cache/pip/http-v2/2/b/c/
	../.cache/pip/http-v2/3/0/
	../.cache/pip/http-v2/3/1/
	../.cache/pip/http-v2/3/5/
	../.cache/pip/http-v2/3/7/
	../.cache/pip/http-v2/3/8/
	../.cache/pip/http-v2/3/d/
	../.cache/pip/http-v2/4/3/
	../.cache/pip/http-v2/4/4/
	../.cache/pip/http-v2/4/8/
	../.cache/pip/http-v2/4/f/
	../.cache/pip/http-v2/5/2/
	../.cache/pip/http-v2/5/6/
	../.cache/pip/http-v2/5/7/
	../.cache/pip/http-v2/5/a/
	../.cache/pip/http-v2/5/b/4/
	../.cache/pip/http-v2/5/c/
	../.cache/pip/http-v2/6/
	../.cache/pip/http-v2/7/4/
	../.cache/pip/http-v2/7/9/
	../.cache/pip/http-v2/7/e/
	../.cache/pip/http-v2/8/1/
	../.cache/pip/http-v2/8/6/
	../.cache/pip/http-v2/8/7/
	../.cache/pip/http-v2/8/8/7/
	../.cache/pip/http-v2/8/8/f/7/
	../.cache/pip/http-v2/8/9/
	../.cache/pip/http-v2/8/c/
	../.cache/pip/http-v2/8/d/7/
	../.cache/pip/http-v2/8/d/a/
	../.cache/pip/http-v2/8/e/
	../.cache/pip/http-v2/9/
	../.cache/pip/http-v2/a/0/
	../.cache/pip/http-v2/a/1/
	../.cache/pip/http-v2/a/2/
	../.cache/pip/http-v2/a/6/
	../.cache/pip/http-v2/a/7/
	../.cache/pip/http-v2/a/c/5/
	../.cache/pip/http-v2/b/
	../.cache/pip/http-v2/c/
	../.cache/pip/http-v2/d/
	../.cache/pip/http-v2/e/1/
	../.cache/pip/http-v2/e/2/
	../.cache/pip/http-v2/e/7/
	../.cache/pip/http-v2/e/c/
	../.cache/pip/http-v2/f/
	../.lesshst
	../GGTI_NODE/
	../GGTI_RECON/
	../downloads/

no changes added to commit (use "git add" and/or "git commit -a")
Everything up-to-date
[✔] GLOBAL NODE UPDATED.
[*] HEARTBEAT SYNC: 21:53:17 | LED: GREEN
[!] CHANGES DETECTED. INITIATING GLOBAL NODE SYNC...
fatal: Unable to create '/data/data/com.termux/files/home/.git/index.lock': File exists.

Another git process seems to be running in this repository, or the lock file may be stale
On branch main
Your branch is up to date with 'origin/main'.

Changes not staged for commit:
  (use "git add/rm <file>..." to update what will be committed)
  (use "git restore <file>..." to discard changes in working directory)
	modified:   ../.bash_history
	modified:   ../.cache/pip/http-v2/4/b/e/0/7/4be07d3ac353e38d2c9e3a257cad36ee2a758fc88b4cd5f0d479a5a9
	modified:   ../.cache/pip/http-v2/8/b/2/4/2/8b24226e2da88df4abeee0d8ca6bce79b19ca2bcd5f94b543939c66c
	modified:   ../.cache/pip/http-v2/8/b/2/4/2/8b24226e2da88df4abeee0d8ca6bce79b19ca2bcd5f94b543939c66c.body
	modified:   ../.gitconfig
	deleted:    ../financial_ledger.md
	modified:   ../servicing_manifest.md

Untracked files:
  (use "git add <file>..." to include in what will be committed)
	../.bashrc
	../.cache/pip/http-v2/0/4/
	../.cache/pip/http-v2/0/5/
	../.cache/pip/http-v2/0/a/
	../.cache/pip/http-v2/0/b/
	../.cache/pip/http-v2/0/d/
	../.cache/pip/http-v2/1/4/
	../.cache/pip/http-v2/1/6/
	../.cache/pip/http-v2/1/7/
	../.cache/pip/http-v2/1/8/
	../.cache/pip/http-v2/1/a/
	../.cache/pip/http-v2/1/f/
	../.cache/pip/http-v2/2/3/
	../.cache/pip/http-v2/2/5/
	../.cache/pip/http-v2/2/6/
	../.cache/pip/http-v2/2/7/
	../.cache/pip/http-v2/2/b/7/
	../.cache/pip/http-v2/2/b/c/
	../.cache/pip/http-v2/3/0/
	../.cache/pip/http-v2/3/1/
	../.cache/pip/http-v2/3/5/
	../.cache/pip/http-v2/3/7/
	../.cache/pip/http-v2/3/8/
	../.cache/pip/http-v2/3/d/
	../.cache/pip/http-v2/4/3/
	../.cache/pip/http-v2/4/4/
	../.cache/pip/http-v2/4/8/
	../.cache/pip/http-v2/4/f/
	../.cache/pip/http-v2/5/2/
	../.cache/pip/http-v2/5/6/
	../.cache/pip/http-v2/5/7/
	../.cache/pip/http-v2/5/a/
	../.cache/pip/http-v2/5/b/4/
	../.cache/pip/http-v2/5/c/
	../.cache/pip/http-v2/6/
	../.cache/pip/http-v2/7/4/
	../.cache/pip/http-v2/7/9/
	../.cache/pip/http-v2/7/e/
	../.cache/pip/http-v2/8/1/
	../.cache/pip/http-v2/8/6/
	../.cache/pip/http-v2/8/7/
	../.cache/pip/http-v2/8/8/7/
	../.cache/pip/http-v2/8/8/f/7/
	../.cache/pip/http-v2/8/9/
	../.cache/pip/http-v2/8/c/
	../.cache/pip/http-v2/8/d/7/
	../.cache/pip/http-v2/8/d/a/
	../.cache/pip/http-v2/8/e/
	../.cache/pip/http-v2/9/
	../.cache/pip/http-v2/a/0/
	../.cache/pip/http-v2/a/1/
	../.cache/pip/http-v2/a/2/
	../.cache/pip/http-v2/a/6/
	../.cache/pip/http-v2/a/7/
	../.cache/pip/http-v2/a/c/5/
	../.cache/pip/http-v2/b/
	../.cache/pip/http-v2/c/
	../.cache/pip/http-v2/d/
	../.cache/pip/http-v2/e/1/
	../.cache/pip/http-v2/e/2/
	../.cache/pip/http-v2/e/7/
	../.cache/pip/http-v2/e/c/
	../.cache/pip/http-v2/f/
	../.lesshst
	../GGTI_NODE/
	../GGTI_RECON/
	../downloads/

no changes added to commit (use "git add" and/or "git commit -a")
Everything up-to-date
[✔] GLOBAL NODE UPDATED.
[*] HEARTBEAT SYNC: 21:53:28 | LED: GREEN
[!] CHANGES DETECTED. INITIATING GLOBAL NODE SYNC...
On branch main
Your branch is up to date with 'origin/main'.

Changes not staged for commit:
  (use "git add/rm <file>..." to update what will be committed)
  (use "git restore <file>..." to discard changes in working directory)
	modified:   ../.bash_history
	modified:   ../.cache/pip/http-v2/4/b/e/0/7/4be07d3ac353e38d2c9e3a257cad36ee2a758fc88b4cd5f0d479a5a9
	modified:   ../.cache/pip/http-v2/8/b/2/4/2/8b24226e2da88df4abeee0d8ca6bce79b19ca2bcd5f94b543939c66c
	modified:   ../.cache/pip/http-v2/8/b/2/4/2/8b24226e2da88df4abeee0d8ca6bce79b19ca2bcd5f94b543939c66c.body
	modified:   ../.gitconfig
	deleted:    ../financial_ledger.md
	modified:   ../servicing_manifest.md

Untracked files:
  (use "git add <file>..." to include in what will be committed)
	../.bashrc
	../.cache/pip/http-v2/0/4/
	../.cache/pip/http-v2/0/5/
	../.cache/pip/http-v2/0/a/
	../.cache/pip/http-v2/0/b/
	../.cache/pip/http-v2/0/d/
	../.cache/pip/http-v2/1/4/
	../.cache/pip/http-v2/1/6/
	../.cache/pip/http-v2/1/7/
	../.cache/pip/http-v2/1/8/
	../.cache/pip/http-v2/1/a/
	../.cache/pip/http-v2/1/f/
	../.cache/pip/http-v2/2/3/
	../.cache/pip/http-v2/2/5/
	../.cache/pip/http-v2/2/6/
	../.cache/pip/http-v2/2/7/
	../.cache/pip/http-v2/2/b/7/
	../.cache/pip/http-v2/2/b/c/
	../.cache/pip/http-v2/3/0/
	../.cache/pip/http-v2/3/1/
	../.cache/pip/http-v2/3/5/
	../.cache/pip/http-v2/3/7/
	../.cache/pip/http-v2/3/8/
	../.cache/pip/http-v2/3/d/
	../.cache/pip/http-v2/4/3/
	../.cache/pip/http-v2/4/4/
	../.cache/pip/http-v2/4/8/
	../.cache/pip/http-v2/4/f/
	../.cache/pip/http-v2/5/2/
	../.cache/pip/http-v2/5/6/
	../.cache/pip/http-v2/5/7/
	../.cache/pip/http-v2/5/a/
	../.cache/pip/http-v2/5/b/4/
	../.cache/pip/http-v2/5/c/
	../.cache/pip/http-v2/6/
	../.cache/pip/http-v2/7/4/
	../.cache/pip/http-v2/7/9/
	../.cache/pip/http-v2/7/e/
	../.cache/pip/http-v2/8/1/
	../.cache/pip/http-v2/8/6/
	../.cache/pip/http-v2/8/7/
	../.cache/pip/http-v2/8/8/7/
	../.cache/pip/http-v2/8/8/f/7/
	../.cache/pip/http-v2/8/9/
	../.cache/pip/http-v2/8/c/
	../.cache/pip/http-v2/8/d/7/
	../.cache/pip/http-v2/8/d/a/
	../.cache/pip/http-v2/8/e/
	../.cache/pip/http-v2/9/
	../.cache/pip/http-v2/a/0/
	../.cache/pip/http-v2/a/1/
	../.cache/pip/http-v2/a/2/
	../.cache/pip/http-v2/a/6/
	../.cache/pip/http-v2/a/7/
	../.cache/pip/http-v2/a/c/5/
	../.cache/pip/http-v2/b/
	../.cache/pip/http-v2/c/
	../.cache/pip/http-v2/d/
	../.cache/pip/http-v2/e/1/
	../.cache/pip/http-v2/e/2/
	../.cache/pip/http-v2/e/7/
	../.cache/pip/http-v2/e/c/
	../.cache/pip/http-v2/f/
	../.lesshst
	../GGTI_NODE/
	../GGTI_RECON/
	../downloads/

no changes added to commit (use "git add" and/or "git commit -a")
Everything up-to-date
[✔] GLOBAL NODE UPDATED.
[*] HEARTBEAT SYNC: 21:53:38 | LED: GREEN
[!] CHANGES DETECTED. INITIATING GLOBAL NODE SYNC...
On branch main
Your branch is up to date with 'origin/main'.

Changes not staged for commit:
  (use "git add/rm <file>..." to update what will be committed)
  (use "git restore <file>..." to discard changes in working directory)
	modified:   ../.bash_history
	modified:   ../.cache/pip/http-v2/4/b/e/0/7/4be07d3ac353e38d2c9e3a257cad36ee2a758fc88b4cd5f0d479a5a9
	modified:   ../.cache/pip/http-v2/8/b/2/4/2/8b24226e2da88df4abeee0d8ca6bce79b19ca2bcd5f94b543939c66c
	modified:   ../.cache/pip/http-v2/8/b/2/4/2/8b24226e2da88df4abeee0d8ca6bce79b19ca2bcd5f94b543939c66c.body
	modified:   ../.gitconfig
	deleted:    ../financial_ledger.md
	modified:   ../servicing_manifest.md

Untracked files:
  (use "git add <file>..." to include in what will be committed)
	../.bashrc
	../.cache/pip/http-v2/0/4/
	../.cache/pip/http-v2/0/5/
	../.cache/pip/http-v2/0/a/
	../.cache/pip/http-v2/0/b/
	../.cache/pip/http-v2/0/d/
	../.cache/pip/http-v2/1/4/
	../.cache/pip/http-v2/1/6/
	../.cache/pip/http-v2/1/7/
	../.cache/pip/http-v2/1/8/
	../.cache/pip/http-v2/1/a/
	../.cache/pip/http-v2/1/f/
	../.cache/pip/http-v2/2/3/
	../.cache/pip/http-v2/2/5/
	../.cache/pip/http-v2/2/6/
	../.cache/pip/http-v2/2/7/
	../.cache/pip/http-v2/2/b/7/
	../.cache/pip/http-v2/2/b/c/
	../.cache/pip/http-v2/3/0/
	../.cache/pip/http-v2/3/1/
	../.cache/pip/http-v2/3/5/
	../.cache/pip/http-v2/3/7/
	../.cache/pip/http-v2/3/8/
	../.cache/pip/http-v2/3/d/
	../.cache/pip/http-v2/4/3/
	../.cache/pip/http-v2/4/4/
	../.cache/pip/http-v2/4/8/
	../.cache/pip/http-v2/4/f/
	../.cache/pip/http-v2/5/2/
	../.cache/pip/http-v2/5/6/
	../.cache/pip/http-v2/5/7/
	../.cache/pip/http-v2/5/a/
	../.cache/pip/http-v2/5/b/4/
	../.cache/pip/http-v2/5/c/
	../.cache/pip/http-v2/6/
	../.cache/pip/http-v2/7/4/
	../.cache/pip/http-v2/7/9/
	../.cache/pip/http-v2/7/e/
	../.cache/pip/http-v2/8/1/
	../.cache/pip/http-v2/8/6/
	../.cache/pip/http-v2/8/7/
	../.cache/pip/http-v2/8/8/7/
	../.cache/pip/http-v2/8/8/f/7/
	../.cache/pip/http-v2/8/9/
	../.cache/pip/http-v2/8/c/
	../.cache/pip/http-v2/8/d/7/
	../.cache/pip/http-v2/8/d/a/
	../.cache/pip/http-v2/8/e/
	../.cache/pip/http-v2/9/
	../.cache/pip/http-v2/a/0/
	../.cache/pip/http-v2/a/1/
	../.cache/pip/http-v2/a/2/
	../.cache/pip/http-v2/a/6/
	../.cache/pip/http-v2/a/7/
	../.cache/pip/http-v2/a/c/5/
	../.cache/pip/http-v2/b/
	../.cache/pip/http-v2/c/
	../.cache/pip/http-v2/d/
	../.cache/pip/http-v2/e/1/
	../.cache/pip/http-v2/e/2/
	../.cache/pip/http-v2/e/7/
	../.cache/pip/http-v2/e/c/
	../.cache/pip/http-v2/f/
	../.lesshst
	../GGTI_NODE/
	../GGTI_RECON/
	../downloads/

no changes added to commit (use "git add" and/or "git commit -a")
Everything up-to-date
[✔] GLOBAL NODE UPDATED.
[*] HEARTBEAT SYNC: 21:53:49 | LED: GREEN
[!] CHANGES DETECTED. INITIATING GLOBAL NODE SYNC...
On branch main
Your branch is up to date with 'origin/main'.

Changes not staged for commit:
  (use "git add/rm <file>..." to update what will be committed)
  (use "git restore <file>..." to discard changes in working directory)
	modified:   ../.bash_history
	modified:   ../.cache/pip/http-v2/4/b/e/0/7/4be07d3ac353e38d2c9e3a257cad36ee2a758fc88b4cd5f0d479a5a9
	modified:   ../.cache/pip/http-v2/8/b/2/4/2/8b24226e2da88df4abeee0d8ca6bce79b19ca2bcd5f94b543939c66c
	modified:   ../.cache/pip/http-v2/8/b/2/4/2/8b24226e2da88df4abeee0d8ca6bce79b19ca2bcd5f94b543939c66c.body
	modified:   ../.gitconfig
	deleted:    ../financial_ledger.md
	modified:   ../servicing_manifest.md

Untracked files:
  (use "git add <file>..." to include in what will be committed)
	../.bashrc
	../.cache/pip/http-v2/0/4/
	../.cache/pip/http-v2/0/5/
	../.cache/pip/http-v2/0/a/
	../.cache/pip/http-v2/0/b/
	../.cache/pip/http-v2/0/d/
	../.cache/pip/http-v2/1/4/
	../.cache/pip/http-v2/1/6/
	../.cache/pip/http-v2/1/7/
	../.cache/pip/http-v2/1/8/
	../.cache/pip/http-v2/1/a/
	../.cache/pip/http-v2/1/f/
	../.cache/pip/http-v2/2/3/
	../.cache/pip/http-v2/2/5/
	../.cache/pip/http-v2/2/6/
	../.cache/pip/http-v2/2/7/
	../.cache/pip/http-v2/2/b/7/
	../.cache/pip/http-v2/2/b/c/
	../.cache/pip/http-v2/3/0/
	../.cache/pip/http-v2/3/1/
	../.cache/pip/http-v2/3/5/
	../.cache/pip/http-v2/3/7/
	../.cache/pip/http-v2/3/8/
	../.cache/pip/http-v2/3/d/
	../.cache/pip/http-v2/4/3/
	../.cache/pip/http-v2/4/4/
	../.cache/pip/http-v2/4/8/
	../.cache/pip/http-v2/4/f/
	../.cache/pip/http-v2/5/2/
	../.cache/pip/http-v2/5/6/
	../.cache/pip/http-v2/5/7/
	../.cache/pip/http-v2/5/a/
	../.cache/pip/http-v2/5/b/4/
	../.cache/pip/http-v2/5/c/
	../.cache/pip/http-v2/6/
	../.cache/pip/http-v2/7/4/
	../.cache/pip/http-v2/7/9/
	../.cache/pip/http-v2/7/e/
	../.cache/pip/http-v2/8/1/
	../.cache/pip/http-v2/8/6/
	../.cache/pip/http-v2/8/7/
	../.cache/pip/http-v2/8/8/7/
	../.cache/pip/http-v2/8/8/f/7/
	../.cache/pip/http-v2/8/9/
	../.cache/pip/http-v2/8/c/
	../.cache/pip/http-v2/8/d/7/
	../.cache/pip/http-v2/8/d/a/
	../.cache/pip/http-v2/8/e/
	../.cache/pip/http-v2/9/
	../.cache/pip/http-v2/a/0/
	../.cache/pip/http-v2/a/1/
	../.cache/pip/http-v2/a/2/
	../.cache/pip/http-v2/a/6/
	../.cache/pip/http-v2/a/7/
	../.cache/pip/http-v2/a/c/5/
	../.cache/pip/http-v2/b/
	../.cache/pip/http-v2/c/
	../.cache/pip/http-v2/d/
	../.cache/pip/http-v2/e/1/
	../.cache/pip/http-v2/e/2/
	../.cache/pip/http-v2/e/7/
	../.cache/pip/http-v2/e/c/
	../.cache/pip/http-v2/f/
	../.lesshst
	../GGTI_NODE/
	../GGTI_RECON/
	../downloads/

no changes added to commit (use "git add" and/or "git commit -a")
Everything up-to-date
[✔] GLOBAL NODE UPDATED.
[*] HEARTBEAT SYNC: 21:53:59 | LED: GREEN
[!] CHANGES DETECTED. INITIATING GLOBAL NODE SYNC...
On branch main
Your branch is up to date with 'origin/main'.

Changes not staged for commit:
  (use "git add/rm <file>..." to update what will be committed)
  (use "git restore <file>..." to discard changes in working directory)
	modified:   ../.bash_history
	modified:   ../.cache/pip/http-v2/4/b/e/0/7/4be07d3ac353e38d2c9e3a257cad36ee2a758fc88b4cd5f0d479a5a9
	modified:   ../.cache/pip/http-v2/8/b/2/4/2/8b24226e2da88df4abeee0d8ca6bce79b19ca2bcd5f94b543939c66c
	modified:   ../.cache/pip/http-v2/8/b/2/4/2/8b24226e2da88df4abeee0d8ca6bce79b19ca2bcd5f94b543939c66c.body
	modified:   ../.gitconfig
	deleted:    ../financial_ledger.md
	modified:   ../servicing_manifest.md

Untracked files:
  (use "git add <file>..." to include in what will be committed)
	../.bashrc
	../.cache/pip/http-v2/0/4/
	../.cache/pip/http-v2/0/5/
	../.cache/pip/http-v2/0/a/
	../.cache/pip/http-v2/0/b/
	../.cache/pip/http-v2/0/d/
	../.cache/pip/http-v2/1/4/
	../.cache/pip/http-v2/1/6/
	../.cache/pip/http-v2/1/7/
	../.cache/pip/http-v2/1/8/
	../.cache/pip/http-v2/1/a/
	../.cache/pip/http-v2/1/f/
	../.cache/pip/http-v2/2/3/
	../.cache/pip/http-v2/2/5/
	../.cache/pip/http-v2/2/6/
	../.cache/pip/http-v2/2/7/
	../.cache/pip/http-v2/2/b/7/
	../.cache/pip/http-v2/2/b/c/
	../.cache/pip/http-v2/3/0/
	../.cache/pip/http-v2/3/1/
	../.cache/pip/http-v2/3/5/
	../.cache/pip/http-v2/3/7/
	../.cache/pip/http-v2/3/8/
	../.cache/pip/http-v2/3/d/
	../.cache/pip/http-v2/4/3/
	../.cache/pip/http-v2/4/4/
	../.cache/pip/http-v2/4/8/
	../.cache/pip/http-v2/4/f/
	../.cache/pip/http-v2/5/2/
	../.cache/pip/http-v2/5/6/
	../.cache/pip/http-v2/5/7/
	../.cache/pip/http-v2/5/a/
	../.cache/pip/http-v2/5/b/4/
	../.cache/pip/http-v2/5/c/
	../.cache/pip/http-v2/6/
	../.cache/pip/http-v2/7/4/
	../.cache/pip/http-v2/7/9/
	../.cache/pip/http-v2/7/e/
	../.cache/pip/http-v2/8/1/
	../.cache/pip/http-v2/8/6/
	../.cache/pip/http-v2/8/7/
	../.cache/pip/http-v2/8/8/7/
	../.cache/pip/http-v2/8/8/f/7/
	../.cache/pip/http-v2/8/9/
	../.cache/pip/http-v2/8/c/
	../.cache/pip/http-v2/8/d/7/
	../.cache/pip/http-v2/8/d/a/
	../.cache/pip/http-v2/8/e/
	../.cache/pip/http-v2/9/
	../.cache/pip/http-v2/a/0/
	../.cache/pip/http-v2/a/1/
	../.cache/pip/http-v2/a/2/
	../.cache/pip/http-v2/a/6/
	../.cache/pip/http-v2/a/7/
	../.cache/pip/http-v2/a/c/5/
	../.cache/pip/http-v2/b/
	../.cache/pip/http-v2/c/
	../.cache/pip/http-v2/d/
	../.cache/pip/http-v2/e/1/
	../.cache/pip/http-v2/e/2/
	../.cache/pip/http-v2/e/7/
	../.cache/pip/http-v2/e/c/
	../.cache/pip/http-v2/f/
	../.lesshst
	../GGTI_NODE/
	../GGTI_RECON/
	../downloads/

no changes added to commit (use "git add" and/or "git commit -a")
Everything up-to-date
[✔] GLOBAL NODE UPDATED.
[*] HEARTBEAT SYNC: 21:54:10 | LED: GREEN
[!] CHANGES DETECTED. INITIATING GLOBAL NODE SYNC...
fatal: Unable to create '/data/data/com.termux/files/home/.git/index.lock': File exists.

Another git process seems to be running in this repository, or the lock file may be stale
On branch main
Your branch is up to date with 'origin/main'.

Changes not staged for commit:
  (use "git add/rm <file>..." to update what will be committed)
  (use "git restore <file>..." to discard changes in working directory)
	modified:   ../.bash_history
	modified:   ../.cache/pip/http-v2/4/b/e/0/7/4be07d3ac353e38d2c9e3a257cad36ee2a758fc88b4cd5f0d479a5a9
	modified:   ../.cache/pip/http-v2/8/b/2/4/2/8b24226e2da88df4abeee0d8ca6bce79b19ca2bcd5f94b543939c66c
	modified:   ../.cache/pip/http-v2/8/b/2/4/2/8b24226e2da88df4abeee0d8ca6bce79b19ca2bcd5f94b543939c66c.body
	modified:   ../.gitconfig
	deleted:    ../financial_ledger.md
	modified:   ../servicing_manifest.md

Untracked files:
  (use "git add <file>..." to include in what will be committed)
	../.bashrc
	../.cache/pip/http-v2/0/4/
	../.cache/pip/http-v2/0/5/
	../.cache/pip/http-v2/0/a/
	../.cache/pip/http-v2/0/b/
	../.cache/pip/http-v2/0/d/
	../.cache/pip/http-v2/1/4/
	../.cache/pip/http-v2/1/6/
	../.cache/pip/http-v2/1/7/
	../.cache/pip/http-v2/1/8/
	../.cache/pip/http-v2/1/a/
	../.cache/pip/http-v2/1/f/
	../.cache/pip/http-v2/2/3/
	../.cache/pip/http-v2/2/5/
	../.cache/pip/http-v2/2/6/
	../.cache/pip/http-v2/2/7/
	../.cache/pip/http-v2/2/b/7/
	../.cache/pip/http-v2/2/b/c/
	../.cache/pip/http-v2/3/0/
	../.cache/pip/http-v2/3/1/
	../.cache/pip/http-v2/3/5/
	../.cache/pip/http-v2/3/7/
	../.cache/pip/http-v2/3/8/
	../.cache/pip/http-v2/3/d/
	../.cache/pip/http-v2/4/3/
	../.cache/pip/http-v2/4/4/
	../.cache/pip/http-v2/4/8/
	../.cache/pip/http-v2/4/f/
	../.cache/pip/http-v2/5/2/
	../.cache/pip/http-v2/5/6/
	../.cache/pip/http-v2/5/7/
	../.cache/pip/http-v2/5/a/
	../.cache/pip/http-v2/5/b/4/
	../.cache/pip/http-v2/5/c/
	../.cache/pip/http-v2/6/
	../.cache/pip/http-v2/7/4/
	../.cache/pip/http-v2/7/9/
	../.cache/pip/http-v2/7/e/
	../.cache/pip/http-v2/8/1/
	../.cache/pip/http-v2/8/6/
	../.cache/pip/http-v2/8/7/
	../.cache/pip/http-v2/8/8/7/
	../.cache/pip/http-v2/8/8/f/7/
	../.cache/pip/http-v2/8/9/
	../.cache/pip/http-v2/8/c/
	../.cache/pip/http-v2/8/d/7/
	../.cache/pip/http-v2/8/d/a/
	../.cache/pip/http-v2/8/e/
	../.cache/pip/http-v2/9/
	../.cache/pip/http-v2/a/0/
	../.cache/pip/http-v2/a/1/
	../.cache/pip/http-v2/a/2/
	../.cache/pip/http-v2/a/6/
	../.cache/pip/http-v2/a/7/
	../.cache/pip/http-v2/a/c/5/
	../.cache/pip/http-v2/b/
	../.cache/pip/http-v2/c/
	../.cache/pip/http-v2/d/
	../.cache/pip/http-v2/e/1/
	../.cache/pip/http-v2/e/2/
	../.cache/pip/http-v2/e/7/
	../.cache/pip/http-v2/e/c/
	../.cache/pip/http-v2/f/
	../.lesshst
	../GGTI_NODE/
	../GGTI_RECON/
	../downloads/

no changes added to commit (use "git add" and/or "git commit -a")
Everything up-to-date
[✔] GLOBAL NODE UPDATED.
[*] HEARTBEAT SYNC: 21:54:20 | LED: GREEN
[!] CHANGES DETECTED. INITIATING GLOBAL NODE SYNC...
On branch main
Your branch is up to date with 'origin/main'.

Changes not staged for commit:
  (use "git add/rm <file>..." to update what will be committed)
  (use "git restore <file>..." to discard changes in working directory)
	modified:   ../.bash_history
	modified:   ../.cache/pip/http-v2/4/b/e/0/7/4be07d3ac353e38d2c9e3a257cad36ee2a758fc88b4cd5f0d479a5a9
	modified:   ../.cache/pip/http-v2/8/b/2/4/2/8b24226e2da88df4abeee0d8ca6bce79b19ca2bcd5f94b543939c66c
	modified:   ../.cache/pip/http-v2/8/b/2/4/2/8b24226e2da88df4abeee0d8ca6bce79b19ca2bcd5f94b543939c66c.body
	modified:   ../.gitconfig
	deleted:    ../financial_ledger.md
	modified:   ../servicing_manifest.md

Untracked files:
  (use "git add <file>..." to include in what will be committed)
	../.bashrc
	../.cache/pip/http-v2/0/4/
	../.cache/pip/http-v2/0/5/
	../.cache/pip/http-v2/0/a/
	../.cache/pip/http-v2/0/b/
	../.cache/pip/http-v2/0/d/
	../.cache/pip/http-v2/1/4/
	../.cache/pip/http-v2/1/6/
	../.cache/pip/http-v2/1/7/
	../.cache/pip/http-v2/1/8/
	../.cache/pip/http-v2/1/a/
	../.cache/pip/http-v2/1/f/
	../.cache/pip/http-v2/2/3/
	../.cache/pip/http-v2/2/5/
	../.cache/pip/http-v2/2/6/
	../.cache/pip/http-v2/2/7/
	../.cache/pip/http-v2/2/b/7/
	../.cache/pip/http-v2/2/b/c/
	../.cache/pip/http-v2/3/0/
	../.cache/pip/http-v2/3/1/
	../.cache/pip/http-v2/3/5/
	../.cache/pip/http-v2/3/7/
	../.cache/pip/http-v2/3/8/
	../.cache/pip/http-v2/3/d/
	../.cache/pip/http-v2/4/3/
	../.cache/pip/http-v2/4/4/
	../.cache/pip/http-v2/4/8/
	../.cache/pip/http-v2/4/f/
	../.cache/pip/http-v2/5/2/
	../.cache/pip/http-v2/5/6/
	../.cache/pip/http-v2/5/7/
	../.cache/pip/http-v2/5/a/
	../.cache/pip/http-v2/5/b/4/
	../.cache/pip/http-v2/5/c/
	../.cache/pip/http-v2/6/
	../.cache/pip/http-v2/7/4/
	../.cache/pip/http-v2/7/9/
	../.cache/pip/http-v2/7/e/
	../.cache/pip/http-v2/8/1/
	../.cache/pip/http-v2/8/6/
	../.cache/pip/http-v2/8/7/
	../.cache/pip/http-v2/8/8/7/
	../.cache/pip/http-v2/8/8/f/7/
	../.cache/pip/http-v2/8/9/
	../.cache/pip/http-v2/8/c/
	../.cache/pip/http-v2/8/d/7/
	../.cache/pip/http-v2/8/d/a/
	../.cache/pip/http-v2/8/e/
	../.cache/pip/http-v2/9/
	../.cache/pip/http-v2/a/0/
	../.cache/pip/http-v2/a/1/
	../.cache/pip/http-v2/a/2/
	../.cache/pip/http-v2/a/6/
	../.cache/pip/http-v2/a/7/
	../.cache/pip/http-v2/a/c/5/
	../.cache/pip/http-v2/b/
	../.cache/pip/http-v2/c/
	../.cache/pip/http-v2/d/
	../.cache/pip/http-v2/e/1/
	../.cache/pip/http-v2/e/2/
	../.cache/pip/http-v2/e/7/
	../.cache/pip/http-v2/e/c/
	../.cache/pip/http-v2/f/
	../.lesshst
	../GGTI_NODE/
	../GGTI_RECON/
	../downloads/

no changes added to commit (use "git add" and/or "git commit -a")
Everything up-to-date
[✔] GLOBAL NODE UPDATED.
[*] HEARTBEAT SYNC: 21:54:31 | LED: GREEN
[!] CHANGES DETECTED. INITIATING GLOBAL NODE SYNC...
On branch main
Your branch is up to date with 'origin/main'.

Changes not staged for commit:
  (use "git add/rm <file>..." to update what will be committed)
  (use "git restore <file>..." to discard changes in working directory)
	modified:   ../.bash_history
	modified:   ../.cache/pip/http-v2/4/b/e/0/7/4be07d3ac353e38d2c9e3a257cad36ee2a758fc88b4cd5f0d479a5a9
	modified:   ../.cache/pip/http-v2/8/b/2/4/2/8b24226e2da88df4abeee0d8ca6bce79b19ca2bcd5f94b543939c66c
	modified:   ../.cache/pip/http-v2/8/b/2/4/2/8b24226e2da88df4abeee0d8ca6bce79b19ca2bcd5f94b543939c66c.body
	modified:   ../.gitconfig
	deleted:    ../financial_ledger.md
	modified:   ../servicing_manifest.md

Untracked files:
  (use "git add <file>..." to include in what will be committed)
	../.bashrc
	../.cache/pip/http-v2/0/4/
	../.cache/pip/http-v2/0/5/
	../.cache/pip/http-v2/0/a/
	../.cache/pip/http-v2/0/b/
	../.cache/pip/http-v2/0/d/
	../.cache/pip/http-v2/1/4/
	../.cache/pip/http-v2/1/6/
	../.cache/pip/http-v2/1/7/
	../.cache/pip/http-v2/1/8/
	../.cache/pip/http-v2/1/a/
	../.cache/pip/http-v2/1/f/
	../.cache/pip/http-v2/2/3/
	../.cache/pip/http-v2/2/5/
	../.cache/pip/http-v2/2/6/
	../.cache/pip/http-v2/2/7/
	../.cache/pip/http-v2/2/b/7/
	../.cache/pip/http-v2/2/b/c/
	../.cache/pip/http-v2/3/0/
	../.cache/pip/http-v2/3/1/
	../.cache/pip/http-v2/3/5/
	../.cache/pip/http-v2/3/7/
	../.cache/pip/http-v2/3/8/
	../.cache/pip/http-v2/3/d/
	../.cache/pip/http-v2/4/3/
	../.cache/pip/http-v2/4/4/
	../.cache/pip/http-v2/4/8/
	../.cache/pip/http-v2/4/f/
	../.cache/pip/http-v2/5/2/
	../.cache/pip/http-v2/5/6/
	../.cache/pip/http-v2/5/7/
	../.cache/pip/http-v2/5/a/
	../.cache/pip/http-v2/5/b/4/
	../.cache/pip/http-v2/5/c/
	../.cache/pip/http-v2/6/
	../.cache/pip/http-v2/7/4/
	../.cache/pip/http-v2/7/9/
	../.cache/pip/http-v2/7/e/
	../.cache/pip/http-v2/8/1/
	../.cache/pip/http-v2/8/6/
	../.cache/pip/http-v2/8/7/
	../.cache/pip/http-v2/8/8/7/
	../.cache/pip/http-v2/8/8/f/7/
	../.cache/pip/http-v2/8/9/
	../.cache/pip/http-v2/8/c/
	../.cache/pip/http-v2/8/d/7/
	../.cache/pip/http-v2/8/d/a/
	../.cache/pip/http-v2/8/e/
	../.cache/pip/http-v2/9/
	../.cache/pip/http-v2/a/0/
	../.cache/pip/http-v2/a/1/
	../.cache/pip/http-v2/a/2/
	../.cache/pip/http-v2/a/6/
	../.cache/pip/http-v2/a/7/
	../.cache/pip/http-v2/a/c/5/
	../.cache/pip/http-v2/b/
	../.cache/pip/http-v2/c/
	../.cache/pip/http-v2/d/
	../.cache/pip/http-v2/e/1/
	../.cache/pip/http-v2/e/2/
	../.cache/pip/http-v2/e/7/
	../.cache/pip/http-v2/e/c/
	../.cache/pip/http-v2/f/
	../.lesshst
	../GGTI_NODE/
	../GGTI_RECON/
	../downloads/

no changes added to commit (use "git add" and/or "git commit -a")
Everything up-to-date
[✔] GLOBAL NODE UPDATED.
[*] HEARTBEAT SYNC: 21:54:41 | LED: GREEN
[!] CHANGES DETECTED. INITIATING GLOBAL NODE SYNC...
On branch main
Your branch is up to date with 'origin/main'.

Changes not staged for commit:
  (use "git add/rm <file>..." to update what will be committed)
  (use "git restore <file>..." to discard changes in working directory)
	modified:   ../.bash_history
	modified:   ../.cache/pip/http-v2/4/b/e/0/7/4be07d3ac353e38d2c9e3a257cad36ee2a758fc88b4cd5f0d479a5a9
	modified:   ../.cache/pip/http-v2/8/b/2/4/2/8b24226e2da88df4abeee0d8ca6bce79b19ca2bcd5f94b543939c66c
	modified:   ../.cache/pip/http-v2/8/b/2/4/2/8b24226e2da88df4abeee0d8ca6bce79b19ca2bcd5f94b543939c66c.body
	modified:   ../.gitconfig
	deleted:    ../financial_ledger.md
	modified:   ../servicing_manifest.md

Untracked files:
  (use "git add <file>..." to include in what will be committed)
	../.bashrc
	../.cache/pip/http-v2/0/4/
	../.cache/pip/http-v2/0/5/
	../.cache/pip/http-v2/0/a/
	../.cache/pip/http-v2/0/b/
	../.cache/pip/http-v2/0/d/
	../.cache/pip/http-v2/1/4/
	../.cache/pip/http-v2/1/6/
	../.cache/pip/http-v2/1/7/
	../.cache/pip/http-v2/1/8/
	../.cache/pip/http-v2/1/a/
	../.cache/pip/http-v2/1/f/
	../.cache/pip/http-v2/2/3/
	../.cache/pip/http-v2/2/5/
	../.cache/pip/http-v2/2/6/
	../.cache/pip/http-v2/2/7/
	../.cache/pip/http-v2/2/b/7/
	../.cache/pip/http-v2/2/b/c/
	../.cache/pip/http-v2/3/0/
	../.cache/pip/http-v2/3/1/
	../.cache/pip/http-v2/3/5/
	../.cache/pip/http-v2/3/7/
	../.cache/pip/http-v2/3/8/
	../.cache/pip/http-v2/3/d/
	../.cache/pip/http-v2/4/3/
	../.cache/pip/http-v2/4/4/
	../.cache/pip/http-v2/4/8/
	../.cache/pip/http-v2/4/f/
	../.cache/pip/http-v2/5/2/
	../.cache/pip/http-v2/5/6/
	../.cache/pip/http-v2/5/7/
	../.cache/pip/http-v2/5/a/
	../.cache/pip/http-v2/5/b/4/
	../.cache/pip/http-v2/5/c/
	../.cache/pip/http-v2/6/
	../.cache/pip/http-v2/7/4/
	../.cache/pip/http-v2/7/9/
	../.cache/pip/http-v2/7/e/
	../.cache/pip/http-v2/8/1/
	../.cache/pip/http-v2/8/6/
	../.cache/pip/http-v2/8/7/
	../.cache/pip/http-v2/8/8/7/
	../.cache/pip/http-v2/8/8/f/7/
	../.cache/pip/http-v2/8/9/
	../.cache/pip/http-v2/8/c/
	../.cache/pip/http-v2/8/d/7/
	../.cache/pip/http-v2/8/d/a/
	../.cache/pip/http-v2/8/e/
	../.cache/pip/http-v2/9/
	../.cache/pip/http-v2/a/0/
	../.cache/pip/http-v2/a/1/
	../.cache/pip/http-v2/a/2/
	../.cache/pip/http-v2/a/6/
	../.cache/pip/http-v2/a/7/
	../.cache/pip/http-v2/a/c/5/
	../.cache/pip/http-v2/b/
	../.cache/pip/http-v2/c/
	../.cache/pip/http-v2/d/
	../.cache/pip/http-v2/e/1/
	../.cache/pip/http-v2/e/2/
	../.cache/pip/http-v2/e/7/
	../.cache/pip/http-v2/e/c/
	../.cache/pip/http-v2/f/
	../.lesshst
	../GGTI_NODE/
	../GGTI_RECON/
	../downloads/

no changes added to commit (use "git add" and/or "git commit -a")
Everything up-to-date
[✔] GLOBAL NODE UPDATED.
[*] HEARTBEAT SYNC: 21:54:52 | LED: GREEN
[!] CHANGES DETECTED. INITIATING GLOBAL NODE SYNC...
On branch main
Your branch is up to date with 'origin/main'.

Changes not staged for commit:
  (use "git add/rm <file>..." to update what will be committed)
  (use "git restore <file>..." to discard changes in working directory)
	modified:   ../.bash_history
	modified:   ../.cache/pip/http-v2/4/b/e/0/7/4be07d3ac353e38d2c9e3a257cad36ee2a758fc88b4cd5f0d479a5a9
	modified:   ../.cache/pip/http-v2/8/b/2/4/2/8b24226e2da88df4abeee0d8ca6bce79b19ca2bcd5f94b543939c66c
	modified:   ../.cache/pip/http-v2/8/b/2/4/2/8b24226e2da88df4abeee0d8ca6bce79b19ca2bcd5f94b543939c66c.body
	modified:   ../.gitconfig
	deleted:    ../financial_ledger.md
	modified:   ../servicing_manifest.md

Untracked files:
  (use "git add <file>..." to include in what will be committed)
	../.bashrc
	../.cache/pip/http-v2/0/4/
	../.cache/pip/http-v2/0/5/
	../.cache/pip/http-v2/0/a/
	../.cache/pip/http-v2/0/b/
	../.cache/pip/http-v2/0/d/
	../.cache/pip/http-v2/1/4/
	../.cache/pip/http-v2/1/6/
	../.cache/pip/http-v2/1/7/
	../.cache/pip/http-v2/1/8/
	../.cache/pip/http-v2/1/a/
	../.cache/pip/http-v2/1/f/
	../.cache/pip/http-v2/2/3/
	../.cache/pip/http-v2/2/5/
	../.cache/pip/http-v2/2/6/
	../.cache/pip/http-v2/2/7/
	../.cache/pip/http-v2/2/b/7/
	../.cache/pip/http-v2/2/b/c/
	../.cache/pip/http-v2/3/0/
	../.cache/pip/http-v2/3/1/
	../.cache/pip/http-v2/3/5/
	../.cache/pip/http-v2/3/7/
	../.cache/pip/http-v2/3/8/
	../.cache/pip/http-v2/3/d/
	../.cache/pip/http-v2/4/3/
	../.cache/pip/http-v2/4/4/
	../.cache/pip/http-v2/4/8/
	../.cache/pip/http-v2/4/f/
	../.cache/pip/http-v2/5/2/
	../.cache/pip/http-v2/5/6/
	../.cache/pip/http-v2/5/7/
	../.cache/pip/http-v2/5/a/
	../.cache/pip/http-v2/5/b/4/
	../.cache/pip/http-v2/5/c/
	../.cache/pip/http-v2/6/
	../.cache/pip/http-v2/7/4/
	../.cache/pip/http-v2/7/9/
	../.cache/pip/http-v2/7/e/
	../.cache/pip/http-v2/8/1/
	../.cache/pip/http-v2/8/6/
	../.cache/pip/http-v2/8/7/
	../.cache/pip/http-v2/8/8/7/
	../.cache/pip/http-v2/8/8/f/7/
	../.cache/pip/http-v2/8/9/
	../.cache/pip/http-v2/8/c/
	../.cache/pip/http-v2/8/d/7/
	../.cache/pip/http-v2/8/d/a/
	../.cache/pip/http-v2/8/e/
	../.cache/pip/http-v2/9/
	../.cache/pip/http-v2/a/0/
	../.cache/pip/http-v2/a/1/
	../.cache/pip/http-v2/a/2/
	../.cache/pip/http-v2/a/6/
	../.cache/pip/http-v2/a/7/
	../.cache/pip/http-v2/a/c/5/
	../.cache/pip/http-v2/b/
	../.cache/pip/http-v2/c/
	../.cache/pip/http-v2/d/
	../.cache/pip/http-v2/e/1/
	../.cache/pip/http-v2/e/2/
	../.cache/pip/http-v2/e/7/
	../.cache/pip/http-v2/e/c/
	../.cache/pip/http-v2/f/
	../.lesshst
	../GGTI_NODE/
	../GGTI_RECON/
	../downloads/

no changes added to commit (use "git add" and/or "git commit -a")
Everything up-to-date
[✔] GLOBAL NODE UPDATED.
[*] HEARTBEAT SYNC: 21:55:02 | LED: GREEN
[!] CHANGES DETECTED. INITIATING GLOBAL NODE SYNC...
On branch main
Your branch is up to date with 'origin/main'.

Changes not staged for commit:
  (use "git add/rm <file>..." to update what will be committed)
  (use "git restore <file>..." to discard changes in working directory)
	modified:   ../.bash_history
	modified:   ../.cache/pip/http-v2/4/b/e/0/7/4be07d3ac353e38d2c9e3a257cad36ee2a758fc88b4cd5f0d479a5a9
	modified:   ../.cache/pip/http-v2/8/b/2/4/2/8b24226e2da88df4abeee0d8ca6bce79b19ca2bcd5f94b543939c66c
	modified:   ../.cache/pip/http-v2/8/b/2/4/2/8b24226e2da88df4abeee0d8ca6bce79b19ca2bcd5f94b543939c66c.body
	modified:   ../.gitconfig
	deleted:    ../financial_ledger.md
	modified:   ../servicing_manifest.md

Untracked files:
  (use "git add <file>..." to include in what will be committed)
	../.bashrc
	../.cache/pip/http-v2/0/4/
	../.cache/pip/http-v2/0/5/
	../.cache/pip/http-v2/0/a/
	../.cache/pip/http-v2/0/b/
	../.cache/pip/http-v2/0/d/
	../.cache/pip/http-v2/1/4/
	../.cache/pip/http-v2/1/6/
	../.cache/pip/http-v2/1/7/
	../.cache/pip/http-v2/1/8/
	../.cache/pip/http-v2/1/a/
	../.cache/pip/http-v2/1/f/
	../.cache/pip/http-v2/2/3/
	../.cache/pip/http-v2/2/5/
	../.cache/pip/http-v2/2/6/
	../.cache/pip/http-v2/2/7/
	../.cache/pip/http-v2/2/b/7/
	../.cache/pip/http-v2/2/b/c/
	../.cache/pip/http-v2/3/0/
	../.cache/pip/http-v2/3/1/
	../.cache/pip/http-v2/3/5/
	../.cache/pip/http-v2/3/7/
	../.cache/pip/http-v2/3/8/
	../.cache/pip/http-v2/3/d/
	../.cache/pip/http-v2/4/3/
	../.cache/pip/http-v2/4/4/
	../.cache/pip/http-v2/4/8/
	../.cache/pip/http-v2/4/f/
	../.cache/pip/http-v2/5/2/
	../.cache/pip/http-v2/5/6/
	../.cache/pip/http-v2/5/7/
	../.cache/pip/http-v2/5/a/
	../.cache/pip/http-v2/5/b/4/
	../.cache/pip/http-v2/5/c/
	../.cache/pip/http-v2/6/
	../.cache/pip/http-v2/7/4/
	../.cache/pip/http-v2/7/9/
	../.cache/pip/http-v2/7/e/
	../.cache/pip/http-v2/8/1/
	../.cache/pip/http-v2/8/6/
	../.cache/pip/http-v2/8/7/
	../.cache/pip/http-v2/8/8/7/
	../.cache/pip/http-v2/8/8/f/7/
	../.cache/pip/http-v2/8/9/
	../.cache/pip/http-v2/8/c/
	../.cache/pip/http-v2/8/d/7/
	../.cache/pip/http-v2/8/d/a/
	../.cache/pip/http-v2/8/e/
	../.cache/pip/http-v2/9/
	../.cache/pip/http-v2/a/0/
	../.cache/pip/http-v2/a/1/
	../.cache/pip/http-v2/a/2/
	../.cache/pip/http-v2/a/6/
	../.cache/pip/http-v2/a/7/
	../.cache/pip/http-v2/a/c/5/
	../.cache/pip/http-v2/b/
	../.cache/pip/http-v2/c/
	../.cache/pip/http-v2/d/
	../.cache/pip/http-v2/e/1/
	../.cache/pip/http-v2/e/2/
	../.cache/pip/http-v2/e/7/
	../.cache/pip/http-v2/e/c/
	../.cache/pip/http-v2/f/
	../.lesshst
	../GGTI_NODE/
	../GGTI_RECON/
	../downloads/

no changes added to commit (use "git add" and/or "git commit -a")
Everything up-to-date
[✔] GLOBAL NODE UPDATED.
[*] HEARTBEAT SYNC: 21:55:13 | LED: GREEN
[!] CHANGES DETECTED. INITIATING GLOBAL NODE SYNC...
On branch main
Your branch is up to date with 'origin/main'.

Changes not staged for commit:
  (use "git add/rm <file>..." to update what will be committed)
  (use "git restore <file>..." to discard changes in working directory)
	modified:   ../.bash_history
	modified:   ../.cache/pip/http-v2/4/b/e/0/7/4be07d3ac353e38d2c9e3a257cad36ee2a758fc88b4cd5f0d479a5a9
	modified:   ../.cache/pip/http-v2/8/b/2/4/2/8b24226e2da88df4abeee0d8ca6bce79b19ca2bcd5f94b543939c66c
	modified:   ../.cache/pip/http-v2/8/b/2/4/2/8b24226e2da88df4abeee0d8ca6bce79b19ca2bcd5f94b543939c66c.body
	modified:   ../.gitconfig
	deleted:    ../financial_ledger.md
	modified:   ../servicing_manifest.md

Untracked files:
  (use "git add <file>..." to include in what will be committed)
	../.bashrc
	../.cache/pip/http-v2/0/4/
	../.cache/pip/http-v2/0/5/
	../.cache/pip/http-v2/0/a/
	../.cache/pip/http-v2/0/b/
	../.cache/pip/http-v2/0/d/
	../.cache/pip/http-v2/1/4/
	../.cache/pip/http-v2/1/6/
	../.cache/pip/http-v2/1/7/
	../.cache/pip/http-v2/1/8/
	../.cache/pip/http-v2/1/a/
	../.cache/pip/http-v2/1/f/
	../.cache/pip/http-v2/2/3/
	../.cache/pip/http-v2/2/5/
	../.cache/pip/http-v2/2/6/
	../.cache/pip/http-v2/2/7/
	../.cache/pip/http-v2/2/b/7/
	../.cache/pip/http-v2/2/b/c/
	../.cache/pip/http-v2/3/0/
	../.cache/pip/http-v2/3/1/
	../.cache/pip/http-v2/3/5/
	../.cache/pip/http-v2/3/7/
	../.cache/pip/http-v2/3/8/
	../.cache/pip/http-v2/3/d/
	../.cache/pip/http-v2/4/3/
	../.cache/pip/http-v2/4/4/
	../.cache/pip/http-v2/4/8/
	../.cache/pip/http-v2/4/f/
	../.cache/pip/http-v2/5/2/
	../.cache/pip/http-v2/5/6/
	../.cache/pip/http-v2/5/7/
	../.cache/pip/http-v2/5/a/
	../.cache/pip/http-v2/5/b/4/
	../.cache/pip/http-v2/5/c/
	../.cache/pip/http-v2/6/
	../.cache/pip/http-v2/7/4/
	../.cache/pip/http-v2/7/9/
	../.cache/pip/http-v2/7/e/
	../.cache/pip/http-v2/8/1/
	../.cache/pip/http-v2/8/6/
	../.cache/pip/http-v2/8/7/
	../.cache/pip/http-v2/8/8/7/
	../.cache/pip/http-v2/8/8/f/7/
	../.cache/pip/http-v2/8/9/
	../.cache/pip/http-v2/8/c/
	../.cache/pip/http-v2/8/d/7/
	../.cache/pip/http-v2/8/d/a/
	../.cache/pip/http-v2/8/e/
	../.cache/pip/http-v2/9/
	../.cache/pip/http-v2/a/0/
	../.cache/pip/http-v2/a/1/
	../.cache/pip/http-v2/a/2/
	../.cache/pip/http-v2/a/6/
	../.cache/pip/http-v2/a/7/
	../.cache/pip/http-v2/a/c/5/
	../.cache/pip/http-v2/b/
	../.cache/pip/http-v2/c/
	../.cache/pip/http-v2/d/
	../.cache/pip/http-v2/e/1/
	../.cache/pip/http-v2/e/2/
	../.cache/pip/http-v2/e/7/
	../.cache/pip/http-v2/e/c/
	../.cache/pip/http-v2/f/
	../.lesshst
	../GGTI_NODE/
	../GGTI_RECON/
	../downloads/

no changes added to commit (use "git add" and/or "git commit -a")
Everything up-to-date
[✔] GLOBAL NODE UPDATED.
[*] HEARTBEAT SYNC: 21:55:24 | LED: GREEN
[!] CHANGES DETECTED. INITIATING GLOBAL NODE SYNC...
On branch main
Your branch is up to date with 'origin/main'.

Changes not staged for commit:
  (use "git add/rm <file>..." to update what will be committed)
  (use "git restore <file>..." to discard changes in working directory)
	modified:   ../.bash_history
	modified:   ../.cache/pip/http-v2/4/b/e/0/7/4be07d3ac353e38d2c9e3a257cad36ee2a758fc88b4cd5f0d479a5a9
	modified:   ../.cache/pip/http-v2/8/b/2/4/2/8b24226e2da88df4abeee0d8ca6bce79b19ca2bcd5f94b543939c66c
	modified:   ../.cache/pip/http-v2/8/b/2/4/2/8b24226e2da88df4abeee0d8ca6bce79b19ca2bcd5f94b543939c66c.body
	modified:   ../.gitconfig
	deleted:    ../financial_ledger.md
	modified:   ../servicing_manifest.md

Untracked files:
  (use "git add <file>..." to include in what will be committed)
	../.bashrc
	../.cache/pip/http-v2/0/4/
	../.cache/pip/http-v2/0/5/
	../.cache/pip/http-v2/0/a/
	../.cache/pip/http-v2/0/b/
	../.cache/pip/http-v2/0/d/
	../.cache/pip/http-v2/1/4/
	../.cache/pip/http-v2/1/6/
	../.cache/pip/http-v2/1/7/
	../.cache/pip/http-v2/1/8/
	../.cache/pip/http-v2/1/a/
	../.cache/pip/http-v2/1/f/
	../.cache/pip/http-v2/2/3/
	../.cache/pip/http-v2/2/5/
	../.cache/pip/http-v2/2/6/
	../.cache/pip/http-v2/2/7/
	../.cache/pip/http-v2/2/b/7/
	../.cache/pip/http-v2/2/b/c/
	../.cache/pip/http-v2/3/0/
	../.cache/pip/http-v2/3/1/
	../.cache/pip/http-v2/3/5/
	../.cache/pip/http-v2/3/7/
	../.cache/pip/http-v2/3/8/
	../.cache/pip/http-v2/3/d/
	../.cache/pip/http-v2/4/3/
	../.cache/pip/http-v2/4/4/
	../.cache/pip/http-v2/4/8/
	../.cache/pip/http-v2/4/f/
	../.cache/pip/http-v2/5/2/
	../.cache/pip/http-v2/5/6/
	../.cache/pip/http-v2/5/7/
	../.cache/pip/http-v2/5/a/
	../.cache/pip/http-v2/5/b/4/
	../.cache/pip/http-v2/5/c/
	../.cache/pip/http-v2/6/
	../.cache/pip/http-v2/7/4/
	../.cache/pip/http-v2/7/9/
	../.cache/pip/http-v2/7/e/
	../.cache/pip/http-v2/8/1/
	../.cache/pip/http-v2/8/6/
	../.cache/pip/http-v2/8/7/
	../.cache/pip/http-v2/8/8/7/
	../.cache/pip/http-v2/8/8/f/7/
	../.cache/pip/http-v2/8/9/
	../.cache/pip/http-v2/8/c/
	../.cache/pip/http-v2/8/d/7/
	../.cache/pip/http-v2/8/d/a/
	../.cache/pip/http-v2/8/e/
	../.cache/pip/http-v2/9/
	../.cache/pip/http-v2/a/0/
	../.cache/pip/http-v2/a/1/
	../.cache/pip/http-v2/a/2/
	../.cache/pip/http-v2/a/6/
	../.cache/pip/http-v2/a/7/
	../.cache/pip/http-v2/a/c/5/
	../.cache/pip/http-v2/b/
	../.cache/pip/http-v2/c/
	../.cache/pip/http-v2/d/
	../.cache/pip/http-v2/e/1/
	../.cache/pip/http-v2/e/2/
	../.cache/pip/http-v2/e/7/
	../.cache/pip/http-v2/e/c/
	../.cache/pip/http-v2/f/
	../.lesshst
	../GGTI_NODE/
	../GGTI_RECON/
	../downloads/

no changes added to commit (use "git add" and/or "git commit -a")
Everything up-to-date
[✔] GLOBAL NODE UPDATED.
[*] HEARTBEAT SYNC: 21:55:34 | LED: GREEN
[!] CHANGES DETECTED. INITIATING GLOBAL NODE SYNC...
On branch main
Your branch is up to date with 'origin/main'.

Changes not staged for commit:
  (use "git add/rm <file>..." to update what will be committed)
  (use "git restore <file>..." to discard changes in working directory)
	modified:   ../.bash_history
	modified:   ../.cache/pip/http-v2/4/b/e/0/7/4be07d3ac353e38d2c9e3a257cad36ee2a758fc88b4cd5f0d479a5a9
	modified:   ../.cache/pip/http-v2/8/b/2/4/2/8b24226e2da88df4abeee0d8ca6bce79b19ca2bcd5f94b543939c66c
	modified:   ../.cache/pip/http-v2/8/b/2/4/2/8b24226e2da88df4abeee0d8ca6bce79b19ca2bcd5f94b543939c66c.body
	modified:   ../.gitconfig
	deleted:    ../financial_ledger.md
	modified:   ../servicing_manifest.md

Untracked files:
  (use "git add <file>..." to include in what will be committed)
	../.bashrc
	../.cache/pip/http-v2/0/4/
	../.cache/pip/http-v2/0/5/
	../.cache/pip/http-v2/0/a/
	../.cache/pip/http-v2/0/b/
	../.cache/pip/http-v2/0/d/
	../.cache/pip/http-v2/1/4/
	../.cache/pip/http-v2/1/6/
	../.cache/pip/http-v2/1/7/
	../.cache/pip/http-v2/1/8/
	../.cache/pip/http-v2/1/a/
	../.cache/pip/http-v2/1/f/
	../.cache/pip/http-v2/2/3/
	../.cache/pip/http-v2/2/5/
	../.cache/pip/http-v2/2/6/
	../.cache/pip/http-v2/2/7/
	../.cache/pip/http-v2/2/b/7/
	../.cache/pip/http-v2/2/b/c/
	../.cache/pip/http-v2/3/0/
	../.cache/pip/http-v2/3/1/
	../.cache/pip/http-v2/3/5/
	../.cache/pip/http-v2/3/7/
	../.cache/pip/http-v2/3/8/
	../.cache/pip/http-v2/3/d/
	../.cache/pip/http-v2/4/3/
	../.cache/pip/http-v2/4/4/
	../.cache/pip/http-v2/4/8/
	../.cache/pip/http-v2/4/f/
	../.cache/pip/http-v2/5/2/
	../.cache/pip/http-v2/5/6/
	../.cache/pip/http-v2/5/7/
	../.cache/pip/http-v2/5/a/
	../.cache/pip/http-v2/5/b/4/
	../.cache/pip/http-v2/5/c/
	../.cache/pip/http-v2/6/
	../.cache/pip/http-v2/7/4/
	../.cache/pip/http-v2/7/9/
	../.cache/pip/http-v2/7/e/
	../.cache/pip/http-v2/8/1/
	../.cache/pip/http-v2/8/6/
	../.cache/pip/http-v2/8/7/
	../.cache/pip/http-v2/8/8/7/
	../.cache/pip/http-v2/8/8/f/7/
	../.cache/pip/http-v2/8/9/
	../.cache/pip/http-v2/8/c/
	../.cache/pip/http-v2/8/d/7/
	../.cache/pip/http-v2/8/d/a/
	../.cache/pip/http-v2/8/e/
	../.cache/pip/http-v2/9/
	../.cache/pip/http-v2/a/0/
	../.cache/pip/http-v2/a/1/
	../.cache/pip/http-v2/a/2/
	../.cache/pip/http-v2/a/6/
	../.cache/pip/http-v2/a/7/
	../.cache/pip/http-v2/a/c/5/
	../.cache/pip/http-v2/b/
	../.cache/pip/http-v2/c/
	../.cache/pip/http-v2/d/
	../.cache/pip/http-v2/e/1/
	../.cache/pip/http-v2/e/2/
	../.cache/pip/http-v2/e/7/
	../.cache/pip/http-v2/e/c/
	../.cache/pip/http-v2/f/
	../.lesshst
	../GGTI_NODE/
	../GGTI_RECON/
	../downloads/

no changes added to commit (use "git add" and/or "git commit -a")
Everything up-to-date
[✔] GLOBAL NODE UPDATED.
[*] HEARTBEAT SYNC: 21:55:45 | LED: GREEN
[*] HEARTBEAT SYNC: 21:55:55 | LED: GREEN
[*] HEARTBEAT SYNC: 21:56:05 | LED: GREEN
[*] HEARTBEAT SYNC: 21:56:15 | LED: GREEN
[*] HEARTBEAT SYNC: 21:56:25 | LED: GREEN
[*] HEARTBEAT SYNC: 21:56:35 | LED: GREEN
[*] HEARTBEAT SYNC: 21:56:45 | LED: GREEN
[*] HEARTBEAT SYNC: 21:56:55 | LED: GREEN
[*] HEARTBEAT SYNC: 21:57:05 | LED: GREEN
[*] HEARTBEAT SYNC: 21:57:15 | LED: GREEN
[*] HEARTBEAT SYNC: 21:57:25 | LED: GREEN
[*] HEARTBEAT SYNC: 21:57:35 | LED: GREEN
[*] HEARTBEAT SYNC: 21:57:45 | LED: GREEN
[*] HEARTBEAT SYNC: 21:57:55 | LED: GREEN
[*] HEARTBEAT SYNC: 21:58:05 | LED: GREEN
[*] HEARTBEAT SYNC: 21:58:15 | LED: GREEN
[*] HEARTBEAT SYNC: 21:58:25 | LED: GREEN
[*] HEARTBEAT SYNC: 21:58:35 | LED: GREEN
[*] HEARTBEAT SYNC: 21:58:45 | LED: GREEN
[*] HEARTBEAT SYNC: 21:58:56 | LED: GREEN
[*] HEARTBEAT SYNC: 21:59:06 | LED: GREEN
[*] HEARTBEAT SYNC: 21:59:16 | LED: GREEN
[*] HEARTBEAT SYNC: 21:59:26 | LED: GREEN
[*] HEARTBEAT SYNC: 21:59:36 | LED: GREEN
[*] HEARTBEAT SYNC: 21:59:46 | LED: GREEN
[*] HEARTBEAT SYNC: 21:59:56 | LED: GREEN
[*] HEARTBEAT SYNC: 22:00:06 | LED: GREEN
[*] HEARTBEAT SYNC: 22:00:16 | LED: GREEN
[*] HEARTBEAT SYNC: 22:00:26 | LED: GREEN
[*] HEARTBEAT SYNC: 22:00:37 | LED: GREEN
[*] HEARTBEAT SYNC: 22:00:47 | LED: GREEN
[*] HEARTBEAT SYNC: 22:00:57 | LED: GREEN
[*] HEARTBEAT SYNC: 22:01:07 | LED: GREEN
[*] HEARTBEAT SYNC: 22:01:17 | LED: GREEN
[*] HEARTBEAT SYNC: 22:01:27 | LED: GREEN
[*] HEARTBEAT SYNC: 22:01:37 | LED: GREEN
[*] HEARTBEAT SYNC: 22:01:47 | LED: GREEN
[*] HEARTBEAT SYNC: 22:01:57 | LED: GREEN
[*] HEARTBEAT SYNC: 22:02:07 | LED: GREEN
[*] HEARTBEAT SYNC: 22:02:17 | LED: GREEN
[*] HEARTBEAT SYNC: 22:02:27 | LED: GREEN
[*] HEARTBEAT SYNC: 22:02:37 | LED: GREEN
[*] HEARTBEAT SYNC: 22:02:47 | LED: GREEN
[*] HEARTBEAT SYNC: 22:02:57 | LED: GREEN
[*] HEARTBEAT SYNC: 22:03:07 | LED: GREEN
[*] HEARTBEAT SYNC: 22:03:17 | LED: GREEN
[*] HEARTBEAT SYNC: 22:03:27 | LED: GREEN
[*] HEARTBEAT SYNC: 22:03:37 | LED: GREEN
[*] HEARTBEAT SYNC: 22:03:47 | LED: GREEN
[*] HEARTBEAT SYNC: 22:03:57 | LED: GREEN
[*] HEARTBEAT SYNC: 22:04:08 | LED: GREEN
[*] HEARTBEAT SYNC: 22:04:18 | LED: GREEN
[*] HEARTBEAT SYNC: 22:04:28 | LED: GREEN
[*] HEARTBEAT SYNC: 22:04:38 | LED: GREEN
[*] HEARTBEAT SYNC: 22:04:48 | LED: GREEN
[*] HEARTBEAT SYNC: 22:04:58 | LED: GREEN
[*] HEARTBEAT SYNC: 22:05:08 | LED: GREEN
[*] HEARTBEAT SYNC: 22:05:18 | LED: GREEN
[*] HEARTBEAT SYNC: 22:05:28 | LED: GREEN
[*] HEARTBEAT SYNC: 22:05:38 | LED: GREEN
[*] HEARTBEAT SYNC: 22:05:48 | LED: GREEN
[*] HEARTBEAT SYNC: 22:05:58 | LED: GREEN
[*] HEARTBEAT SYNC: 22:06:08 | LED: GREEN
[*] HEARTBEAT SYNC: 22:06:18 | LED: GREEN
[*] HEARTBEAT SYNC: 22:07:16 | LED: GREEN
[*] HEARTBEAT SYNC: 22:15:33 | LED: GREEN
[*] HEARTBEAT SYNC: 22:22:18 | LED: GREEN
[*] HEARTBEAT SYNC: 22:22:28 | LED: GREEN
[*] HEARTBEAT SYNC: 22:22:39 | LED: GREEN
[*] HEARTBEAT SYNC: 22:22:49 | LED: GREEN
[*] HEARTBEAT SYNC: 22:22:59 | LED: GREEN
[*] HEARTBEAT SYNC: 22:23:09 | LED: GREEN
[*] HEARTBEAT SYNC: 22:23:19 | LED: GREEN
[*] HEARTBEAT SYNC: 22:23:29 | LED: GREEN
[*] HEARTBEAT SYNC: 22:23:39 | LED: GREEN
[*] HEARTBEAT SYNC: 22:23:49 | LED: GREEN
[*] HEARTBEAT SYNC: 22:23:59 | LED: GREEN
[*] HEARTBEAT SYNC: 22:24:09 | LED: GREEN
[*] HEARTBEAT SYNC: 22:24:19 | LED: GREEN
[*] HEARTBEAT SYNC: 22:24:30 | LED: GREEN
[*] HEARTBEAT SYNC: 22:24:40 | LED: GREEN
[*] HEARTBEAT SYNC: 22:24:50 | LED: GREEN
[*] HEARTBEAT SYNC: 22:25:00 | LED: GREEN
[*] HEARTBEAT SYNC: 22:25:10 | LED: GREEN
[*] HEARTBEAT SYNC: 22:25:20 | LED: GREEN
[*] HEARTBEAT SYNC: 22:25:30 | LED: GREEN
[*] HEARTBEAT SYNC: 22:25:40 | LED: GREEN
[*] HEARTBEAT SYNC: 22:25:50 | LED: GREEN
[*] HEARTBEAT SYNC: 22:26:00 | LED: GREEN
[*] HEARTBEAT SYNC: 22:26:10 | LED: GREEN
[*] HEARTBEAT SYNC: 22:26:20 | LED: GREEN
[*] HEARTBEAT SYNC: 22:26:30 | LED: GREEN
[*] HEARTBEAT SYNC: 22:26:41 | LED: GREEN
[*] HEARTBEAT SYNC: 22:26:51 | LED: GREEN
[*] HEARTBEAT SYNC: 22:27:01 | LED: GREEN
[*] HEARTBEAT SYNC: 22:27:11 | LED: GREEN
[*] HEARTBEAT SYNC: 22:27:21 | LED: GREEN
[*] HEARTBEAT SYNC: 22:27:31 | LED: GREEN
[*] HEARTBEAT SYNC: 22:27:41 | LED: GREEN
[*] HEARTBEAT SYNC: 22:27:51 | LED: GREEN
[*] HEARTBEAT SYNC: 22:28:01 | LED: GREEN
[*] HEARTBEAT SYNC: 22:28:11 | LED: GREEN
[*] HEARTBEAT SYNC: 22:28:21 | LED: GREEN
[*] HEARTBEAT SYNC: 22:28:31 | LED: GREEN
[*] HEARTBEAT SYNC: 22:28:42 | LED: GREEN
[*] HEARTBEAT SYNC: 22:28:52 | LED: GREEN
[*] HEARTBEAT SYNC: 22:29:02 | LED: GREEN
[*] HEARTBEAT SYNC: 22:29:12 | LED: GREEN
[*] HEARTBEAT SYNC: 22:29:22 | LED: GREEN
[*] HEARTBEAT SYNC: 22:29:32 | LED: GREEN
[*] HEARTBEAT SYNC: 22:29:42 | LED: GREEN
[*] HEARTBEAT SYNC: 22:29:52 | LED: GREEN
[*] HEARTBEAT SYNC: 22:30:02 | LED: GREEN
[*] HEARTBEAT SYNC: 22:30:12 | LED: GREEN
[*] HEARTBEAT SYNC: 22:30:22 | LED: GREEN
[*] HEARTBEAT SYNC: 22:30:32 | LED: GREEN
[*] HEARTBEAT SYNC: 22:30:42 | LED: GREEN
[*] HEARTBEAT SYNC: 22:30:52 | LED: GREEN
[*] HEARTBEAT SYNC: 22:31:02 | LED: GREEN
[*] HEARTBEAT SYNC: 22:31:12 | LED: GREEN
[*] HEARTBEAT SYNC: 22:31:22 | LED: GREEN
[*] HEARTBEAT SYNC: 22:31:32 | LED: GREEN
[*] HEARTBEAT SYNC: 22:31:43 | LED: GREEN
[*] HEARTBEAT SYNC: 22:31:53 | LED: GREEN
[*] HEARTBEAT SYNC: 22:32:03 | LED: GREEN
[*] HEARTBEAT SYNC: 22:32:13 | LED: GREEN
[*] HEARTBEAT SYNC: 22:32:23 | LED: GREEN
[*] HEARTBEAT SYNC: 22:32:33 | LED: GREEN
[*] HEARTBEAT SYNC: 22:32:43 | LED: GREEN
[*] HEARTBEAT SYNC: 22:32:53 | LED: GREEN
[*] HEARTBEAT SYNC: 22:33:03 | LED: GREEN
[*] HEARTBEAT SYNC: 22:33:13 | LED: GREEN
[*] HEARTBEAT SYNC: 22:33:23 | LED: GREEN
[*] HEARTBEAT SYNC: 22:33:33 | LED: GREEN
[*] HEARTBEAT SYNC: 22:33:43 | LED: GREEN
[*] HEARTBEAT SYNC: 22:33:53 | LED: GREEN
[*] HEARTBEAT SYNC: 22:34:03 | LED: GREEN
[*] HEARTBEAT SYNC: 22:34:13 | LED: GREEN
[*] HEARTBEAT SYNC: 22:34:23 | LED: GREEN
[*] HEARTBEAT SYNC: 22:34:34 | LED: GREEN
[*] HEARTBEAT SYNC: 22:34:44 | LED: GREEN
[*] HEARTBEAT SYNC: 22:34:54 | LED: GREEN
[*] HEARTBEAT SYNC: 22:35:04 | LED: GREEN
[*] HEARTBEAT SYNC: 22:35:14 | LED: GREEN
[*] HEARTBEAT SYNC: 22:35:24 | LED: GREEN
[*] HEARTBEAT SYNC: 22:35:34 | LED: GREEN
[*] HEARTBEAT SYNC: 22:35:44 | LED: GREEN
[*] HEARTBEAT SYNC: 22:35:54 | LED: GREEN
[*] HEARTBEAT SYNC: 22:36:04 | LED: GREEN
[*] HEARTBEAT SYNC: 22:36:14 | LED: GREEN
[*] HEARTBEAT SYNC: 22:36:24 | LED: GREEN
[*] HEARTBEAT SYNC: 22:36:34 | LED: GREEN
[*] HEARTBEAT SYNC: 22:36:45 | LED: GREEN
[*] HEARTBEAT SYNC: 22:36:55 | LED: GREEN
[*] HEARTBEAT SYNC: 22:37:05 | LED: GREEN
[*] HEARTBEAT SYNC: 22:37:15 | LED: GREEN
[*] HEARTBEAT SYNC: 22:37:25 | LED: GREEN
[*] HEARTBEAT SYNC: 22:37:35 | LED: GREEN
[*] HEARTBEAT SYNC: 22:37:45 | LED: GREEN
[*] HEARTBEAT SYNC: 22:37:55 | LED: GREEN
[*] HEARTBEAT SYNC: 22:38:05 | LED: GREEN
[*] HEARTBEAT SYNC: 22:38:16 | LED: GREEN
[*] HEARTBEAT SYNC: 22:38:26 | LED: GREEN
[*] HEARTBEAT SYNC: 22:38:36 | LED: GREEN
[*] HEARTBEAT SYNC: 22:38:46 | LED: GREEN
[*] HEARTBEAT SYNC: 22:38:56 | LED: GREEN
[*] HEARTBEAT SYNC: 22:39:06 | LED: GREEN
[*] HEARTBEAT SYNC: 22:39:16 | LED: GREEN
[*] HEARTBEAT SYNC: 22:39:26 | LED: GREEN
[*] HEARTBEAT SYNC: 22:39:36 | LED: GREEN
[*] HEARTBEAT SYNC: 22:39:46 | LED: GREEN
[*] HEARTBEAT SYNC: 22:39:56 | LED: GREEN
[*] HEARTBEAT SYNC: 22:40:06 | LED: GREEN
[*] HEARTBEAT SYNC: 22:40:16 | LED: GREEN
[*] HEARTBEAT SYNC: 22:40:26 | LED: GREEN
[*] HEARTBEAT SYNC: 22:40:36 | LED: GREEN
[*] HEARTBEAT SYNC: 22:40:46 | LED: GREEN
[*] HEARTBEAT SYNC: 22:40:56 | LED: GREEN
[*] HEARTBEAT SYNC: 22:41:06 | LED: GREEN
[*] HEARTBEAT SYNC: 22:41:16 | LED: GREEN
[*] HEARTBEAT SYNC: 22:41:26 | LED: GREEN
[*] HEARTBEAT SYNC: 22:41:36 | LED: GREEN
[*] HEARTBEAT SYNC: 22:41:46 | LED: GREEN
[*] HEARTBEAT SYNC: 22:41:56 | LED: GREEN
[*] HEARTBEAT SYNC: 22:42:07 | LED: GREEN
[*] HEARTBEAT SYNC: 22:42:17 | LED: GREEN
[*] HEARTBEAT SYNC: 22:42:27 | LED: GREEN
[*] HEARTBEAT SYNC: 22:42:37 | LED: GREEN
[*] HEARTBEAT SYNC: 22:42:47 | LED: GREEN
[*] HEARTBEAT SYNC: 22:42:57 | LED: GREEN
[*] HEARTBEAT SYNC: 22:43:07 | LED: GREEN
[*] HEARTBEAT SYNC: 22:43:17 | LED: GREEN
[*] HEARTBEAT SYNC: 22:43:27 | LED: GREEN
[*] HEARTBEAT SYNC: 22:43:37 | LED: GREEN
[*] HEARTBEAT SYNC: 22:43:47 | LED: GREEN
[*] HEARTBEAT SYNC: 22:43:57 | LED: GREEN
[*] HEARTBEAT SYNC: 22:44:07 | LED: GREEN
[*] HEARTBEAT SYNC: 22:44:17 | LED: GREEN
[*] HEARTBEAT SYNC: 22:44:27 | LED: GREEN
[*] HEARTBEAT SYNC: 22:44:37 | LED: GREEN
[*] HEARTBEAT SYNC: 22:44:47 | LED: GREEN
[*] HEARTBEAT SYNC: 22:44:57 | LED: GREEN
[*] HEARTBEAT SYNC: 22:45:08 | LED: GREEN
[*] HEARTBEAT SYNC: 22:45:18 | LED: GREEN
[*] HEARTBEAT SYNC: 22:45:28 | LED: GREEN
[*] HEARTBEAT SYNC: 22:45:38 | LED: GREEN
[*] HEARTBEAT SYNC: 22:45:48 | LED: GREEN
[*] HEARTBEAT SYNC: 22:45:58 | LED: GREEN
[*] HEARTBEAT SYNC: 22:46:08 | LED: GREEN
[*] HEARTBEAT SYNC: 22:46:18 | LED: GREEN
[*] HEARTBEAT SYNC: 22:46:28 | LED: GREEN
[*] HEARTBEAT SYNC: 22:46:38 | LED: GREEN
[*] HEARTBEAT SYNC: 22:46:48 | LED: GREEN
[*] HEARTBEAT SYNC: 22:46:58 | LED: GREEN
[*] HEARTBEAT SYNC: 22:47:08 | LED: GREEN
[*] HEARTBEAT SYNC: 22:47:18 | LED: GREEN
[*] HEARTBEAT SYNC: 22:47:28 | LED: GREEN
[*] HEARTBEAT SYNC: 22:47:38 | LED: GREEN
[*] HEARTBEAT SYNC: 22:47:48 | LED: GREEN
[*] HEARTBEAT SYNC: 22:47:58 | LED: GREEN
[*] HEARTBEAT SYNC: 22:48:08 | LED: GREEN
[*] HEARTBEAT SYNC: 22:48:18 | LED: GREEN
[*] HEARTBEAT SYNC: 22:48:28 | LED: GREEN
[*] HEARTBEAT SYNC: 22:48:38 | LED: GREEN
[*] HEARTBEAT SYNC: 22:48:48 | LED: GREEN
[*] HEARTBEAT SYNC: 22:48:58 | LED: GREEN
[*] HEARTBEAT SYNC: 22:49:09 | LED: GREEN
[*] HEARTBEAT SYNC: 22:49:19 | LED: GREEN
[*] HEARTBEAT SYNC: 22:49:29 | LED: GREEN
[*] HEARTBEAT SYNC: 22:49:39 | LED: GREEN
[*] HEARTBEAT SYNC: 22:49:49 | LED: GREEN
[*] HEARTBEAT SYNC: 22:49:59 | LED: GREEN
[*] HEARTBEAT SYNC: 22:50:09 | LED: GREEN
[*] HEARTBEAT SYNC: 22:50:19 | LED: GREEN
[*] HEARTBEAT SYNC: 22:50:29 | LED: GREEN
[*] HEARTBEAT SYNC: 22:50:39 | LED: GREEN
[*] HEARTBEAT SYNC: 22:50:49 | LED: GREEN
[*] HEARTBEAT SYNC: 22:50:59 | LED: GREEN
[*] HEARTBEAT SYNC: 22:51:09 | LED: GREEN
[*] HEARTBEAT SYNC: 22:51:19 | LED: GREEN
[*] HEARTBEAT SYNC: 22:51:29 | LED: GREEN
[*] HEARTBEAT SYNC: 22:51:39 | LED: GREEN
[*] HEARTBEAT SYNC: 22:51:49 | LED: GREEN
[*] HEARTBEAT SYNC: 22:51:59 | LED: GREEN
[*] HEARTBEAT SYNC: 22:52:09 | LED: GREEN
[*] HEARTBEAT SYNC: 22:52:19 | LED: GREEN
[*] HEARTBEAT SYNC: 22:52:30 | LED: GREEN
[*] HEARTBEAT SYNC: 22:52:40 | LED: GREEN
[*] HEARTBEAT SYNC: 22:52:50 | LED: GREEN
[*] HEARTBEAT SYNC: 22:53:00 | LED: GREEN
[*] HEARTBEAT SYNC: 22:53:10 | LED: GREEN
[*] HEARTBEAT SYNC: 22:53:20 | LED: GREEN
[*] HEARTBEAT SYNC: 22:53:30 | LED: GREEN
[*] HEARTBEAT SYNC: 22:53:40 | LED: GREEN
[*] HEARTBEAT SYNC: 22:53:50 | LED: GREEN
[*] HEARTBEAT SYNC: 22:54:00 | LED: GREEN
[*] HEARTBEAT SYNC: 22:54:10 | LED: GREEN
[*] HEARTBEAT SYNC: 22:54:20 | LED: GREEN
[*] HEARTBEAT SYNC: 22:54:30 | LED: GREEN
[*] HEARTBEAT SYNC: 22:54:40 | LED: GREEN
[*] HEARTBEAT SYNC: 22:54:50 | LED: GREEN
[*] HEARTBEAT SYNC: 22:55:00 | LED: GREEN
[*] HEARTBEAT SYNC: 22:55:10 | LED: GREEN
[*] HEARTBEAT SYNC: 22:55:20 | LED: GREEN
[*] HEARTBEAT SYNC: 22:55:30 | LED: GREEN
[*] HEARTBEAT SYNC: 22:55:40 | LED: GREEN
[*] HEARTBEAT SYNC: 22:55:50 | LED: GREEN
[*] HEARTBEAT SYNC: 22:56:01 | LED: GREEN
[*] HEARTBEAT SYNC: 22:56:11 | LED: GREEN
[*] HEARTBEAT SYNC: 22:56:21 | LED: GREEN
[*] HEARTBEAT SYNC: 22:56:31 | LED: GREEN
[*] HEARTBEAT SYNC: 22:56:41 | LED: GREEN
[*] HEARTBEAT SYNC: 22:56:51 | LED: GREEN
[*] HEARTBEAT SYNC: 22:57:01 | LED: GREEN
[*] HEARTBEAT SYNC: 22:57:11 | LED: GREEN
[*] HEARTBEAT SYNC: 22:57:21 | LED: GREEN
[*] HEARTBEAT SYNC: 22:57:31 | LED: GREEN
[*] HEARTBEAT SYNC: 22:57:41 | LED: GREEN
[*] HEARTBEAT SYNC: 22:57:51 | LED: GREEN
[*] HEARTBEAT SYNC: 22:58:01 | LED: GREEN
[*] HEARTBEAT SYNC: 22:58:11 | LED: GREEN
[*] HEARTBEAT SYNC: 22:58:21 | LED: GREEN
[*] HEARTBEAT SYNC: 22:58:31 | LED: GREEN
[*] HEARTBEAT SYNC: 22:58:41 | LED: GREEN
[*] HEARTBEAT SYNC: 22:58:51 | LED: GREEN
[*] HEARTBEAT SYNC: 22:59:01 | LED: GREEN
[*] HEARTBEAT SYNC: 22:59:12 | LED: GREEN
[*] HEARTBEAT SYNC: 22:59:22 | LED: GREEN
[*] HEARTBEAT SYNC: 22:59:32 | LED: GREEN
[*] HEARTBEAT SYNC: 22:59:42 | LED: GREEN
[*] HEARTBEAT SYNC: 22:59:52 | LED: GREEN
[*] HEARTBEAT SYNC: 23:00:02 | LED: GREEN
[*] HEARTBEAT SYNC: 23:00:12 | LED: GREEN
[*] HEARTBEAT SYNC: 23:00:22 | LED: GREEN
[*] HEARTBEAT SYNC: 23:00:32 | LED: GREEN
[*] HEARTBEAT SYNC: 23:00:42 | LED: GREEN
[*] HEARTBEAT SYNC: 23:00:52 | LED: GREEN
[*] HEARTBEAT SYNC: 23:01:02 | LED: GREEN
[*] HEARTBEAT SYNC: 23:01:12 | LED: GREEN
[*] HEARTBEAT SYNC: 23:01:22 | LED: GREEN
[*] HEARTBEAT SYNC: 23:01:32 | LED: GREEN
[*] HEARTBEAT SYNC: 23:01:42 | LED: GREEN
[*] HEARTBEAT SYNC: 23:01:52 | LED: GREEN
[*] HEARTBEAT SYNC: 23:02:02 | LED: GREEN
[*] HEARTBEAT SYNC: 23:02:12 | LED: GREEN
[*] HEARTBEAT SYNC: 23:02:22 | LED: GREEN
[*] HEARTBEAT SYNC: 23:02:32 | LED: GREEN
[*] HEARTBEAT SYNC: 23:02:42 | LED: GREEN
[*] HEARTBEAT SYNC: 23:02:52 | LED: GREEN
[*] HEARTBEAT SYNC: 23:03:02 | LED: GREEN
[*] HEARTBEAT SYNC: 23:03:13 | LED: GREEN
[*] HEARTBEAT SYNC: 23:03:23 | LED: GREEN
[*] HEARTBEAT SYNC: 23:03:33 | LED: GREEN
[*] HEARTBEAT SYNC: 23:03:43 | LED: GREEN
[*] HEARTBEAT SYNC: 23:03:53 | LED: GREEN
[*] HEARTBEAT SYNC: 23:04:03 | LED: GREEN
[*] HEARTBEAT SYNC: 23:04:14 | LED: GREEN
[*] HEARTBEAT SYNC: 23:04:24 | LED: GREEN
[*] HEARTBEAT SYNC: 23:04:34 | LED: GREEN
[*] HEARTBEAT SYNC: 23:04:44 | LED: GREEN
[*] HEARTBEAT SYNC: 23:04:54 | LED: GREEN
[*] HEARTBEAT SYNC: 23:05:04 | LED: GREEN
[*] HEARTBEAT SYNC: 23:05:14 | LED: GREEN
[*] HEARTBEAT SYNC: 23:05:24 | LED: GREEN
[*] HEARTBEAT SYNC: 23:05:34 | LED: GREEN
[*] HEARTBEAT SYNC: 23:05:44 | LED: GREEN
[*] HEARTBEAT SYNC: 23:05:54 | LED: GREEN
[*] HEARTBEAT SYNC: 23:06:04 | LED: GREEN
[*] HEARTBEAT SYNC: 23:06:14 | LED: GREEN
[*] HEARTBEAT SYNC: 23:06:24 | LED: GREEN
[*] HEARTBEAT SYNC: 23:06:34 | LED: GREEN
[*] HEARTBEAT SYNC: 23:06:44 | LED: GREEN
[*] HEARTBEAT SYNC: 23:06:54 | LED: GREEN
[*] HEARTBEAT SYNC: 23:07:04 | LED: GREEN
[*] HEARTBEAT SYNC: 23:07:15 | LED: GREEN
[*] HEARTBEAT SYNC: 23:07:25 | LED: GREEN
[*] HEARTBEAT SYNC: 23:07:35 | LED: GREEN
[*] HEARTBEAT SYNC: 23:07:45 | LED: GREEN
[*] HEARTBEAT SYNC: 23:07:55 | LED: GREEN
[*] HEARTBEAT SYNC: 23:08:05 | LED: GREEN
[*] HEARTBEAT SYNC: 23:08:15 | LED: GREEN
[*] HEARTBEAT SYNC: 23:08:25 | LED: GREEN
[*] HEARTBEAT SYNC: 23:08:35 | LED: GREEN
[*] HEARTBEAT SYNC: 23:08:45 | LED: GREEN
[*] HEARTBEAT SYNC: 23:08:55 | LED: GREEN
[*] HEARTBEAT SYNC: 23:09:05 | LED: GREEN
[*] HEARTBEAT SYNC: 23:09:15 | LED: GREEN
[*] HEARTBEAT SYNC: 23:09:25 | LED: GREEN
[*] HEARTBEAT SYNC: 23:09:35 | LED: GREEN
[*] HEARTBEAT SYNC: 23:09:45 | LED: GREEN
[*] HEARTBEAT SYNC: 23:09:55 | LED: GREEN
[*] HEARTBEAT SYNC: 23:10:06 | LED: GREEN
[*] HEARTBEAT SYNC: 23:10:16 | LED: GREEN
[*] HEARTBEAT SYNC: 23:10:26 | LED: GREEN
[*] HEARTBEAT SYNC: 23:10:36 | LED: GREEN
[*] HEARTBEAT SYNC: 23:10:46 | LED: GREEN
[*] HEARTBEAT SYNC: 23:10:56 | LED: GREEN
[*] HEARTBEAT SYNC: 23:11:06 | LED: GREEN
[*] HEARTBEAT SYNC: 23:11:16 | LED: GREEN
[*] HEARTBEAT SYNC: 23:11:26 | LED: GREEN
[*] HEARTBEAT SYNC: 23:11:36 | LED: GREEN
[*] HEARTBEAT SYNC: 23:11:46 | LED: GREEN
[*] HEARTBEAT SYNC: 23:11:56 | LED: GREEN
[*] HEARTBEAT SYNC: 23:12:06 | LED: GREEN
[*] HEARTBEAT SYNC: 23:12:16 | LED: GREEN
[*] HEARTBEAT SYNC: 23:12:26 | LED: GREEN
[*] HEARTBEAT SYNC: 23:12:36 | LED: GREEN
[*] HEARTBEAT SYNC: 23:12:46 | LED: GREEN
[*] HEARTBEAT SYNC: 23:12:56 | LED: GREEN
[*] HEARTBEAT SYNC: 23:13:06 | LED: GREEN
[*] HEARTBEAT SYNC: 23:13:16 | LED: GREEN
[*] HEARTBEAT SYNC: 23:13:26 | LED: GREEN
[*] HEARTBEAT SYNC: 23:13:37 | LED: GREEN
[*] HEARTBEAT SYNC: 23:13:47 | LED: GREEN
[*] HEARTBEAT SYNC: 23:14:01 | LED: GREEN
[*] HEARTBEAT SYNC: 23:14:11 | LED: GREEN
[*] HEARTBEAT SYNC: 23:14:21 | LED: GREEN
[*] HEARTBEAT SYNC: 23:14:31 | LED: GREEN
[*] HEARTBEAT SYNC: 23:14:41 | LED: GREEN
[*] HEARTBEAT SYNC: 23:14:51 | LED: GREEN
[*] HEARTBEAT SYNC: 23:15:06 | LED: GREEN
[*] HEARTBEAT SYNC: 23:15:16 | LED: GREEN
[*] HEARTBEAT SYNC: 23:15:26 | LED: GREEN
[*] HEARTBEAT SYNC: 23:15:36 | LED: GREEN
[*] HEARTBEAT SYNC: 23:15:47 | LED: GREEN
[*] HEARTBEAT SYNC: 23:15:57 | LED: GREEN
[*] HEARTBEAT SYNC: 23:16:07 | LED: GREEN
[*] HEARTBEAT SYNC: 23:16:17 | LED: GREEN
[*] HEARTBEAT SYNC: 23:16:27 | LED: GREEN
[*] HEARTBEAT SYNC: 23:16:37 | LED: GREEN
[*] HEARTBEAT SYNC: 23:16:47 | LED: GREEN
[*] HEARTBEAT SYNC: 23:16:57 | LED: GREEN
[*] HEARTBEAT SYNC: 23:17:07 | LED: GREEN
[*] HEARTBEAT SYNC: 23:17:17 | LED: GREEN
[*] HEARTBEAT SYNC: 23:17:27 | LED: GREEN
[*] HEARTBEAT SYNC: 23:17:37 | LED: GREEN
[*] HEARTBEAT SYNC: 23:17:47 | LED: GREEN
[*] HEARTBEAT SYNC: 23:17:57 | LED: GREEN
[*] HEARTBEAT SYNC: 23:18:07 | LED: GREEN
[*] HEARTBEAT SYNC: 23:18:17 | LED: GREEN
[*] HEARTBEAT SYNC: 23:18:27 | LED: GREEN
[*] HEARTBEAT SYNC: 23:18:37 | LED: GREEN
[*] HEARTBEAT SYNC: 23:18:47 | LED: GREEN
[*] HEARTBEAT SYNC: 23:18:57 | LED: GREEN
[*] HEARTBEAT SYNC: 23:19:07 | LED: GREEN
[*] HEARTBEAT SYNC: 23:19:17 | LED: GREEN
[*] HEARTBEAT SYNC: 23:19:28 | LED: GREEN
[*] HEARTBEAT SYNC: 23:19:38 | LED: GREEN
[*] HEARTBEAT SYNC: 23:19:48 | LED: GREEN
[*] HEARTBEAT SYNC: 23:19:58 | LED: GREEN
[*] HEARTBEAT SYNC: 23:20:08 | LED: GREEN
[*] HEARTBEAT SYNC: 23:20:18 | LED: GREEN
[*] HEARTBEAT SYNC: 23:20:28 | LED: GREEN
[*] HEARTBEAT SYNC: 23:20:38 | LED: GREEN
[*] HEARTBEAT SYNC: 23:20:48 | LED: GREEN
[*] HEARTBEAT SYNC: 23:20:58 | LED: GREEN
[*] HEARTBEAT SYNC: 23:21:08 | LED: GREEN
[*] HEARTBEAT SYNC: 23:21:18 | LED: GREEN
[*] HEARTBEAT SYNC: 23:21:28 | LED: GREEN
[*] HEARTBEAT SYNC: 23:21:38 | LED: GREEN
[*] HEARTBEAT SYNC: 23:21:48 | LED: GREEN
[*] HEARTBEAT SYNC: 23:21:58 | LED: GREEN
[*] HEARTBEAT SYNC: 23:22:08 | LED: GREEN
[*] HEARTBEAT SYNC: 23:22:18 | LED: GREEN
[*] HEARTBEAT SYNC: 23:22:28 | LED: GREEN
[*] HEARTBEAT SYNC: 23:22:38 | LED: GREEN
[*] HEARTBEAT SYNC: 23:22:48 | LED: GREEN
[*] HEARTBEAT SYNC: 23:22:59 | LED: GREEN
[*] HEARTBEAT SYNC: 23:23:09 | LED: GREEN
[*] HEARTBEAT SYNC: 23:23:19 | LED: GREEN
[*] HEARTBEAT SYNC: 23:23:29 | LED: GREEN
[*] HEARTBEAT SYNC: 23:23:39 | LED: GREEN
[*] HEARTBEAT SYNC: 23:23:49 | LED: GREEN
[*] HEARTBEAT SYNC: 23:23:59 | LED: GREEN
[*] HEARTBEAT SYNC: 23:24:09 | LED: GREEN
[*] HEARTBEAT SYNC: 23:24:19 | LED: GREEN
[*] HEARTBEAT SYNC: 23:24:29 | LED: GREEN
[*] HEARTBEAT SYNC: 23:24:39 | LED: GREEN
[*] HEARTBEAT SYNC: 23:24:49 | LED: GREEN
[*] HEARTBEAT SYNC: 23:24:59 | LED: GREEN
[*] HEARTBEAT SYNC: 23:25:09 | LED: GREEN
[*] HEARTBEAT SYNC: 23:25:19 | LED: GREEN
[*] HEARTBEAT SYNC: 23:25:30 | LED: GREEN
[*] HEARTBEAT SYNC: 23:25:40 | LED: GREEN
[*] HEARTBEAT SYNC: 23:25:50 | LED: GREEN
[*] HEARTBEAT SYNC: 23:26:00 | LED: GREEN
[*] HEARTBEAT SYNC: 23:26:10 | LED: GREEN
[*] HEARTBEAT SYNC: 23:26:20 | LED: GREEN
[*] HEARTBEAT SYNC: 23:26:30 | LED: GREEN
[*] HEARTBEAT SYNC: 23:26:40 | LED: GREEN
[*] HEARTBEAT SYNC: 23:26:50 | LED: GREEN
[*] HEARTBEAT SYNC: 23:27:00 | LED: GREEN
[*] HEARTBEAT SYNC: 23:27:10 | LED: GREEN
[*] HEARTBEAT SYNC: 23:27:20 | LED: GREEN
[*] HEARTBEAT SYNC: 23:27:30 | LED: GREEN
[*] HEARTBEAT SYNC: 23:27:40 | LED: GREEN
[*] HEARTBEAT SYNC: 23:27:50 | LED: GREEN
[*] HEARTBEAT SYNC: 23:28:00 | LED: GREEN
[*] HEARTBEAT SYNC: 23:28:10 | LED: GREEN
[*] HEARTBEAT SYNC: 23:28:21 | LED: GREEN
[*] HEARTBEAT SYNC: 23:28:31 | LED: GREEN
[*] HEARTBEAT SYNC: 23:28:41 | LED: GREEN
[*] HEARTBEAT SYNC: 23:28:51 | LED: GREEN
[!] CHANGES DETECTED. INITIATING GLOBAL NODE SYNC...
fatal: Unable to create '/data/data/com.termux/files/home/Jackson-Node/.git/index.lock': File exists.

Another git process seems to be running in this repository, or the lock file may be stale
fatal: Unable to create '/data/data/com.termux/files/home/Jackson-Node/.git/index.lock': File exists.

Another git process seems to be running in this repository, or the lock file may be stale
Everything up-to-date
[✔] GLOBAL NODE UPDATED.
[*] HEARTBEAT SYNC: 23:29:02 | LED: GREEN
[*] HEARTBEAT SYNC: 23:29:12 | LED: GREEN
[*] HEARTBEAT SYNC: 23:29:22 | LED: GREEN
[*] HEARTBEAT SYNC: 23:29:32 | LED: GREEN
[*] HEARTBEAT SYNC: 23:29:42 | LED: GREEN
[*] HEARTBEAT SYNC: 23:29:52 | LED: GREEN
[!] CHANGES DETECTED. INITIATING GLOBAL NODE SYNC...
fatal: Unable to create '/data/data/com.termux/files/home/Jackson-Node/.git/index.lock': File exists.

Another git process seems to be running in this repository, or the lock file may be stale
fatal: Unable to create '/data/data/com.termux/files/home/Jackson-Node/.git/index.lock': File exists.

Another git process seems to be running in this repository, or the lock file may be stale
Everything up-to-date
[✔] GLOBAL NODE UPDATED.
[*] HEARTBEAT SYNC: 23:30:03 | LED: GREEN
[*] HEARTBEAT SYNC: 23:30:14 | LED: GREEN
[*] HEARTBEAT SYNC: 23:30:24 | LED: GREEN
[*] HEARTBEAT SYNC: 23:30:34 | LED: GREEN
[*] HEARTBEAT SYNC: 23:30:44 | LED: GREEN
[*] HEARTBEAT SYNC: 23:30:54 | LED: GREEN
[*] HEARTBEAT SYNC: 23:31:05 | LED: GREEN
[*] HEARTBEAT SYNC: 23:31:15 | LED: GREEN
[*] HEARTBEAT SYNC: 23:31:25 | LED: GREEN
[*] HEARTBEAT SYNC: 23:31:35 | LED: GREEN
[*] HEARTBEAT SYNC: 23:31:45 | LED: GREEN
[*] HEARTBEAT SYNC: 23:31:55 | LED: GREEN
[*] HEARTBEAT SYNC: 23:32:05 | LED: GREEN
[*] HEARTBEAT SYNC: 23:32:15 | LED: GREEN
[*] HEARTBEAT SYNC: 23:32:25 | LED: GREEN
[*] HEARTBEAT SYNC: 23:32:35 | LED: GREEN
[!] CHANGES DETECTED. INITIATING GLOBAL NODE SYNC...
fatal: Unable to create '/data/data/com.termux/files/home/Jackson-Node/.git/index.lock': File exists.

Another git process seems to be running in this repository, or the lock file may be stale
Everything up-to-date
[✔] GLOBAL NODE UPDATED.
[*] HEARTBEAT SYNC: 23:32:46 | LED: GREEN
[!] CHANGES DETECTED. INITIATING GLOBAL NODE SYNC...
[main 16938ac] GGTI_AUTO_SYNC: 2026-05-11 23:32:46
 1 file changed, 3 insertions(+), 1 deletion(-)
To https://github.com/delonbouler617-main/Jackson-Node.git
   759b519..16938ac  main -> main
[✔] GLOBAL NODE UPDATED.
[*] HEARTBEAT SYNC: 23:32:57 | LED: GREEN
[*] HEARTBEAT SYNC: 23:33:07 | LED: GREEN
[*] HEARTBEAT SYNC: 23:33:17 | LED: GREEN
[*] HEARTBEAT SYNC: 23:33:27 | LED: GREEN
[*] HEARTBEAT SYNC: 23:33:37 | LED: GREEN
[*] HEARTBEAT SYNC: 23:33:47 | LED: GREEN
[*] HEARTBEAT SYNC: 23:33:57 | LED: GREEN
[*] HEARTBEAT SYNC: 23:34:07 | LED: GREEN
[*] HEARTBEAT SYNC: 23:34:17 | LED: GREEN
[*] HEARTBEAT SYNC: 23:34:27 | LED: GREEN
[*] HEARTBEAT SYNC: 23:34:38 | LED: GREEN
[*] HEARTBEAT SYNC: 23:34:48 | LED: GREEN
[*] HEARTBEAT SYNC: 23:34:58 | LED: GREEN
[*] HEARTBEAT SYNC: 23:35:08 | LED: GREEN
[*] HEARTBEAT SYNC: 23:35:18 | LED: GREEN
[*] HEARTBEAT SYNC: 23:35:28 | LED: GREEN
[*] HEARTBEAT SYNC: 23:35:38 | LED: GREEN
[*] HEARTBEAT SYNC: 23:35:49 | LED: GREEN
[*] HEARTBEAT SYNC: 23:35:59 | LED: GREEN
[*] HEARTBEAT SYNC: 23:36:09 | LED: GREEN
[!] CHANGES DETECTED. INITIATING GLOBAL NODE SYNC...
On branch main
nothing to commit, working tree clean
To https://github.com/delonbouler617-main/Jackson-Node.git
 ! [remote rejected] main -> main (cannot lock ref 'refs/heads/main': is at 41d67c143e6e4fa39e6bd8e7ca4667b2b61ba88a but expected a41d379a2a620d63fe2f043a307f03de1407481a)
error: failed to push some refs to 'https://github.com/delonbouler617-main/Jackson-Node.git'
[✔] GLOBAL NODE UPDATED.
[*] HEARTBEAT SYNC: 23:36:20 | LED: GREEN
[*] HEARTBEAT SYNC: 23:36:31 | LED: GREEN
[*] HEARTBEAT SYNC: 23:36:41 | LED: GREEN
[*] HEARTBEAT SYNC: 23:36:51 | LED: GREEN
[*] HEARTBEAT SYNC: 23:37:01 | LED: GREEN
[*] HEARTBEAT SYNC: 23:37:11 | LED: GREEN
[*] HEARTBEAT SYNC: 23:37:22 | LED: GREEN
[*] HEARTBEAT SYNC: 23:37:32 | LED: GREEN
[*] HEARTBEAT SYNC: 23:37:42 | LED: GREEN
[*] HEARTBEAT SYNC: 23:37:52 | LED: GREEN
[*] HEARTBEAT SYNC: 23:38:02 | LED: GREEN
[*] HEARTBEAT SYNC: 23:38:12 | LED: GREEN
[*] HEARTBEAT SYNC: 23:38:22 | LED: GREEN
[*] HEARTBEAT SYNC: 23:38:32 | LED: GREEN
[*] HEARTBEAT SYNC: 23:38:42 | LED: GREEN
[*] HEARTBEAT SYNC: 23:38:52 | LED: GREEN
[*] HEARTBEAT SYNC: 23:39:02 | LED: GREEN
[*] HEARTBEAT SYNC: 23:39:12 | LED: GREEN
[*] HEARTBEAT SYNC: 23:39:22 | LED: GREEN
[*] HEARTBEAT SYNC: 23:39:32 | LED: GREEN
[*] HEARTBEAT SYNC: 23:39:43 | LED: GREEN
[*] HEARTBEAT SYNC: 23:39:53 | LED: GREEN
[*] HEARTBEAT SYNC: 23:40:03 | LED: GREEN
[*] HEARTBEAT SYNC: 23:40:13 | LED: GREEN
[*] HEARTBEAT SYNC: 23:40:23 | LED: GREEN
[*] HEARTBEAT SYNC: 23:40:33 | LED: GREEN
[*] HEARTBEAT SYNC: 23:40:43 | LED: GREEN
[*] HEARTBEAT SYNC: 23:40:53 | LED: GREEN
[*] HEARTBEAT SYNC: 23:41:03 | LED: GREEN
[*] HEARTBEAT SYNC: 23:41:13 | LED: GREEN
[*] HEARTBEAT SYNC: 23:41:24 | LED: GREEN
[*] HEARTBEAT SYNC: 23:41:34 | LED: GREEN
[*] HEARTBEAT SYNC: 23:41:44 | LED: GREEN
[*] HEARTBEAT SYNC: 23:41:54 | LED: GREEN
[*] HEARTBEAT SYNC: 23:42:04 | LED: GREEN
[*] HEARTBEAT SYNC: 23:43:19 | LED: GREEN
[!] CHANGES DETECTED. INITIATING GLOBAL NODE SYNC...
fatal: Unable to create '/data/data/com.termux/files/home/Jackson-Node/.git/index.lock': File exists.

Another git process seems to be running in this repository, or the lock file may be stale
[main d4f6bad] GGTI_AUTO_SYNC: 2026-05-11 23:43:19
 1 file changed, 5 insertions(+), 5 deletions(-)
To https://github.com/delonbouler617-main/Jackson-Node.git
   64ee358..d4f6bad  main -> main
[✔] GLOBAL NODE UPDATED.
[*] HEARTBEAT SYNC: 23:43:31 | LED: GREEN
[*] HEARTBEAT SYNC: 23:43:41 | LED: GREEN
[*] HEARTBEAT SYNC: 23:43:51 | LED: GREEN
[*] HEARTBEAT SYNC: 23:44:01 | LED: GREEN
[*] HEARTBEAT SYNC: 23:44:11 | LED: GREEN
[*] HEARTBEAT SYNC: 23:44:21 | LED: GREEN
[*] HEARTBEAT SYNC: 23:44:31 | LED: GREEN
[*] HEARTBEAT SYNC: 23:44:41 | LED: GREEN
[*] HEARTBEAT SYNC: 23:44:51 | LED: GREEN
[*] HEARTBEAT SYNC: 23:45:01 | LED: GREEN
[*] HEARTBEAT SYNC: 23:45:11 | LED: GREEN
[*] HEARTBEAT SYNC: 23:45:21 | LED: GREEN
[*] HEARTBEAT SYNC: 23:45:31 | LED: GREEN
[*] HEARTBEAT SYNC: 23:45:41 | LED: GREEN
[*] HEARTBEAT SYNC: 23:45:51 | LED: GREEN
[*] HEARTBEAT SYNC: 23:46:01 | LED: GREEN
[*] HEARTBEAT SYNC: 23:46:11 | LED: GREEN
[*] HEARTBEAT SYNC: 23:46:22 | LED: GREEN
[*] HEARTBEAT SYNC: 23:46:32 | LED: GREEN
[*] HEARTBEAT SYNC: 23:46:42 | LED: GREEN
[*] HEARTBEAT SYNC: 23:46:52 | LED: GREEN
[*] HEARTBEAT SYNC: 23:47:02 | LED: GREEN
[*] HEARTBEAT SYNC: 23:47:12 | LED: GREEN
[*] HEARTBEAT SYNC: 23:47:22 | LED: GREEN
[*] HEARTBEAT SYNC: 23:47:32 | LED: GREEN
[*] HEARTBEAT SYNC: 23:47:42 | LED: GREEN
[*] HEARTBEAT SYNC: 23:47:52 | LED: GREEN
[*] HEARTBEAT SYNC: 23:48:02 | LED: GREEN
[*] HEARTBEAT SYNC: 23:48:12 | LED: GREEN
[*] HEARTBEAT SYNC: 23:48:22 | LED: GREEN
[*] HEARTBEAT SYNC: 23:48:32 | LED: GREEN
[*] HEARTBEAT SYNC: 23:48:42 | LED: GREEN
[*] HEARTBEAT SYNC: 23:48:52 | LED: GREEN
[*] HEARTBEAT SYNC: 23:49:02 | LED: GREEN
[*] HEARTBEAT SYNC: 23:49:12 | LED: GREEN
[*] HEARTBEAT SYNC: 23:49:22 | LED: GREEN
[*] HEARTBEAT SYNC: 23:49:32 | LED: GREEN
[*] HEARTBEAT SYNC: 23:49:42 | LED: GREEN
[*] HEARTBEAT SYNC: 23:49:52 | LED: GREEN
[*] HEARTBEAT SYNC: 23:50:02 | LED: GREEN
[*] HEARTBEAT SYNC: 23:50:12 | LED: GREEN
[*] HEARTBEAT SYNC: 23:50:23 | LED: GREEN
[*] HEARTBEAT SYNC: 23:50:33 | LED: GREEN
[*] HEARTBEAT SYNC: 23:50:43 | LED: GREEN
[*] HEARTBEAT SYNC: 23:50:53 | LED: GREEN
[*] HEARTBEAT SYNC: 23:51:03 | LED: GREEN
[*] HEARTBEAT SYNC: 23:51:13 | LED: GREEN
[*] HEARTBEAT SYNC: 23:51:23 | LED: GREEN
[*] HEARTBEAT SYNC: 23:51:33 | LED: GREEN
[*] HEARTBEAT SYNC: 23:51:43 | LED: GREEN
[*] HEARTBEAT SYNC: 23:51:53 | LED: GREEN
[*] HEARTBEAT SYNC: 23:52:03 | LED: GREEN
[*] HEARTBEAT SYNC: 23:52:13 | LED: GREEN
[*] HEARTBEAT SYNC: 23:52:23 | LED: GREEN
[*] HEARTBEAT SYNC: 23:52:33 | LED: GREEN
[*] HEARTBEAT SYNC: 23:52:43 | LED: GREEN
[*] HEARTBEAT SYNC: 23:52:53 | LED: GREEN
[*] HEARTBEAT SYNC: 23:53:03 | LED: GREEN
[*] HEARTBEAT SYNC: 23:53:13 | LED: GREEN
[*] HEARTBEAT SYNC: 23:53:23 | LED: GREEN
[*] HEARTBEAT SYNC: 23:53:33 | LED: GREEN
[*] HEARTBEAT SYNC: 23:53:43 | LED: GREEN
[*] HEARTBEAT SYNC: 23:53:53 | LED: GREEN
[*] HEARTBEAT SYNC: 23:54:03 | LED: GREEN
[*] HEARTBEAT SYNC: 23:54:13 | LED: GREEN
[*] HEARTBEAT SYNC: 23:54:24 | LED: GREEN
[*] HEARTBEAT SYNC: 23:54:34 | LED: GREEN
[*] HEARTBEAT SYNC: 23:54:44 | LED: GREEN
[*] HEARTBEAT SYNC: 23:54:54 | LED: GREEN
[*] HEARTBEAT SYNC: 23:55:04 | LED: GREEN
[*] HEARTBEAT SYNC: 23:55:14 | LED: GREEN
[*] HEARTBEAT SYNC: 23:55:24 | LED: GREEN
[*] HEARTBEAT SYNC: 23:55:34 | LED: GREEN
[*] HEARTBEAT SYNC: 23:55:44 | LED: GREEN
[*] HEARTBEAT SYNC: 23:55:54 | LED: GREEN
[*] HEARTBEAT SYNC: 23:56:04 | LED: GREEN
[*] HEARTBEAT SYNC: 23:56:14 | LED: GREEN
[*] HEARTBEAT SYNC: 23:56:24 | LED: GREEN
[*] HEARTBEAT SYNC: 23:56:34 | LED: GREEN
[*] HEARTBEAT SYNC: 23:56:44 | LED: GREEN
[*] HEARTBEAT SYNC: 23:56:54 | LED: GREEN
[*] HEARTBEAT SYNC: 23:57:04 | LED: GREEN
[*] HEARTBEAT SYNC: 23:57:14 | LED: GREEN
[*] HEARTBEAT SYNC: 23:57:24 | LED: GREEN
[*] HEARTBEAT SYNC: 23:57:34 | LED: GREEN
[*] HEARTBEAT SYNC: 23:57:44 | LED: GREEN
[*] HEARTBEAT SYNC: 23:57:54 | LED: GREEN
[*] HEARTBEAT SYNC: 23:58:04 | LED: GREEN
[*] HEARTBEAT SYNC: 23:58:15 | LED: GREEN
[*] HEARTBEAT SYNC: 23:58:25 | LED: GREEN
[*] HEARTBEAT SYNC: 23:58:35 | LED: GREEN
[*] HEARTBEAT SYNC: 23:58:45 | LED: GREEN
[*] HEARTBEAT SYNC: 23:58:55 | LED: GREEN
[*] HEARTBEAT SYNC: 23:59:05 | LED: GREEN
[*] HEARTBEAT SYNC: 23:59:15 | LED: GREEN
[*] HEARTBEAT SYNC: 23:59:25 | LED: GREEN
[*] HEARTBEAT SYNC: 23:59:35 | LED: GREEN
[*] HEARTBEAT SYNC: 23:59:45 | LED: GREEN
[*] HEARTBEAT SYNC: 23:59:55 | LED: GREEN
[*] HEARTBEAT SYNC: 00:00:05 | LED: GREEN
[*] HEARTBEAT SYNC: 00:00:15 | LED: GREEN
[*] HEARTBEAT SYNC: 00:00:25 | LED: GREEN
[*] HEARTBEAT SYNC: 00:00:36 | LED: GREEN
[*] HEARTBEAT SYNC: 00:00:46 | LED: GREEN
[*] HEARTBEAT SYNC: 00:00:56 | LED: GREEN
[*] HEARTBEAT SYNC: 00:01:06 | LED: GREEN
[*] HEARTBEAT SYNC: 00:01:16 | LED: GREEN
[*] HEARTBEAT SYNC: 00:01:26 | LED: GREEN
[*] HEARTBEAT SYNC: 00:01:36 | LED: GREEN
[*] HEARTBEAT SYNC: 00:01:46 | LED: GREEN
[*] HEARTBEAT SYNC: 00:01:56 | LED: GREEN
[*] HEARTBEAT SYNC: 00:02:06 | LED: GREEN
[*] HEARTBEAT SYNC: 00:02:16 | LED: GREEN
[*] HEARTBEAT SYNC: 00:02:27 | LED: GREEN
[!] CHANGES DETECTED. INITIATING GLOBAL NODE SYNC...
fatal: Unable to create '/data/data/com.termux/files/home/Jackson-Node/.git/index.lock': File exists.

Another git process seems to be running in this repository, or the lock file may be stale
[main b103cbc] GGTI_AUTO_SYNC: 2026-05-12 00:02:27
 1 file changed, 2 insertions(+), 2 deletions(-)
To https://github.com/delonbouler617-main/Jackson-Node.git
   6b64a33..b103cbc  main -> main
[✔] GLOBAL NODE UPDATED.
[*] HEARTBEAT SYNC: 00:02:51 | LED: GREEN
[*] HEARTBEAT SYNC: 00:03:01 | LED: GREEN
[*] HEARTBEAT SYNC: 00:03:11 | LED: GREEN
[*] HEARTBEAT SYNC: 00:03:24 | LED: GREEN
[*] HEARTBEAT SYNC: 00:03:37 | LED: GREEN
[*] HEARTBEAT SYNC: 00:03:49 | LED: GREEN
[*] HEARTBEAT SYNC: 00:03:59 | LED: GREEN
[*] HEARTBEAT SYNC: 00:04:09 | LED: GREEN
[*] HEARTBEAT SYNC: 00:04:19 | LED: GREEN
[*] HEARTBEAT SYNC: 00:04:29 | LED: GREEN
[*] HEARTBEAT SYNC: 00:04:39 | LED: GREEN
[*] HEARTBEAT SYNC: 00:04:49 | LED: GREEN
[*] HEARTBEAT SYNC: 00:04:59 | LED: GREEN
[*] HEARTBEAT SYNC: 00:05:09 | LED: GREEN
[*] HEARTBEAT SYNC: 00:05:19 | LED: GREEN
[*] HEARTBEAT SYNC: 00:05:29 | LED: GREEN
[*] HEARTBEAT SYNC: 00:05:39 | LED: GREEN
[*] HEARTBEAT SYNC: 00:05:49 | LED: GREEN
[*] HEARTBEAT SYNC: 00:05:59 | LED: GREEN
[*] HEARTBEAT SYNC: 00:06:09 | LED: GREEN
[*] HEARTBEAT SYNC: 00:06:19 | LED: GREEN
[*] HEARTBEAT SYNC: 00:06:29 | LED: GREEN
[*] HEARTBEAT SYNC: 00:06:39 | LED: GREEN
[*] HEARTBEAT SYNC: 00:06:49 | LED: GREEN
[*] HEARTBEAT SYNC: 00:06:59 | LED: GREEN
[*] HEARTBEAT SYNC: 00:07:09 | LED: GREEN
[*] HEARTBEAT SYNC: 00:07:19 | LED: GREEN
[*] HEARTBEAT SYNC: 00:07:29 | LED: GREEN
[*] HEARTBEAT SYNC: 00:07:39 | LED: GREEN
[*] HEARTBEAT SYNC: 00:07:49 | LED: GREEN
[*] HEARTBEAT SYNC: 00:07:59 | LED: GREEN
[*] HEARTBEAT SYNC: 00:08:09 | LED: GREEN
[*] HEARTBEAT SYNC: 00:08:19 | LED: GREEN
[*] HEARTBEAT SYNC: 00:08:30 | LED: GREEN
[*] HEARTBEAT SYNC: 00:08:40 | LED: GREEN
[*] HEARTBEAT SYNC: 00:08:50 | LED: GREEN
[*] HEARTBEAT SYNC: 00:09:00 | LED: GREEN
[*] HEARTBEAT SYNC: 00:09:10 | LED: GREEN
[*] HEARTBEAT SYNC: 00:09:20 | LED: GREEN
[*] HEARTBEAT SYNC: 00:09:30 | LED: GREEN
[*] HEARTBEAT SYNC: 00:09:40 | LED: GREEN
[*] HEARTBEAT SYNC: 00:09:50 | LED: GREEN
[*] HEARTBEAT SYNC: 00:10:00 | LED: GREEN
[*] HEARTBEAT SYNC: 00:10:10 | LED: GREEN
[*] HEARTBEAT SYNC: 00:10:20 | LED: GREEN
[*] HEARTBEAT SYNC: 00:10:30 | LED: GREEN
[*] HEARTBEAT SYNC: 00:10:41 | LED: GREEN
[*] HEARTBEAT SYNC: 00:10:51 | LED: GREEN
[*] HEARTBEAT SYNC: 00:11:01 | LED: GREEN
[*] HEARTBEAT SYNC: 00:11:11 | LED: GREEN
[*] HEARTBEAT SYNC: 00:11:21 | LED: GREEN
[*] HEARTBEAT SYNC: 00:11:31 | LED: GREEN
[*] HEARTBEAT SYNC: 00:11:41 | LED: GREEN
[*] HEARTBEAT SYNC: 00:11:51 | LED: GREEN
[*] HEARTBEAT SYNC: 00:12:01 | LED: GREEN
[*] HEARTBEAT SYNC: 00:12:11 | LED: GREEN
[*] HEARTBEAT SYNC: 00:12:21 | LED: GREEN
[*] HEARTBEAT SYNC: 00:12:31 | LED: GREEN
[*] HEARTBEAT SYNC: 00:12:41 | LED: GREEN
[*] HEARTBEAT SYNC: 00:12:51 | LED: GREEN
[*] HEARTBEAT SYNC: 00:13:01 | LED: GREEN
[*] HEARTBEAT SYNC: 00:13:11 | LED: GREEN
[*] HEARTBEAT SYNC: 00:13:21 | LED: GREEN
[*] HEARTBEAT SYNC: 00:13:31 | LED: GREEN
[*] HEARTBEAT SYNC: 00:13:41 | LED: GREEN
[*] HEARTBEAT SYNC: 00:13:51 | LED: GREEN
[*] HEARTBEAT SYNC: 00:14:01 | LED: GREEN
[*] HEARTBEAT SYNC: 00:14:11 | LED: GREEN
[*] HEARTBEAT SYNC: 00:14:21 | LED: GREEN
[*] HEARTBEAT SYNC: 00:14:31 | LED: GREEN
[*] HEARTBEAT SYNC: 00:14:41 | LED: GREEN
[*] HEARTBEAT SYNC: 00:14:51 | LED: GREEN
[*] HEARTBEAT SYNC: 00:15:01 | LED: GREEN
[*] HEARTBEAT SYNC: 00:15:11 | LED: GREEN
[*] HEARTBEAT SYNC: 00:15:22 | LED: GREEN
[*] HEARTBEAT SYNC: 00:16:15 | LED: GREEN
[*] HEARTBEAT SYNC: 00:16:48 | LED: GREEN
[*] HEARTBEAT SYNC: 00:16:58 | LED: GREEN
[*] HEARTBEAT SYNC: 00:17:08 | LED: GREEN
[*] HEARTBEAT SYNC: 00:17:18 | LED: GREEN
[*] HEARTBEAT SYNC: 00:17:28 | LED: GREEN
[*] HEARTBEAT SYNC: 00:17:38 | LED: GREEN
[*] HEARTBEAT SYNC: 00:17:48 | LED: GREEN
[*] HEARTBEAT SYNC: 00:17:58 | LED: GREEN
[*] HEARTBEAT SYNC: 00:18:08 | LED: GREEN
[*] HEARTBEAT SYNC: 00:18:18 | LED: GREEN
[*] HEARTBEAT SYNC: 00:18:29 | LED: GREEN
[*] HEARTBEAT SYNC: 00:18:39 | LED: GREEN
[*] HEARTBEAT SYNC: 00:18:49 | LED: GREEN
[*] HEARTBEAT SYNC: 00:18:59 | LED: GREEN
[*] HEARTBEAT SYNC: 00:19:09 | LED: GREEN
[*] HEARTBEAT SYNC: 00:19:19 | LED: GREEN
[*] HEARTBEAT SYNC: 00:19:29 | LED: GREEN
[*] HEARTBEAT SYNC: 00:19:39 | LED: GREEN
[*] HEARTBEAT SYNC: 00:19:49 | LED: GREEN
[*] HEARTBEAT SYNC: 00:19:59 | LED: GREEN
[*] HEARTBEAT SYNC: 00:20:09 | LED: GREEN
[*] HEARTBEAT SYNC: 00:20:19 | LED: GREEN
[*] HEARTBEAT SYNC: 00:20:29 | LED: GREEN
[*] HEARTBEAT SYNC: 00:20:39 | LED: GREEN
[*] HEARTBEAT SYNC: 00:20:49 | LED: GREEN
[*] HEARTBEAT SYNC: 00:20:59 | LED: GREEN
[*] HEARTBEAT SYNC: 00:21:09 | LED: GREEN
[*] HEARTBEAT SYNC: 00:21:19 | LED: GREEN
[*] HEARTBEAT SYNC: 00:21:29 | LED: GREEN
[*] HEARTBEAT SYNC: 00:21:39 | LED: GREEN
[*] HEARTBEAT SYNC: 00:21:50 | LED: GREEN
[*] HEARTBEAT SYNC: 00:22:00 | LED: GREEN
[*] HEARTBEAT SYNC: 00:22:10 | LED: GREEN
[*] HEARTBEAT SYNC: 00:22:20 | LED: GREEN
[*] HEARTBEAT SYNC: 00:22:30 | LED: GREEN
[*] HEARTBEAT SYNC: 00:22:40 | LED: GREEN
[*] HEARTBEAT SYNC: 00:22:50 | LED: GREEN
[*] HEARTBEAT SYNC: 00:23:00 | LED: GREEN
[*] HEARTBEAT SYNC: 00:23:10 | LED: GREEN
[*] HEARTBEAT SYNC: 00:23:20 | LED: GREEN
[*] HEARTBEAT SYNC: 00:23:30 | LED: GREEN
[*] HEARTBEAT SYNC: 00:23:40 | LED: GREEN
[*] HEARTBEAT SYNC: 00:23:50 | LED: GREEN
[*] HEARTBEAT SYNC: 00:24:00 | LED: GREEN
[*] HEARTBEAT SYNC: 00:24:10 | LED: GREEN
[*] HEARTBEAT SYNC: 00:24:20 | LED: GREEN
[*] HEARTBEAT SYNC: 00:24:30 | LED: GREEN
[*] HEARTBEAT SYNC: 00:24:40 | LED: GREEN
[*] HEARTBEAT SYNC: 00:24:50 | LED: GREEN
[*] HEARTBEAT SYNC: 00:25:00 | LED: GREEN
[*] HEARTBEAT SYNC: 00:25:10 | LED: GREEN
[*] HEARTBEAT SYNC: 00:25:20 | LED: GREEN
[*] HEARTBEAT SYNC: 00:25:30 | LED: GREEN
[*] HEARTBEAT SYNC: 00:25:41 | LED: GREEN
[*] HEARTBEAT SYNC: 00:25:51 | LED: GREEN
[*] HEARTBEAT SYNC: 00:26:01 | LED: GREEN
[*] HEARTBEAT SYNC: 00:26:11 | LED: GREEN
[*] HEARTBEAT SYNC: 00:26:21 | LED: GREEN
[*] HEARTBEAT SYNC: 00:26:31 | LED: GREEN
[*] HEARTBEAT SYNC: 00:26:41 | LED: GREEN
[*] HEARTBEAT SYNC: 00:26:51 | LED: GREEN
[*] HEARTBEAT SYNC: 00:27:01 | LED: GREEN
[*] HEARTBEAT SYNC: 00:27:11 | LED: GREEN
[*] HEARTBEAT SYNC: 00:27:21 | LED: GREEN
[*] HEARTBEAT SYNC: 00:27:31 | LED: GREEN
[*] HEARTBEAT SYNC: 00:27:41 | LED: GREEN
[*] HEARTBEAT SYNC: 00:27:51 | LED: GREEN
[*] HEARTBEAT SYNC: 00:28:01 | LED: GREEN
[*] HEARTBEAT SYNC: 00:28:11 | LED: GREEN
[*] HEARTBEAT SYNC: 00:28:21 | LED: GREEN
[*] HEARTBEAT SYNC: 00:28:31 | LED: GREEN
[*] HEARTBEAT SYNC: 00:28:41 | LED: GREEN
[*] HEARTBEAT SYNC: 00:28:51 | LED: GREEN
[*] HEARTBEAT SYNC: 00:29:01 | LED: GREEN
[*] HEARTBEAT SYNC: 00:29:11 | LED: GREEN
[*] HEARTBEAT SYNC: 00:29:21 | LED: GREEN
[*] HEARTBEAT SYNC: 00:29:31 | LED: GREEN
[*] HEARTBEAT SYNC: 00:29:42 | LED: GREEN
[*] HEARTBEAT SYNC: 00:29:52 | LED: GREEN
[*] HEARTBEAT SYNC: 00:30:02 | LED: GREEN
[*] HEARTBEAT SYNC: 00:30:12 | LED: GREEN
[*] HEARTBEAT SYNC: 00:30:22 | LED: GREEN
[*] HEARTBEAT SYNC: 00:30:32 | LED: GREEN
[*] HEARTBEAT SYNC: 00:30:42 | LED: GREEN
[*] HEARTBEAT SYNC: 00:30:52 | LED: GREEN
[*] HEARTBEAT SYNC: 00:31:02 | LED: GREEN
[*] HEARTBEAT SYNC: 00:31:12 | LED: GREEN
[*] HEARTBEAT SYNC: 00:31:22 | LED: GREEN
[*] HEARTBEAT SYNC: 00:31:32 | LED: GREEN
[*] HEARTBEAT SYNC: 00:31:42 | LED: GREEN
[*] HEARTBEAT SYNC: 00:31:52 | LED: GREEN
[*] HEARTBEAT SYNC: 00:32:02 | LED: GREEN
[*] HEARTBEAT SYNC: 00:32:12 | LED: GREEN
[*] HEARTBEAT SYNC: 00:32:22 | LED: GREEN
[*] HEARTBEAT SYNC: 00:32:32 | LED: GREEN
[*] HEARTBEAT SYNC: 00:32:42 | LED: GREEN
[*] HEARTBEAT SYNC: 00:32:52 | LED: GREEN
[*] HEARTBEAT SYNC: 00:33:02 | LED: GREEN
[*] HEARTBEAT SYNC: 00:33:12 | LED: GREEN
[*] HEARTBEAT SYNC: 00:33:22 | LED: GREEN
[*] HEARTBEAT SYNC: 00:33:33 | LED: GREEN
[*] HEARTBEAT SYNC: 00:33:43 | LED: GREEN
[*] HEARTBEAT SYNC: 00:33:53 | LED: GREEN
[*] HEARTBEAT SYNC: 00:34:03 | LED: GREEN
[*] HEARTBEAT SYNC: 00:34:13 | LED: GREEN
[*] HEARTBEAT SYNC: 00:34:23 | LED: GREEN
[*] HEARTBEAT SYNC: 00:34:33 | LED: GREEN
[*] HEARTBEAT SYNC: 00:34:43 | LED: GREEN
[*] HEARTBEAT SYNC: 00:34:53 | LED: GREEN
[*] HEARTBEAT SYNC: 00:35:03 | LED: GREEN
[*] HEARTBEAT SYNC: 00:35:13 | LED: GREEN
[*] HEARTBEAT SYNC: 00:35:23 | LED: GREEN
[*] HEARTBEAT SYNC: 00:35:33 | LED: GREEN
[*] HEARTBEAT SYNC: 00:35:44 | LED: GREEN
[*] HEARTBEAT SYNC: 00:35:54 | LED: GREEN
[*] HEARTBEAT SYNC: 00:36:04 | LED: GREEN
[*] HEARTBEAT SYNC: 00:36:14 | LED: GREEN
[*] HEARTBEAT SYNC: 00:36:25 | LED: GREEN
[*] HEARTBEAT SYNC: 00:36:35 | LED: GREEN
[*] HEARTBEAT SYNC: 00:36:45 | LED: GREEN
[*] HEARTBEAT SYNC: 00:36:55 | LED: GREEN
[*] HEARTBEAT SYNC: 00:37:05 | LED: GREEN
[!] CHANGES DETECTED. INITIATING GLOBAL NODE SYNC...
On branch main
nothing to commit, working tree clean
To https://github.com/delonbouler617-main/Jackson-Node.git
 ! [remote rejected] main -> main (cannot lock ref 'refs/heads/main': is at 5b6acc5edd8c108241c4282faac28ab6175a90a7 but expected 871dc9385b6b1448d52bec18c0a0903c88ce96c8)
error: failed to push some refs to 'https://github.com/delonbouler617-main/Jackson-Node.git'
[✔] GLOBAL NODE UPDATED.
[*] HEARTBEAT SYNC: 00:37:17 | LED: GREEN
[*] HEARTBEAT SYNC: 00:37:27 | LED: GREEN
[*] HEARTBEAT SYNC: 00:37:37 | LED: GREEN
[*] HEARTBEAT SYNC: 00:37:47 | LED: GREEN
[*] HEARTBEAT SYNC: 00:37:57 | LED: GREEN
[*] HEARTBEAT SYNC: 00:38:07 | LED: GREEN
[*] HEARTBEAT SYNC: 00:38:17 | LED: GREEN
[*] HEARTBEAT SYNC: 00:38:27 | LED: GREEN
[*] HEARTBEAT SYNC: 00:38:37 | LED: GREEN
[*] HEARTBEAT SYNC: 00:38:47 | LED: GREEN
[*] HEARTBEAT SYNC: 00:38:57 | LED: GREEN
[*] HEARTBEAT SYNC: 00:39:07 | LED: GREEN
[*] HEARTBEAT SYNC: 00:39:17 | LED: GREEN
[*] HEARTBEAT SYNC: 00:39:27 | LED: GREEN
[*] HEARTBEAT SYNC: 00:39:37 | LED: GREEN
[*] HEARTBEAT SYNC: 00:39:48 | LED: GREEN
[*] HEARTBEAT SYNC: 00:39:58 | LED: GREEN
[*] HEARTBEAT SYNC: 00:40:08 | LED: GREEN
[*] HEARTBEAT SYNC: 00:40:18 | LED: GREEN
[*] HEARTBEAT SYNC: 00:40:28 | LED: GREEN
[*] HEARTBEAT SYNC: 00:40:38 | LED: GREEN
[*] HEARTBEAT SYNC: 00:40:48 | LED: GREEN
[*] HEARTBEAT SYNC: 00:40:58 | LED: GREEN
[*] HEARTBEAT SYNC: 00:41:08 | LED: GREEN
[*] HEARTBEAT SYNC: 00:41:18 | LED: GREEN
[*] HEARTBEAT SYNC: 00:41:28 | LED: GREEN
[*] HEARTBEAT SYNC: 00:41:38 | LED: GREEN
[*] HEARTBEAT SYNC: 00:41:48 | LED: GREEN
[*] HEARTBEAT SYNC: 00:41:58 | LED: GREEN
[*] HEARTBEAT SYNC: 00:42:08 | LED: GREEN
[*] HEARTBEAT SYNC: 00:42:18 | LED: GREEN
[*] HEARTBEAT SYNC: 00:42:29 | LED: GREEN
[*] HEARTBEAT SYNC: 00:42:39 | LED: GREEN
[*] HEARTBEAT SYNC: 00:42:49 | LED: GREEN
[*] HEARTBEAT SYNC: 00:42:59 | LED: GREEN
[*] HEARTBEAT SYNC: 00:43:09 | LED: GREEN
[*] HEARTBEAT SYNC: 00:43:19 | LED: GREEN
[*] HEARTBEAT SYNC: 00:43:29 | LED: GREEN
[*] HEARTBEAT SYNC: 00:43:39 | LED: GREEN
[*] HEARTBEAT SYNC: 00:43:49 | LED: GREEN
[*] HEARTBEAT SYNC: 00:43:59 | LED: GREEN
[*] HEARTBEAT SYNC: 00:44:09 | LED: GREEN
[*] HEARTBEAT SYNC: 00:44:20 | LED: GREEN
[*] HEARTBEAT SYNC: 00:44:30 | LED: GREEN
[*] HEARTBEAT SYNC: 00:44:40 | LED: GREEN
[*] HEARTBEAT SYNC: 00:44:50 | LED: GREEN
[*] HEARTBEAT SYNC: 00:45:00 | LED: GREEN
[*] HEARTBEAT SYNC: 00:45:10 | LED: GREEN
[*] HEARTBEAT SYNC: 00:45:21 | LED: GREEN
[*] HEARTBEAT SYNC: 00:45:31 | LED: GREEN
[*] HEARTBEAT SYNC: 00:45:41 | LED: GREEN
[*] HEARTBEAT SYNC: 00:45:51 | LED: GREEN
[*] HEARTBEAT SYNC: 00:46:01 | LED: GREEN
[*] HEARTBEAT SYNC: 00:46:11 | LED: GREEN
[*] HEARTBEAT SYNC: 00:46:21 | LED: GREEN
[*] HEARTBEAT SYNC: 00:46:31 | LED: GREEN
[*] HEARTBEAT SYNC: 00:46:42 | LED: GREEN
[*] HEARTBEAT SYNC: 00:46:52 | LED: GREEN
[*] HEARTBEAT SYNC: 00:47:02 | LED: GREEN
[*] HEARTBEAT SYNC: 00:47:12 | LED: GREEN
[*] HEARTBEAT SYNC: 00:47:22 | LED: GREEN
[*] HEARTBEAT SYNC: 00:47:32 | LED: GREEN
[*] HEARTBEAT SYNC: 00:47:42 | LED: GREEN
[*] HEARTBEAT SYNC: 00:47:52 | LED: GREEN
[*] HEARTBEAT SYNC: 00:48:02 | LED: GREEN
[*] HEARTBEAT SYNC: 00:48:13 | LED: GREEN
[*] HEARTBEAT SYNC: 00:48:23 | LED: GREEN
[*] HEARTBEAT SYNC: 00:48:33 | LED: GREEN
[*] HEARTBEAT SYNC: 00:48:43 | LED: GREEN
[*] HEARTBEAT SYNC: 00:48:53 | LED: GREEN
[*] HEARTBEAT SYNC: 00:49:03 | LED: GREEN
[*] HEARTBEAT SYNC: 00:49:14 | LED: GREEN
[*] HEARTBEAT SYNC: 00:49:24 | LED: GREEN
[*] HEARTBEAT SYNC: 00:49:34 | LED: GREEN
[*] HEARTBEAT SYNC: 00:49:44 | LED: GREEN
[*] HEARTBEAT SYNC: 00:49:54 | LED: GREEN
[*] HEARTBEAT SYNC: 00:50:04 | LED: GREEN
[*] HEARTBEAT SYNC: 00:50:14 | LED: GREEN
[*] HEARTBEAT SYNC: 00:50:24 | LED: GREEN
[*] HEARTBEAT SYNC: 00:50:34 | LED: GREEN
[*] HEARTBEAT SYNC: 00:50:44 | LED: GREEN
[*] HEARTBEAT SYNC: 00:50:54 | LED: GREEN
[*] HEARTBEAT SYNC: 00:51:04 | LED: GREEN
[*] HEARTBEAT SYNC: 00:51:15 | LED: GREEN
[*] HEARTBEAT SYNC: 00:51:25 | LED: GREEN
[*] HEARTBEAT SYNC: 00:51:35 | LED: GREEN
[*] HEARTBEAT SYNC: 00:51:45 | LED: GREEN
[*] HEARTBEAT SYNC: 00:51:55 | LED: GREEN
[*] HEARTBEAT SYNC: 00:52:05 | LED: GREEN
[*] HEARTBEAT SYNC: 00:52:16 | LED: GREEN
[*] HEARTBEAT SYNC: 00:52:26 | LED: GREEN
[*] HEARTBEAT SYNC: 00:52:36 | LED: GREEN
[*] HEARTBEAT SYNC: 00:52:46 | LED: GREEN
[*] HEARTBEAT SYNC: 00:52:56 | LED: GREEN
[*] HEARTBEAT SYNC: 00:53:06 | LED: GREEN
[*] HEARTBEAT SYNC: 00:53:16 | LED: GREEN
[*] HEARTBEAT SYNC: 00:53:26 | LED: GREEN
[*] HEARTBEAT SYNC: 00:53:36 | LED: GREEN
[*] HEARTBEAT SYNC: 00:53:46 | LED: GREEN
[*] HEARTBEAT SYNC: 00:53:57 | LED: GREEN
[*] HEARTBEAT SYNC: 00:54:07 | LED: GREEN
[*] HEARTBEAT SYNC: 00:54:17 | LED: GREEN
[*] HEARTBEAT SYNC: 00:54:27 | LED: GREEN
[*] HEARTBEAT SYNC: 00:54:37 | LED: GREEN
[*] HEARTBEAT SYNC: 00:54:47 | LED: GREEN
[*] HEARTBEAT SYNC: 00:54:57 | LED: GREEN
[*] HEARTBEAT SYNC: 00:55:07 | LED: GREEN
[*] HEARTBEAT SYNC: 00:55:18 | LED: GREEN
[*] HEARTBEAT SYNC: 00:55:28 | LED: GREEN
[*] HEARTBEAT SYNC: 00:55:38 | LED: GREEN
[*] HEARTBEAT SYNC: 00:55:48 | LED: GREEN
[*] HEARTBEAT SYNC: 00:55:58 | LED: GREEN
[*] HEARTBEAT SYNC: 00:56:09 | LED: GREEN
[*] HEARTBEAT SYNC: 00:56:19 | LED: GREEN
[*] HEARTBEAT SYNC: 00:56:29 | LED: GREEN
[*] HEARTBEAT SYNC: 00:56:39 | LED: GREEN
[*] HEARTBEAT SYNC: 00:56:49 | LED: GREEN
[*] HEARTBEAT SYNC: 00:56:59 | LED: GREEN
[*] HEARTBEAT SYNC: 00:57:09 | LED: GREEN
[*] HEARTBEAT SYNC: 00:57:19 | LED: GREEN
[*] HEARTBEAT SYNC: 00:57:29 | LED: GREEN
[*] HEARTBEAT SYNC: 00:57:40 | LED: GREEN
[*] HEARTBEAT SYNC: 00:57:50 | LED: GREEN
[*] HEARTBEAT SYNC: 00:58:00 | LED: GREEN
[*] HEARTBEAT SYNC: 00:58:10 | LED: GREEN
[*] HEARTBEAT SYNC: 00:58:20 | LED: GREEN
[*] HEARTBEAT SYNC: 00:58:31 | LED: GREEN
[*] HEARTBEAT SYNC: 00:58:41 | LED: GREEN
[*] HEARTBEAT SYNC: 00:58:51 | LED: GREEN
[*] HEARTBEAT SYNC: 00:59:01 | LED: GREEN
[*] HEARTBEAT SYNC: 00:59:11 | LED: GREEN
[*] HEARTBEAT SYNC: 00:59:21 | LED: GREEN
[*] HEARTBEAT SYNC: 00:59:31 | LED: GREEN
[*] HEARTBEAT SYNC: 00:59:41 | LED: GREEN
[*] HEARTBEAT SYNC: 00:59:51 | LED: GREEN
[*] HEARTBEAT SYNC: 01:00:01 | LED: GREEN
[*] HEARTBEAT SYNC: 01:00:11 | LED: GREEN
[*] HEARTBEAT SYNC: 01:00:21 | LED: GREEN
[*] HEARTBEAT SYNC: 01:00:32 | LED: GREEN
[*] HEARTBEAT SYNC: 01:00:42 | LED: GREEN
[*] HEARTBEAT SYNC: 01:00:52 | LED: GREEN
[*] HEARTBEAT SYNC: 01:01:02 | LED: GREEN
[*] HEARTBEAT SYNC: 01:01:12 | LED: GREEN
[*] HEARTBEAT SYNC: 01:01:22 | LED: GREEN
[*] HEARTBEAT SYNC: 01:01:32 | LED: GREEN
[*] HEARTBEAT SYNC: 01:01:42 | LED: GREEN
[*] HEARTBEAT SYNC: 01:01:53 | LED: GREEN
[*] HEARTBEAT SYNC: 01:02:03 | LED: GREEN
[*] HEARTBEAT SYNC: 01:02:13 | LED: GREEN
[*] HEARTBEAT SYNC: 01:02:23 | LED: GREEN
[*] HEARTBEAT SYNC: 01:02:33 | LED: GREEN
[*] HEARTBEAT SYNC: 01:02:44 | LED: GREEN
[*] HEARTBEAT SYNC: 01:02:54 | LED: GREEN
[*] HEARTBEAT SYNC: 01:03:04 | LED: GREEN
[*] HEARTBEAT SYNC: 01:03:14 | LED: GREEN
[*] HEARTBEAT SYNC: 01:03:24 | LED: GREEN
[*] HEARTBEAT SYNC: 01:03:34 | LED: GREEN
[*] HEARTBEAT SYNC: 01:03:44 | LED: GREEN
[*] HEARTBEAT SYNC: 01:03:54 | LED: GREEN
[*] HEARTBEAT SYNC: 01:04:04 | LED: GREEN
[*] HEARTBEAT SYNC: 01:04:14 | LED: GREEN
[*] HEARTBEAT SYNC: 01:04:25 | LED: GREEN
[*] HEARTBEAT SYNC: 01:04:35 | LED: GREEN
[*] HEARTBEAT SYNC: 01:04:45 | LED: GREEN
[*] HEARTBEAT SYNC: 01:04:55 | LED: GREEN
[*] HEARTBEAT SYNC: 01:05:05 | LED: GREEN
[*] HEARTBEAT SYNC: 01:05:15 | LED: GREEN
[*] HEARTBEAT SYNC: 01:05:25 | LED: GREEN
[*] HEARTBEAT SYNC: 01:05:35 | LED: GREEN
[*] HEARTBEAT SYNC: 01:05:46 | LED: GREEN
[*] HEARTBEAT SYNC: 01:05:56 | LED: GREEN
[*] HEARTBEAT SYNC: 01:06:06 | LED: GREEN
[*] HEARTBEAT SYNC: 01:06:16 | LED: GREEN
[*] HEARTBEAT SYNC: 01:06:26 | LED: GREEN
[*] HEARTBEAT SYNC: 01:06:36 | LED: GREEN
[*] HEARTBEAT SYNC: 01:06:46 | LED: GREEN
[*] HEARTBEAT SYNC: 01:06:56 | LED: GREEN
[*] HEARTBEAT SYNC: 01:07:06 | LED: GREEN
[*] HEARTBEAT SYNC: 01:07:17 | LED: GREEN
[*] HEARTBEAT SYNC: 01:07:27 | LED: GREEN
[*] HEARTBEAT SYNC: 01:07:37 | LED: GREEN
[*] HEARTBEAT SYNC: 01:07:47 | LED: GREEN
[*] HEARTBEAT SYNC: 01:07:57 | LED: GREEN
[*] HEARTBEAT SYNC: 01:08:07 | LED: GREEN
[*] HEARTBEAT SYNC: 01:08:17 | LED: GREEN
[*] HEARTBEAT SYNC: 01:08:27 | LED: GREEN
[*] HEARTBEAT SYNC: 01:08:37 | LED: GREEN
[*] HEARTBEAT SYNC: 01:08:48 | LED: GREEN
[*] HEARTBEAT SYNC: 01:09:20 | LED: GREEN
[*] HEARTBEAT SYNC: 01:10:39 | LED: GREEN
[*] HEARTBEAT SYNC: 01:13:11 | LED: GREEN
[*] HEARTBEAT SYNC: 01:13:22 | LED: GREEN
[*] HEARTBEAT SYNC: 01:13:32 | LED: GREEN
[*] HEARTBEAT SYNC: 01:14:22 | LED: GREEN
[*] HEARTBEAT SYNC: 01:14:32 | LED: GREEN
[*] HEARTBEAT SYNC: 01:14:42 | LED: GREEN
[*] HEARTBEAT SYNC: 01:14:52 | LED: GREEN
[*] HEARTBEAT SYNC: 01:15:03 | LED: GREEN
[*] HEARTBEAT SYNC: 01:15:13 | LED: GREEN
[*] HEARTBEAT SYNC: 01:15:23 | LED: GREEN
[*] HEARTBEAT SYNC: 01:15:33 | LED: GREEN
[*] HEARTBEAT SYNC: 01:15:43 | LED: GREEN
[*] HEARTBEAT SYNC: 01:15:53 | LED: GREEN
[*] HEARTBEAT SYNC: 01:16:04 | LED: GREEN
[*] HEARTBEAT SYNC: 01:16:14 | LED: GREEN
[*] HEARTBEAT SYNC: 01:16:24 | LED: GREEN
[*] HEARTBEAT SYNC: 01:16:34 | LED: GREEN
[!] CHANGES DETECTED. INITIATING GLOBAL NODE SYNC...
fatal: cannot lock ref 'HEAD': is at 97ad8fc4e593cd24a7140e2f706df2725963d405 but expected da1dc0d7e77a6677eb6f0dd6a7c490db20b0887a
To https://github.com/delonbouler617-main/Jackson-Node.git
   da1dc0d..97ad8fc  main -> main
[✔] GLOBAL NODE UPDATED.
[*] HEARTBEAT SYNC: 01:16:46 | LED: GREEN
[*] HEARTBEAT SYNC: 01:16:56 | LED: GREEN
[*] HEARTBEAT SYNC: 01:17:06 | LED: GREEN
[*] HEARTBEAT SYNC: 01:17:16 | LED: GREEN
[*] HEARTBEAT SYNC: 01:17:27 | LED: GREEN
[*] HEARTBEAT SYNC: 01:17:37 | LED: GREEN
[*] HEARTBEAT SYNC: 01:17:47 | LED: GREEN
[*] HEARTBEAT SYNC: 01:17:57 | LED: GREEN
[*] HEARTBEAT SYNC: 01:18:07 | LED: GREEN
[*] HEARTBEAT SYNC: 01:18:17 | LED: GREEN
[*] HEARTBEAT SYNC: 01:18:28 | LED: GREEN
[*] HEARTBEAT SYNC: 01:18:38 | LED: GREEN
[*] HEARTBEAT SYNC: 01:18:48 | LED: GREEN
[*] HEARTBEAT SYNC: 01:18:58 | LED: GREEN
[*] HEARTBEAT SYNC: 01:19:08 | LED: GREEN
[*] HEARTBEAT SYNC: 01:19:18 | LED: GREEN
[*] HEARTBEAT SYNC: 01:19:28 | LED: GREEN
[*] HEARTBEAT SYNC: 01:19:38 | LED: GREEN
[*] HEARTBEAT SYNC: 01:19:48 | LED: GREEN
[*] HEARTBEAT SYNC: 01:19:59 | LED: GREEN
[*] HEARTBEAT SYNC: 01:20:09 | LED: GREEN
[*] HEARTBEAT SYNC: 01:20:19 | LED: GREEN
[*] HEARTBEAT SYNC: 01:20:29 | LED: GREEN
[*] HEARTBEAT SYNC: 01:20:39 | LED: GREEN
[*] HEARTBEAT SYNC: 01:20:49 | LED: GREEN
[*] HEARTBEAT SYNC: 01:20:59 | LED: GREEN
[*] HEARTBEAT SYNC: 01:21:09 | LED: GREEN
[*] HEARTBEAT SYNC: 01:21:19 | LED: GREEN
[*] HEARTBEAT SYNC: 01:21:29 | LED: GREEN
[*] HEARTBEAT SYNC: 01:21:40 | LED: GREEN
[*] HEARTBEAT SYNC: 01:21:50 | LED: GREEN
[*] HEARTBEAT SYNC: 01:22:00 | LED: GREEN
[*] HEARTBEAT SYNC: 01:22:10 | LED: GREEN
[*] HEARTBEAT SYNC: 01:22:20 | LED: GREEN
[*] HEARTBEAT SYNC: 01:22:30 | LED: GREEN
[*] HEARTBEAT SYNC: 01:22:40 | LED: GREEN
[*] HEARTBEAT SYNC: 01:22:50 | LED: GREEN
[*] HEARTBEAT SYNC: 01:23:00 | LED: GREEN
[*] HEARTBEAT SYNC: 01:23:10 | LED: GREEN
[*] HEARTBEAT SYNC: 01:23:20 | LED: GREEN
[*] HEARTBEAT SYNC: 01:23:30 | LED: GREEN
[*] HEARTBEAT SYNC: 01:23:40 | LED: GREEN
[*] HEARTBEAT SYNC: 01:23:50 | LED: GREEN
[*] HEARTBEAT SYNC: 01:24:01 | LED: GREEN
[*] HEARTBEAT SYNC: 01:24:11 | LED: GREEN
[*] HEARTBEAT SYNC: 01:24:21 | LED: GREEN
[*] HEARTBEAT SYNC: 01:24:31 | LED: GREEN
[*] HEARTBEAT SYNC: 01:24:41 | LED: GREEN
[*] HEARTBEAT SYNC: 01:24:51 | LED: GREEN
[*] HEARTBEAT SYNC: 01:25:01 | LED: GREEN
[*] HEARTBEAT SYNC: 01:25:11 | LED: GREEN
[*] HEARTBEAT SYNC: 01:25:21 | LED: GREEN
[*] HEARTBEAT SYNC: 01:25:31 | LED: GREEN
[*] HEARTBEAT SYNC: 01:25:41 | LED: GREEN
[*] HEARTBEAT SYNC: 01:25:52 | LED: GREEN
[*] HEARTBEAT SYNC: 01:26:02 | LED: GREEN
[*] HEARTBEAT SYNC: 01:26:12 | LED: GREEN
[*] HEARTBEAT SYNC: 01:26:22 | LED: GREEN
[*] HEARTBEAT SYNC: 01:26:32 | LED: GREEN
[*] HEARTBEAT SYNC: 01:26:42 | LED: GREEN
[*] HEARTBEAT SYNC: 01:26:52 | LED: GREEN
[*] HEARTBEAT SYNC: 01:27:02 | LED: GREEN
[*] HEARTBEAT SYNC: 01:27:12 | LED: GREEN
[*] HEARTBEAT SYNC: 01:27:22 | LED: GREEN
[*] HEARTBEAT SYNC: 01:27:32 | LED: GREEN
[*] HEARTBEAT SYNC: 01:27:42 | LED: GREEN
[*] HEARTBEAT SYNC: 01:27:52 | LED: GREEN
[*] HEARTBEAT SYNC: 01:28:02 | LED: GREEN
[*] HEARTBEAT SYNC: 01:28:12 | LED: GREEN
[*] HEARTBEAT SYNC: 01:28:22 | LED: GREEN
[*] HEARTBEAT SYNC: 01:28:33 | LED: GREEN
[*] HEARTBEAT SYNC: 01:28:43 | LED: GREEN
[*] HEARTBEAT SYNC: 01:28:53 | LED: GREEN
[*] HEARTBEAT SYNC: 01:29:03 | LED: GREEN
[*] HEARTBEAT SYNC: 01:29:13 | LED: GREEN
[*] HEARTBEAT SYNC: 01:29:23 | LED: GREEN
[*] HEARTBEAT SYNC: 01:29:33 | LED: GREEN
[*] HEARTBEAT SYNC: 01:29:43 | LED: GREEN
[*] HEARTBEAT SYNC: 01:29:53 | LED: GREEN
[*] HEARTBEAT SYNC: 01:30:03 | LED: GREEN
[*] HEARTBEAT SYNC: 01:30:13 | LED: GREEN
[*] HEARTBEAT SYNC: 01:30:23 | LED: GREEN
[*] HEARTBEAT SYNC: 01:30:33 | LED: GREEN
[*] HEARTBEAT SYNC: 01:30:43 | LED: GREEN
[*] HEARTBEAT SYNC: 01:30:54 | LED: GREEN
[*] HEARTBEAT SYNC: 01:31:04 | LED: GREEN
[*] HEARTBEAT SYNC: 01:31:14 | LED: GREEN
[*] HEARTBEAT SYNC: 01:31:24 | LED: GREEN
[*] HEARTBEAT SYNC: 01:31:34 | LED: GREEN
[*] HEARTBEAT SYNC: 01:31:44 | LED: GREEN
[*] HEARTBEAT SYNC: 01:31:54 | LED: GREEN
[*] HEARTBEAT SYNC: 01:32:04 | LED: GREEN
[*] HEARTBEAT SYNC: 01:32:14 | LED: GREEN
[*] HEARTBEAT SYNC: 01:32:24 | LED: GREEN
[*] HEARTBEAT SYNC: 01:32:35 | LED: GREEN
[*] HEARTBEAT SYNC: 01:32:45 | LED: GREEN
[*] HEARTBEAT SYNC: 01:32:55 | LED: GREEN
[*] HEARTBEAT SYNC: 01:33:05 | LED: GREEN
[*] HEARTBEAT SYNC: 01:33:15 | LED: GREEN
[*] HEARTBEAT SYNC: 01:33:25 | LED: GREEN
[*] HEARTBEAT SYNC: 01:33:35 | LED: GREEN
[*] HEARTBEAT SYNC: 01:33:45 | LED: GREEN
[*] HEARTBEAT SYNC: 01:33:55 | LED: GREEN
[*] HEARTBEAT SYNC: 01:34:05 | LED: GREEN
[*] HEARTBEAT SYNC: 01:34:15 | LED: GREEN
[*] HEARTBEAT SYNC: 01:34:26 | LED: GREEN
[*] HEARTBEAT SYNC: 01:34:36 | LED: GREEN
[*] HEARTBEAT SYNC: 01:34:46 | LED: GREEN
[*] HEARTBEAT SYNC: 01:34:56 | LED: GREEN
[*] HEARTBEAT SYNC: 01:35:06 | LED: GREEN
[*] HEARTBEAT SYNC: 01:35:16 | LED: GREEN
[*] HEARTBEAT SYNC: 01:35:26 | LED: GREEN
[*] HEARTBEAT SYNC: 01:35:36 | LED: GREEN
[*] HEARTBEAT SYNC: 01:35:46 | LED: GREEN
[*] HEARTBEAT SYNC: 01:35:56 | LED: GREEN
[*] HEARTBEAT SYNC: 01:36:06 | LED: GREEN
[*] HEARTBEAT SYNC: 01:36:16 | LED: GREEN
[*] HEARTBEAT SYNC: 01:36:26 | LED: GREEN
[*] HEARTBEAT SYNC: 01:36:37 | LED: GREEN
[*] HEARTBEAT SYNC: 01:36:47 | LED: GREEN
[*] HEARTBEAT SYNC: 01:36:57 | LED: GREEN
[*] HEARTBEAT SYNC: 01:37:07 | LED: GREEN
[*] HEARTBEAT SYNC: 01:37:17 | LED: GREEN
[*] HEARTBEAT SYNC: 01:37:27 | LED: GREEN
[*] HEARTBEAT SYNC: 01:37:38 | LED: GREEN
[*] HEARTBEAT SYNC: 01:37:48 | LED: GREEN
[*] HEARTBEAT SYNC: 01:37:58 | LED: GREEN
[*] HEARTBEAT SYNC: 01:38:08 | LED: GREEN
[*] HEARTBEAT SYNC: 01:38:18 | LED: GREEN
[*] HEARTBEAT SYNC: 01:38:28 | LED: GREEN
[*] HEARTBEAT SYNC: 01:38:38 | LED: GREEN
[*] HEARTBEAT SYNC: 01:38:48 | LED: GREEN
[*] HEARTBEAT SYNC: 01:38:59 | LED: GREEN
[*] HEARTBEAT SYNC: 01:39:09 | LED: GREEN
[*] HEARTBEAT SYNC: 01:39:19 | LED: GREEN
[*] HEARTBEAT SYNC: 01:39:29 | LED: GREEN
[*] HEARTBEAT SYNC: 01:39:39 | LED: GREEN
[*] HEARTBEAT SYNC: 01:39:49 | LED: GREEN
[*] HEARTBEAT SYNC: 01:39:59 | LED: GREEN
[*] HEARTBEAT SYNC: 01:40:09 | LED: GREEN
[*] HEARTBEAT SYNC: 01:40:19 | LED: GREEN
[*] HEARTBEAT SYNC: 01:40:29 | LED: GREEN
[*] HEARTBEAT SYNC: 01:40:39 | LED: GREEN
[*] HEARTBEAT SYNC: 01:40:49 | LED: GREEN
[*] HEARTBEAT SYNC: 01:41:00 | LED: GREEN
[*] HEARTBEAT SYNC: 01:41:10 | LED: GREEN
[*] HEARTBEAT SYNC: 01:41:20 | LED: GREEN
[*] HEARTBEAT SYNC: 01:41:30 | LED: GREEN
[*] HEARTBEAT SYNC: 01:41:40 | LED: GREEN
[*] HEARTBEAT SYNC: 01:41:50 | LED: GREEN
[*] HEARTBEAT SYNC: 01:44:15 | LED: GREEN
[*] HEARTBEAT SYNC: 01:44:25 | LED: GREEN
[*] HEARTBEAT SYNC: 01:44:35 | LED: GREEN
[*] HEARTBEAT SYNC: 01:44:45 | LED: GREEN
[*] HEARTBEAT SYNC: 01:44:56 | LED: GREEN
[*] HEARTBEAT SYNC: 01:45:06 | LED: GREEN
[*] HEARTBEAT SYNC: 01:45:16 | LED: GREEN
[*] HEARTBEAT SYNC: 01:45:27 | LED: GREEN
[*] HEARTBEAT SYNC: 01:45:37 | LED: GREEN
[*] HEARTBEAT SYNC: 01:45:47 | LED: GREEN
[*] HEARTBEAT SYNC: 01:45:57 | LED: GREEN
[*] HEARTBEAT SYNC: 01:46:07 | LED: GREEN
[*] HEARTBEAT SYNC: 01:46:18 | LED: GREEN
[*] HEARTBEAT SYNC: 01:46:28 | LED: GREEN
[*] HEARTBEAT SYNC: 01:46:38 | LED: GREEN
[*] HEARTBEAT SYNC: 01:46:48 | LED: GREEN
[*] HEARTBEAT SYNC: 01:46:58 | LED: GREEN
[*] HEARTBEAT SYNC: 01:47:08 | LED: GREEN
[*] HEARTBEAT SYNC: 01:47:18 | LED: GREEN
[*] HEARTBEAT SYNC: 01:47:28 | LED: GREEN
[*] HEARTBEAT SYNC: 01:47:38 | LED: GREEN
[*] HEARTBEAT SYNC: 01:47:48 | LED: GREEN
[*] HEARTBEAT SYNC: 01:47:58 | LED: GREEN
[*] HEARTBEAT SYNC: 01:48:08 | LED: GREEN
[*] HEARTBEAT SYNC: 01:48:19 | LED: GREEN
[*] HEARTBEAT SYNC: 01:48:29 | LED: GREEN
[*] HEARTBEAT SYNC: 01:48:39 | LED: GREEN
[*] HEARTBEAT SYNC: 01:48:49 | LED: GREEN
[*] HEARTBEAT SYNC: 01:48:59 | LED: GREEN
[*] HEARTBEAT SYNC: 01:49:09 | LED: GREEN
[*] HEARTBEAT SYNC: 01:49:19 | LED: GREEN
[*] HEARTBEAT SYNC: 01:49:30 | LED: GREEN
[*] HEARTBEAT SYNC: 01:49:40 | LED: GREEN
[*] HEARTBEAT SYNC: 01:49:50 | LED: GREEN
[*] HEARTBEAT SYNC: 01:50:00 | LED: GREEN
[*] HEARTBEAT SYNC: 01:50:10 | LED: GREEN
[*] HEARTBEAT SYNC: 01:50:20 | LED: GREEN
[*] HEARTBEAT SYNC: 01:50:30 | LED: GREEN
[*] HEARTBEAT SYNC: 01:50:40 | LED: GREEN
[*] HEARTBEAT SYNC: 01:50:50 | LED: GREEN
[*] HEARTBEAT SYNC: 01:51:00 | LED: GREEN
[*] HEARTBEAT SYNC: 01:51:11 | LED: GREEN
[*] HEARTBEAT SYNC: 01:51:21 | LED: GREEN
[*] HEARTBEAT SYNC: 01:51:31 | LED: GREEN
[*] HEARTBEAT SYNC: 01:51:41 | LED: GREEN
[*] HEARTBEAT SYNC: 01:51:51 | LED: GREEN
[*] HEARTBEAT SYNC: 01:52:01 | LED: GREEN
[*] HEARTBEAT SYNC: 01:52:11 | LED: GREEN
[!] CHANGES DETECTED. INITIATING GLOBAL NODE SYNC...
fatal: Unable to create '/data/data/com.termux/files/home/Jackson-Node/.git/index.lock': File exists.

Another git process seems to be running in this repository, or the lock file may be stale
fatal: Unable to create '/data/data/com.termux/files/home/Jackson-Node/.git/index.lock': File exists.

Another git process seems to be running in this repository, or the lock file may be stale
Everything up-to-date
[✔] GLOBAL NODE UPDATED.
[*] HEARTBEAT SYNC: 01:52:22 | LED: GREEN
[*] HEARTBEAT SYNC: 01:52:32 | LED: GREEN
[*] HEARTBEAT SYNC: 01:52:42 | LED: GREEN
[!] CHANGES DETECTED. INITIATING GLOBAL NODE SYNC...
fatal: Unable to create '/data/data/com.termux/files/home/Jackson-Node/.git/index.lock': File exists.

Another git process seems to be running in this repository, or the lock file may be stale
fatal: Unable to create '/data/data/com.termux/files/home/Jackson-Node/.git/index.lock': File exists.

Another git process seems to be running in this repository, or the lock file may be stale
Everything up-to-date
[✔] GLOBAL NODE UPDATED.
[*] HEARTBEAT SYNC: 01:52:53 | LED: GREEN
[*] HEARTBEAT SYNC: 01:53:04 | LED: GREEN
[*] HEARTBEAT SYNC: 01:53:14 | LED: GREEN
[*] HEARTBEAT SYNC: 01:53:24 | LED: GREEN
[*] HEARTBEAT SYNC: 01:53:34 | LED: GREEN
[*] HEARTBEAT SYNC: 01:53:44 | LED: GREEN
[*] HEARTBEAT SYNC: 01:53:55 | LED: GREEN
[*] HEARTBEAT SYNC: 01:54:05 | LED: GREEN
[*] HEARTBEAT SYNC: 01:54:15 | LED: GREEN
[*] HEARTBEAT SYNC: 01:54:25 | LED: GREEN
[*] HEARTBEAT SYNC: 01:54:35 | LED: GREEN
[*] HEARTBEAT SYNC: 01:54:45 | LED: GREEN
[*] HEARTBEAT SYNC: 01:54:55 | LED: GREEN
[*] HEARTBEAT SYNC: 01:55:05 | LED: GREEN
[*] HEARTBEAT SYNC: 01:55:16 | LED: GREEN
[*] HEARTBEAT SYNC: 01:55:26 | LED: GREEN
[*] HEARTBEAT SYNC: 01:55:36 | LED: GREEN
[*] HEARTBEAT SYNC: 01:55:46 | LED: GREEN
[*] HEARTBEAT SYNC: 01:55:56 | LED: GREEN
[*] HEARTBEAT SYNC: 01:56:07 | LED: GREEN
[*] HEARTBEAT SYNC: 01:56:17 | LED: GREEN
[*] HEARTBEAT SYNC: 01:56:27 | LED: GREEN
[*] HEARTBEAT SYNC: 01:56:37 | LED: GREEN
[*] HEARTBEAT SYNC: 01:56:47 | LED: GREEN
[*] HEARTBEAT SYNC: 01:56:57 | LED: GREEN
[*] HEARTBEAT SYNC: 01:57:07 | LED: GREEN
[*] HEARTBEAT SYNC: 01:57:17 | LED: GREEN
[*] HEARTBEAT SYNC: 01:57:27 | LED: GREEN
[*] HEARTBEAT SYNC: 01:57:37 | LED: GREEN
[*] HEARTBEAT SYNC: 01:57:47 | LED: GREEN
[*] HEARTBEAT SYNC: 01:57:57 | LED: GREEN
[*] HEARTBEAT SYNC: 01:58:07 | LED: GREEN
[*] HEARTBEAT SYNC: 01:58:17 | LED: GREEN
[*] HEARTBEAT SYNC: 01:58:27 | LED: GREEN
[*] HEARTBEAT SYNC: 01:58:38 | LED: GREEN
[*] HEARTBEAT SYNC: 01:58:48 | LED: GREEN
[*] HEARTBEAT SYNC: 01:58:58 | LED: GREEN
[*] HEARTBEAT SYNC: 01:59:08 | LED: GREEN
[*] HEARTBEAT SYNC: 01:59:18 | LED: GREEN
[*] HEARTBEAT SYNC: 01:59:28 | LED: GREEN
[*] HEARTBEAT SYNC: 01:59:38 | LED: GREEN
[*] HEARTBEAT SYNC: 01:59:48 | LED: GREEN
[*] HEARTBEAT SYNC: 01:59:58 | LED: GREEN
[*] HEARTBEAT SYNC: 02:00:08 | LED: GREEN
[*] HEARTBEAT SYNC: 02:00:18 | LED: GREEN
[*] HEARTBEAT SYNC: 02:00:29 | LED: GREEN
[*] HEARTBEAT SYNC: 02:00:39 | LED: GREEN
[*] HEARTBEAT SYNC: 02:00:49 | LED: GREEN
[*] HEARTBEAT SYNC: 02:00:59 | LED: GREEN
[*] HEARTBEAT SYNC: 02:01:09 | LED: GREEN
[*] HEARTBEAT SYNC: 02:01:19 | LED: GREEN
[*] HEARTBEAT SYNC: 02:01:29 | LED: GREEN
[*] HEARTBEAT SYNC: 02:01:40 | LED: GREEN
[*] HEARTBEAT SYNC: 02:01:50 | LED: GREEN
[!] CHANGES DETECTED. INITIATING GLOBAL NODE SYNC...
On branch main
nothing to commit, working tree clean
To https://github.com/delonbouler617-main/Jackson-Node.git
   69a6e49..45dcbaa  main -> main
[✔] GLOBAL NODE UPDATED.
[*] HEARTBEAT SYNC: 02:02:01 | LED: GREEN
[*] HEARTBEAT SYNC: 02:02:11 | LED: GREEN
[*] HEARTBEAT SYNC: 02:02:21 | LED: GREEN
[*] HEARTBEAT SYNC: 02:02:31 | LED: GREEN
[*] HEARTBEAT SYNC: 02:02:41 | LED: GREEN
[*] HEARTBEAT SYNC: 02:02:52 | LED: GREEN
[*] HEARTBEAT SYNC: 02:03:02 | LED: GREEN
[*] HEARTBEAT SYNC: 02:03:12 | LED: GREEN
[*] HEARTBEAT SYNC: 02:03:22 | LED: GREEN
[*] HEARTBEAT SYNC: 02:03:32 | LED: GREEN
[*] HEARTBEAT SYNC: 02:03:42 | LED: GREEN
[*] HEARTBEAT SYNC: 02:03:52 | LED: GREEN
[*] HEARTBEAT SYNC: 02:04:02 | LED: GREEN
[!] CHANGES DETECTED. INITIATING GLOBAL NODE SYNC...
fatal: Unable to create '/data/data/com.termux/files/home/Jackson-Node/.git/index.lock': File exists.

Another git process seems to be running in this repository, or the lock file may be stale
[main abe022a] GGTI_AUTO_SYNC: 2026-05-12 02:04:02
 1 file changed, 5 insertions(+), 5 deletions(-)
To https://github.com/delonbouler617-main/Jackson-Node.git
   3b25a32..abe022a  main -> main
[✔] GLOBAL NODE UPDATED.
[*] HEARTBEAT SYNC: 02:04:13 | LED: GREEN
[*] HEARTBEAT SYNC: 02:04:23 | LED: GREEN
[*] HEARTBEAT SYNC: 02:04:34 | LED: GREEN
[*] HEARTBEAT SYNC: 02:04:44 | LED: GREEN
[*] HEARTBEAT SYNC: 02:04:54 | LED: GREEN
[*] HEARTBEAT SYNC: 02:05:04 | LED: GREEN
[*] HEARTBEAT SYNC: 02:05:14 | LED: GREEN
[*] HEARTBEAT SYNC: 02:05:24 | LED: GREEN
[*] HEARTBEAT SYNC: 02:05:34 | LED: GREEN
[*] HEARTBEAT SYNC: 02:05:44 | LED: GREEN
[*] HEARTBEAT SYNC: 02:05:54 | LED: GREEN
[*] HEARTBEAT SYNC: 02:06:04 | LED: GREEN
[!] CHANGES DETECTED. INITIATING GLOBAL NODE SYNC...
fatal: Unable to create '/data/data/com.termux/files/home/Jackson-Node/.git/index.lock': File exists.

Another git process seems to be running in this repository, or the lock file may be stale
fatal: cannot lock ref 'HEAD': is at e62fdc29d202da827ef209d34f444d7d1b7d84b5 but expected 9ea8ef89c2898adcff6493787a8f685e5a5fb688
To https://github.com/delonbouler617-main/Jackson-Node.git
 ! [remote rejected] main -> main (cannot lock ref 'refs/heads/main': is at e62fdc29d202da827ef209d34f444d7d1b7d84b5 but expected 9ea8ef89c2898adcff6493787a8f685e5a5fb688)
error: failed to push some refs to 'https://github.com/delonbouler617-main/Jackson-Node.git'
[✔] GLOBAL NODE UPDATED.
[*] HEARTBEAT SYNC: 02:06:16 | LED: GREEN
[*] HEARTBEAT SYNC: 02:06:26 | LED: GREEN
[*] HEARTBEAT SYNC: 02:06:36 | LED: GREEN
[*] HEARTBEAT SYNC: 02:06:46 | LED: GREEN
[*] HEARTBEAT SYNC: 02:06:56 | LED: GREEN
[*] HEARTBEAT SYNC: 02:07:06 | LED: GREEN
[*] HEARTBEAT SYNC: 02:07:16 | LED: GREEN
[*] HEARTBEAT SYNC: 02:07:26 | LED: GREEN
[*] HEARTBEAT SYNC: 02:07:36 | LED: GREEN
[*] HEARTBEAT SYNC: 02:07:46 | LED: GREEN
[*] HEARTBEAT SYNC: 02:07:56 | LED: GREEN
[*] HEARTBEAT SYNC: 02:08:06 | LED: GREEN
[*] HEARTBEAT SYNC: 02:08:16 | LED: GREEN
[*] HEARTBEAT SYNC: 02:08:26 | LED: GREEN
[*] HEARTBEAT SYNC: 02:08:36 | LED: GREEN
[*] HEARTBEAT SYNC: 02:08:46 | LED: GREEN
[*] HEARTBEAT SYNC: 02:08:56 | LED: GREEN
[*] HEARTBEAT SYNC: 02:09:06 | LED: GREEN
[*] HEARTBEAT SYNC: 02:09:16 | LED: GREEN
[*] HEARTBEAT SYNC: 02:09:26 | LED: GREEN
[*] HEARTBEAT SYNC: 02:09:36 | LED: GREEN
[*] HEARTBEAT SYNC: 02:09:46 | LED: GREEN
[*] HEARTBEAT SYNC: 02:09:56 | LED: GREEN
[*] HEARTBEAT SYNC: 02:10:07 | LED: GREEN
[*] HEARTBEAT SYNC: 02:10:17 | LED: GREEN
[*] HEARTBEAT SYNC: 02:10:27 | LED: GREEN
[*] HEARTBEAT SYNC: 02:10:37 | LED: GREEN
[*] HEARTBEAT SYNC: 02:10:47 | LED: GREEN
[*] HEARTBEAT SYNC: 02:10:57 | LED: GREEN
[*] HEARTBEAT SYNC: 02:11:07 | LED: GREEN
[*] HEARTBEAT SYNC: 02:11:17 | LED: GREEN
[*] HEARTBEAT SYNC: 02:11:27 | LED: GREEN
[*] HEARTBEAT SYNC: 02:11:37 | LED: GREEN
[*] HEARTBEAT SYNC: 02:11:47 | LED: GREEN
[*] HEARTBEAT SYNC: 02:11:57 | LED: GREEN
[*] HEARTBEAT SYNC: 02:12:07 | LED: GREEN
[*] HEARTBEAT SYNC: 02:12:17 | LED: GREEN
[*] HEARTBEAT SYNC: 02:12:27 | LED: GREEN
[*] HEARTBEAT SYNC: 02:12:37 | LED: GREEN
[*] HEARTBEAT SYNC: 02:12:47 | LED: GREEN
[*] HEARTBEAT SYNC: 02:12:58 | LED: GREEN
[*] HEARTBEAT SYNC: 02:13:08 | LED: GREEN
[*] HEARTBEAT SYNC: 02:13:18 | LED: GREEN
[*] HEARTBEAT SYNC: 02:13:28 | LED: GREEN
[!] CHANGES DETECTED. INITIATING GLOBAL NODE SYNC...
fatal: Unable to create '/data/data/com.termux/files/home/Jackson-Node/.git/index.lock': File exists.

Another git process seems to be running in this repository, or the lock file may be stale
fatal: Unable to create '/data/data/com.termux/files/home/Jackson-Node/.git/index.lock': File exists.

Another git process seems to be running in this repository, or the lock file may be stale
Everything up-to-date
[✔] GLOBAL NODE UPDATED.
[*] HEARTBEAT SYNC: 02:13:38 | LED: GREEN
[*] HEARTBEAT SYNC: 02:13:48 | LED: GREEN
[*] HEARTBEAT SYNC: 02:13:58 | LED: GREEN
[*] HEARTBEAT SYNC: 02:14:08 | LED: GREEN
[*] HEARTBEAT SYNC: 02:14:19 | LED: GREEN
[*] HEARTBEAT SYNC: 02:14:29 | LED: GREEN
[*] HEARTBEAT SYNC: 02:14:39 | LED: GREEN
[*] HEARTBEAT SYNC: 02:14:49 | LED: GREEN
[*] HEARTBEAT SYNC: 02:14:59 | LED: GREEN
[*] HEARTBEAT SYNC: 02:15:09 | LED: GREEN
[*] HEARTBEAT SYNC: 02:15:19 | LED: GREEN
[*] HEARTBEAT SYNC: 02:15:29 | LED: GREEN
[*] HEARTBEAT SYNC: 02:15:39 | LED: GREEN
[*] HEARTBEAT SYNC: 02:15:49 | LED: GREEN
[*] HEARTBEAT SYNC: 02:15:59 | LED: GREEN
[*] HEARTBEAT SYNC: 02:16:09 | LED: GREEN
[*] HEARTBEAT SYNC: 02:16:19 | LED: GREEN
[*] HEARTBEAT SYNC: 02:16:29 | LED: GREEN
[*] HEARTBEAT SYNC: 02:16:39 | LED: GREEN
[*] HEARTBEAT SYNC: 02:16:49 | LED: GREEN
[*] HEARTBEAT SYNC: 02:16:59 | LED: GREEN
[*] HEARTBEAT SYNC: 02:17:10 | LED: GREEN
[*] HEARTBEAT SYNC: 02:17:20 | LED: GREEN
[*] HEARTBEAT SYNC: 02:17:30 | LED: GREEN
[*] HEARTBEAT SYNC: 02:17:40 | LED: GREEN
[*] HEARTBEAT SYNC: 02:17:50 | LED: GREEN
[*] HEARTBEAT SYNC: 02:18:00 | LED: GREEN
[*] HEARTBEAT SYNC: 02:18:10 | LED: GREEN
[*] HEARTBEAT SYNC: 02:18:20 | LED: GREEN
[*] HEARTBEAT SYNC: 02:18:30 | LED: GREEN
[*] HEARTBEAT SYNC: 02:18:40 | LED: GREEN
[*] HEARTBEAT SYNC: 02:18:50 | LED: GREEN
[*] HEARTBEAT SYNC: 02:19:00 | LED: GREEN
[*] HEARTBEAT SYNC: 02:19:10 | LED: GREEN
[*] HEARTBEAT SYNC: 02:19:20 | LED: GREEN
[*] HEARTBEAT SYNC: 02:19:30 | LED: GREEN
[*] HEARTBEAT SYNC: 02:19:40 | LED: GREEN
[*] HEARTBEAT SYNC: 02:19:50 | LED: GREEN
[*] HEARTBEAT SYNC: 02:20:00 | LED: GREEN
[*] HEARTBEAT SYNC: 02:20:10 | LED: GREEN
[*] HEARTBEAT SYNC: 02:20:20 | LED: GREEN
[*] HEARTBEAT SYNC: 02:20:30 | LED: GREEN
[*] HEARTBEAT SYNC: 02:20:41 | LED: GREEN
[*] HEARTBEAT SYNC: 02:20:51 | LED: GREEN
[*] HEARTBEAT SYNC: 02:21:01 | LED: GREEN
[*] HEARTBEAT SYNC: 02:21:11 | LED: GREEN
[*] HEARTBEAT SYNC: 02:21:21 | LED: GREEN
[*] HEARTBEAT SYNC: 02:21:31 | LED: GREEN
[*] HEARTBEAT SYNC: 02:21:41 | LED: GREEN
[*] HEARTBEAT SYNC: 02:21:51 | LED: GREEN
[*] HEARTBEAT SYNC: 02:22:01 | LED: GREEN
[*] HEARTBEAT SYNC: 02:22:11 | LED: GREEN
[*] HEARTBEAT SYNC: 02:22:21 | LED: GREEN
[*] HEARTBEAT SYNC: 02:22:31 | LED: GREEN
[*] HEARTBEAT SYNC: 02:22:41 | LED: GREEN
[*] HEARTBEAT SYNC: 02:22:52 | LED: GREEN
[*] HEARTBEAT SYNC: 02:23:02 | LED: GREEN
[*] HEARTBEAT SYNC: 02:23:12 | LED: GREEN
[*] HEARTBEAT SYNC: 02:23:22 | LED: GREEN
[*] HEARTBEAT SYNC: 02:23:32 | LED: GREEN
[*] HEARTBEAT SYNC: 02:23:42 | LED: GREEN
[*] HEARTBEAT SYNC: 02:23:52 | LED: GREEN
[*] HEARTBEAT SYNC: 02:24:02 | LED: GREEN
[*] HEARTBEAT SYNC: 02:24:12 | LED: GREEN
[*] HEARTBEAT SYNC: 02:24:22 | LED: GREEN
[*] HEARTBEAT SYNC: 02:24:32 | LED: GREEN
[*] HEARTBEAT SYNC: 02:24:42 | LED: GREEN
[*] HEARTBEAT SYNC: 02:24:52 | LED: GREEN
[*] HEARTBEAT SYNC: 02:25:02 | LED: GREEN
[*] HEARTBEAT SYNC: 02:25:13 | LED: GREEN
[*] HEARTBEAT SYNC: 02:25:23 | LED: GREEN
[*] HEARTBEAT SYNC: 02:25:33 | LED: GREEN
[*] HEARTBEAT SYNC: 02:25:43 | LED: GREEN
[*] HEARTBEAT SYNC: 02:25:53 | LED: GREEN
[*] HEARTBEAT SYNC: 02:26:03 | LED: GREEN
[*] HEARTBEAT SYNC: 02:26:13 | LED: GREEN
[*] HEARTBEAT SYNC: 02:26:23 | LED: GREEN
[*] HEARTBEAT SYNC: 02:26:33 | LED: GREEN
[*] HEARTBEAT SYNC: 02:26:43 | LED: GREEN
[*] HEARTBEAT SYNC: 02:26:53 | LED: GREEN
[*] HEARTBEAT SYNC: 02:27:03 | LED: GREEN
[*] HEARTBEAT SYNC: 02:27:13 | LED: GREEN
[*] HEARTBEAT SYNC: 02:27:24 | LED: GREEN
[*] HEARTBEAT SYNC: 02:27:34 | LED: GREEN
[*] HEARTBEAT SYNC: 02:27:44 | LED: GREEN
[*] HEARTBEAT SYNC: 02:27:54 | LED: GREEN
[*] HEARTBEAT SYNC: 02:28:04 | LED: GREEN
[*] HEARTBEAT SYNC: 02:28:14 | LED: GREEN
[*] HEARTBEAT SYNC: 02:28:24 | LED: GREEN
[*] HEARTBEAT SYNC: 02:28:34 | LED: GREEN
[*] HEARTBEAT SYNC: 02:28:44 | LED: GREEN
[*] HEARTBEAT SYNC: 02:28:54 | LED: GREEN
[*] HEARTBEAT SYNC: 02:29:04 | LED: GREEN
[*] HEARTBEAT SYNC: 02:29:14 | LED: GREEN
[*] HEARTBEAT SYNC: 02:29:25 | LED: GREEN
[*] HEARTBEAT SYNC: 02:29:35 | LED: GREEN
[*] HEARTBEAT SYNC: 02:29:45 | LED: GREEN
[*] HEARTBEAT SYNC: 02:29:55 | LED: GREEN
[*] HEARTBEAT SYNC: 02:30:05 | LED: GREEN
[*] HEARTBEAT SYNC: 02:30:15 | LED: GREEN
[*] HEARTBEAT SYNC: 02:30:25 | LED: GREEN
[*] HEARTBEAT SYNC: 02:30:35 | LED: GREEN
[*] HEARTBEAT SYNC: 02:30:45 | LED: GREEN
[*] HEARTBEAT SYNC: 02:30:55 | LED: GREEN
[*] HEARTBEAT SYNC: 02:31:05 | LED: GREEN
[*] HEARTBEAT SYNC: 02:31:15 | LED: GREEN
[*] HEARTBEAT SYNC: 02:31:25 | LED: GREEN
[*] HEARTBEAT SYNC: 02:31:35 | LED: GREEN
[*] HEARTBEAT SYNC: 02:31:45 | LED: GREEN
[*] HEARTBEAT SYNC: 02:31:55 | LED: GREEN
[*] HEARTBEAT SYNC: 02:32:05 | LED: GREEN
[*] HEARTBEAT SYNC: 02:32:16 | LED: GREEN
[*] HEARTBEAT SYNC: 02:32:26 | LED: GREEN
[*] HEARTBEAT SYNC: 02:32:36 | LED: GREEN
[*] HEARTBEAT SYNC: 02:32:46 | LED: GREEN
[*] HEARTBEAT SYNC: 02:32:56 | LED: GREEN
[*] HEARTBEAT SYNC: 02:33:06 | LED: GREEN
[*] HEARTBEAT SYNC: 02:33:16 | LED: GREEN
[*] HEARTBEAT SYNC: 02:33:26 | LED: GREEN
[*] HEARTBEAT SYNC: 02:33:36 | LED: GREEN
[*] HEARTBEAT SYNC: 02:33:46 | LED: GREEN
[*] HEARTBEAT SYNC: 02:33:56 | LED: GREEN
[*] HEARTBEAT SYNC: 02:34:06 | LED: GREEN
[*] HEARTBEAT SYNC: 02:34:17 | LED: GREEN
[*] HEARTBEAT SYNC: 02:34:27 | LED: GREEN
[*] HEARTBEAT SYNC: 02:34:37 | LED: GREEN
[*] HEARTBEAT SYNC: 02:34:47 | LED: GREEN
[*] HEARTBEAT SYNC: 02:34:57 | LED: GREEN
[*] HEARTBEAT SYNC: 02:35:07 | LED: GREEN
[*] HEARTBEAT SYNC: 02:35:17 | LED: GREEN
[*] HEARTBEAT SYNC: 02:35:27 | LED: GREEN
[*] HEARTBEAT SYNC: 02:35:37 | LED: GREEN
[*] HEARTBEAT SYNC: 02:35:47 | LED: GREEN
[*] HEARTBEAT SYNC: 02:35:57 | LED: GREEN
[*] HEARTBEAT SYNC: 02:36:07 | LED: GREEN
[*] HEARTBEAT SYNC: 02:36:17 | LED: GREEN
[*] HEARTBEAT SYNC: 02:36:27 | LED: GREEN
[*] HEARTBEAT SYNC: 02:36:37 | LED: GREEN
[*] HEARTBEAT SYNC: 02:36:47 | LED: GREEN
[*] HEARTBEAT SYNC: 02:36:57 | LED: GREEN
[*] HEARTBEAT SYNC: 02:37:07 | LED: GREEN
[*] HEARTBEAT SYNC: 02:37:17 | LED: GREEN
[*] HEARTBEAT SYNC: 02:37:27 | LED: GREEN
[*] HEARTBEAT SYNC: 02:37:37 | LED: GREEN
[*] HEARTBEAT SYNC: 02:37:48 | LED: GREEN
[*] HEARTBEAT SYNC: 02:37:58 | LED: GREEN
[*] HEARTBEAT SYNC: 02:38:08 | LED: GREEN
[*] HEARTBEAT SYNC: 02:38:18 | LED: GREEN
[*] HEARTBEAT SYNC: 02:38:28 | LED: GREEN
[*] HEARTBEAT SYNC: 02:38:38 | LED: GREEN
[*] HEARTBEAT SYNC: 02:38:48 | LED: GREEN
[*] HEARTBEAT SYNC: 02:38:58 | LED: GREEN
[*] HEARTBEAT SYNC: 02:39:08 | LED: GREEN
[*] HEARTBEAT SYNC: 02:39:18 | LED: GREEN
[*] HEARTBEAT SYNC: 02:39:28 | LED: GREEN
[*] HEARTBEAT SYNC: 02:39:38 | LED: GREEN
[*] HEARTBEAT SYNC: 02:39:48 | LED: GREEN
[*] HEARTBEAT SYNC: 02:39:58 | LED: GREEN
[*] HEARTBEAT SYNC: 02:40:08 | LED: GREEN
[*] HEARTBEAT SYNC: 02:40:18 | LED: GREEN
[*] HEARTBEAT SYNC: 02:40:28 | LED: GREEN
[*] HEARTBEAT SYNC: 02:40:38 | LED: GREEN
[*] HEARTBEAT SYNC: 02:40:48 | LED: GREEN
[*] HEARTBEAT SYNC: 02:40:58 | LED: GREEN
[*] HEARTBEAT SYNC: 02:41:08 | LED: GREEN
[*] HEARTBEAT SYNC: 02:41:18 | LED: GREEN
[*] HEARTBEAT SYNC: 02:41:29 | LED: GREEN
[*] HEARTBEAT SYNC: 02:41:39 | LED: GREEN
[*] HEARTBEAT SYNC: 02:41:49 | LED: GREEN
[*] HEARTBEAT SYNC: 02:41:59 | LED: GREEN
[*] HEARTBEAT SYNC: 02:42:09 | LED: GREEN
[*] HEARTBEAT SYNC: 02:42:19 | LED: GREEN
[*] HEARTBEAT SYNC: 02:42:29 | LED: GREEN
[*] HEARTBEAT SYNC: 02:42:39 | LED: GREEN
[*] HEARTBEAT SYNC: 02:42:49 | LED: GREEN
[*] HEARTBEAT SYNC: 02:42:59 | LED: GREEN
[*] HEARTBEAT SYNC: 02:43:09 | LED: GREEN
[*] HEARTBEAT SYNC: 02:43:19 | LED: GREEN
[*] HEARTBEAT SYNC: 02:43:29 | LED: GREEN
[*] HEARTBEAT SYNC: 02:43:39 | LED: GREEN
[*] HEARTBEAT SYNC: 02:43:49 | LED: GREEN
[*] HEARTBEAT SYNC: 02:43:59 | LED: GREEN
[!] CHANGES DETECTED. INITIATING GLOBAL NODE SYNC...
fatal: Unable to create '/data/data/com.termux/files/home/Jackson-Node/.git/index.lock': File exists.

Another git process seems to be running in this repository, or the lock file may be stale
On branch main
nothing to commit, working tree clean
To https://github.com/delonbouler617-main/Jackson-Node.git
 ! [remote rejected] main -> main (cannot lock ref 'refs/heads/main': is at 442d8fde176304dfffcbf6f39b4deeb107f97bd9 but expected 6dab61a58022b41b0033314bba756b9e0ce16363)
error: failed to push some refs to 'https://github.com/delonbouler617-main/Jackson-Node.git'
[✔] GLOBAL NODE UPDATED.
[*] HEARTBEAT SYNC: 02:44:10 | LED: GREEN
[*] HEARTBEAT SYNC: 02:44:21 | LED: GREEN
[*] HEARTBEAT SYNC: 02:44:31 | LED: GREEN
[*] HEARTBEAT SYNC: 02:44:41 | LED: GREEN
[*] HEARTBEAT SYNC: 02:44:51 | LED: GREEN
[*] HEARTBEAT SYNC: 02:45:01 | LED: GREEN
[*] HEARTBEAT SYNC: 02:45:11 | LED: GREEN
[*] HEARTBEAT SYNC: 02:45:21 | LED: GREEN
[*] HEARTBEAT SYNC: 02:45:31 | LED: GREEN
[*] HEARTBEAT SYNC: 02:45:41 | LED: GREEN
[*] HEARTBEAT SYNC: 02:45:51 | LED: GREEN
[*] HEARTBEAT SYNC: 02:46:01 | LED: GREEN
[*] HEARTBEAT SYNC: 02:46:11 | LED: GREEN
[*] HEARTBEAT SYNC: 02:46:21 | LED: GREEN
[*] HEARTBEAT SYNC: 02:46:31 | LED: GREEN
[*] HEARTBEAT SYNC: 02:46:41 | LED: GREEN
[*] HEARTBEAT SYNC: 02:46:51 | LED: GREEN
[*] HEARTBEAT SYNC: 02:47:01 | LED: GREEN
[*] HEARTBEAT SYNC: 02:47:11 | LED: GREEN
[*] HEARTBEAT SYNC: 02:47:21 | LED: GREEN
[*] HEARTBEAT SYNC: 02:47:31 | LED: GREEN
[*] HEARTBEAT SYNC: 02:47:41 | LED: GREEN
[*] HEARTBEAT SYNC: 02:47:51 | LED: GREEN
[*] HEARTBEAT SYNC: 02:48:02 | LED: GREEN
[*] HEARTBEAT SYNC: 02:48:12 | LED: GREEN
[*] HEARTBEAT SYNC: 02:48:22 | LED: GREEN
[*] HEARTBEAT SYNC: 02:48:32 | LED: GREEN
[*] HEARTBEAT SYNC: 02:48:42 | LED: GREEN
[*] HEARTBEAT SYNC: 02:48:52 | LED: GREEN
[*] HEARTBEAT SYNC: 02:49:02 | LED: GREEN
[*] HEARTBEAT SYNC: 02:49:12 | LED: GREEN
[*] HEARTBEAT SYNC: 02:49:22 | LED: GREEN
[*] HEARTBEAT SYNC: 02:49:32 | LED: GREEN
[*] HEARTBEAT SYNC: 02:49:42 | LED: GREEN
[*] HEARTBEAT SYNC: 02:49:52 | LED: GREEN
[*] HEARTBEAT SYNC: 02:50:02 | LED: GREEN
[*] HEARTBEAT SYNC: 02:50:12 | LED: GREEN
[*] HEARTBEAT SYNC: 02:50:22 | LED: GREEN
[*] HEARTBEAT SYNC: 02:50:32 | LED: GREEN
[*] HEARTBEAT SYNC: 02:50:42 | LED: GREEN
[*] HEARTBEAT SYNC: 02:50:52 | LED: GREEN
[*] HEARTBEAT SYNC: 02:51:02 | LED: GREEN
[*] HEARTBEAT SYNC: 02:51:12 | LED: GREEN
[*] HEARTBEAT SYNC: 02:51:22 | LED: GREEN
[*] HEARTBEAT SYNC: 02:51:33 | LED: GREEN
[*] HEARTBEAT SYNC: 02:51:43 | LED: GREEN
[*] HEARTBEAT SYNC: 02:51:53 | LED: GREEN
[*] HEARTBEAT SYNC: 02:52:03 | LED: GREEN
[*] HEARTBEAT SYNC: 02:52:13 | LED: GREEN
[*] HEARTBEAT SYNC: 02:52:23 | LED: GREEN
[*] HEARTBEAT SYNC: 02:52:33 | LED: GREEN
[*] HEARTBEAT SYNC: 02:52:43 | LED: GREEN
[*] HEARTBEAT SYNC: 02:52:53 | LED: GREEN
[*] HEARTBEAT SYNC: 02:53:03 | LED: GREEN
[*] HEARTBEAT SYNC: 02:53:13 | LED: GREEN
[*] HEARTBEAT SYNC: 02:53:23 | LED: GREEN
[*] HEARTBEAT SYNC: 02:53:33 | LED: GREEN
[*] HEARTBEAT SYNC: 02:53:43 | LED: GREEN
[*] HEARTBEAT SYNC: 02:53:53 | LED: GREEN
[*] HEARTBEAT SYNC: 02:54:03 | LED: GREEN
[*] HEARTBEAT SYNC: 02:54:14 | LED: GREEN
[*] HEARTBEAT SYNC: 02:54:24 | LED: GREEN
[*] HEARTBEAT SYNC: 02:54:34 | LED: GREEN
[*] HEARTBEAT SYNC: 02:54:44 | LED: GREEN
[*] HEARTBEAT SYNC: 02:54:54 | LED: GREEN
[*] HEARTBEAT SYNC: 02:55:04 | LED: GREEN
[*] HEARTBEAT SYNC: 02:55:14 | LED: GREEN
[*] HEARTBEAT SYNC: 02:55:24 | LED: GREEN
[*] HEARTBEAT SYNC: 02:55:34 | LED: GREEN
[*] HEARTBEAT SYNC: 02:55:44 | LED: GREEN
[*] HEARTBEAT SYNC: 02:55:54 | LED: GREEN
[*] HEARTBEAT SYNC: 02:56:04 | LED: GREEN
[*] HEARTBEAT SYNC: 02:56:14 | LED: GREEN
[*] HEARTBEAT SYNC: 02:56:24 | LED: GREEN
[*] HEARTBEAT SYNC: 02:56:34 | LED: GREEN
[*] HEARTBEAT SYNC: 02:56:44 | LED: GREEN
[*] HEARTBEAT SYNC: 02:56:54 | LED: GREEN
[*] HEARTBEAT SYNC: 02:57:04 | LED: GREEN
[*] HEARTBEAT SYNC: 02:57:14 | LED: GREEN
[*] HEARTBEAT SYNC: 02:57:24 | LED: GREEN
[*] HEARTBEAT SYNC: 02:57:35 | LED: GREEN
[*] HEARTBEAT SYNC: 02:57:45 | LED: GREEN
[*] HEARTBEAT SYNC: 02:57:55 | LED: GREEN
[*] HEARTBEAT SYNC: 02:58:05 | LED: GREEN
[*] HEARTBEAT SYNC: 02:58:15 | LED: GREEN
[*] HEARTBEAT SYNC: 02:58:25 | LED: GREEN
[*] HEARTBEAT SYNC: 02:58:35 | LED: GREEN
[*] HEARTBEAT SYNC: 02:58:45 | LED: GREEN
[*] HEARTBEAT SYNC: 02:58:55 | LED: GREEN
[*] HEARTBEAT SYNC: 02:59:05 | LED: GREEN
[*] HEARTBEAT SYNC: 02:59:15 | LED: GREEN
[*] HEARTBEAT SYNC: 02:59:25 | LED: GREEN
[*] HEARTBEAT SYNC: 02:59:35 | LED: GREEN
[*] HEARTBEAT SYNC: 02:59:45 | LED: GREEN
[*] HEARTBEAT SYNC: 02:59:55 | LED: GREEN
[*] HEARTBEAT SYNC: 03:00:05 | LED: GREEN
[*] HEARTBEAT SYNC: 03:00:15 | LED: GREEN
[*] HEARTBEAT SYNC: 03:00:26 | LED: GREEN
[*] HEARTBEAT SYNC: 03:00:36 | LED: GREEN
[*] HEARTBEAT SYNC: 03:00:46 | LED: GREEN
[*] HEARTBEAT SYNC: 03:00:56 | LED: GREEN
[*] HEARTBEAT SYNC: 03:01:06 | LED: GREEN
[*] HEARTBEAT SYNC: 03:01:16 | LED: GREEN
[*] HEARTBEAT SYNC: 03:01:26 | LED: GREEN
[*] HEARTBEAT SYNC: 03:01:36 | LED: GREEN
[*] HEARTBEAT SYNC: 03:01:46 | LED: GREEN
[*] HEARTBEAT SYNC: 03:01:56 | LED: GREEN
[*] HEARTBEAT SYNC: 03:02:06 | LED: GREEN
[*] HEARTBEAT SYNC: 03:02:16 | LED: GREEN
[*] HEARTBEAT SYNC: 03:02:26 | LED: GREEN
[*] HEARTBEAT SYNC: 03:02:36 | LED: GREEN
[*] HEARTBEAT SYNC: 03:02:46 | LED: GREEN
[*] HEARTBEAT SYNC: 03:02:56 | LED: GREEN
[*] HEARTBEAT SYNC: 03:03:06 | LED: GREEN
[*] HEARTBEAT SYNC: 03:03:16 | LED: GREEN
[*] HEARTBEAT SYNC: 03:03:26 | LED: GREEN
[*] HEARTBEAT SYNC: 03:03:36 | LED: GREEN
[*] HEARTBEAT SYNC: 03:03:46 | LED: GREEN
[*] HEARTBEAT SYNC: 03:03:57 | LED: GREEN
[*] HEARTBEAT SYNC: 03:04:07 | LED: GREEN
[*] HEARTBEAT SYNC: 03:04:17 | LED: GREEN
[!] CHANGES DETECTED. INITIATING GLOBAL NODE SYNC...
fatal: Unable to create '/data/data/com.termux/files/home/Jackson-Node/.git/index.lock': File exists.

Another git process seems to be running in this repository, or the lock file may be stale
fatal: cannot lock ref 'HEAD': is at e84071707f673f2ac14031e39d1af44ebfc131b3 but expected e1b68960b6d6a56307e8af78825fbfddfcf1bd10
To https://github.com/delonbouler617-main/Jackson-Node.git
 ! [remote rejected] main -> main (cannot lock ref 'refs/heads/main': is at e84071707f673f2ac14031e39d1af44ebfc131b3 but expected e1b68960b6d6a56307e8af78825fbfddfcf1bd10)
error: failed to push some refs to 'https://github.com/delonbouler617-main/Jackson-Node.git'
[✔] GLOBAL NODE UPDATED.
[*] HEARTBEAT SYNC: 03:04:28 | LED: GREEN
[*] HEARTBEAT SYNC: 03:04:38 | LED: GREEN
[*] HEARTBEAT SYNC: 03:04:48 | LED: GREEN
[*] HEARTBEAT SYNC: 03:04:58 | LED: GREEN
[*] HEARTBEAT SYNC: 03:05:08 | LED: GREEN
[*] HEARTBEAT SYNC: 03:05:18 | LED: GREEN
[*] HEARTBEAT SYNC: 03:05:28 | LED: GREEN
[*] HEARTBEAT SYNC: 03:05:38 | LED: GREEN
[*] HEARTBEAT SYNC: 03:05:48 | LED: GREEN
[*] HEARTBEAT SYNC: 03:05:58 | LED: GREEN
[*] HEARTBEAT SYNC: 03:06:09 | LED: GREEN
[*] HEARTBEAT SYNC: 03:06:19 | LED: GREEN
[*] HEARTBEAT SYNC: 03:06:29 | LED: GREEN
[*] HEARTBEAT SYNC: 03:06:39 | LED: GREEN
[*] HEARTBEAT SYNC: 03:06:49 | LED: GREEN
[*] HEARTBEAT SYNC: 03:06:59 | LED: GREEN
[*] HEARTBEAT SYNC: 03:07:09 | LED: GREEN
[*] HEARTBEAT SYNC: 03:07:19 | LED: GREEN
[*] HEARTBEAT SYNC: 03:07:29 | LED: GREEN
[*] HEARTBEAT SYNC: 03:07:39 | LED: GREEN
[*] HEARTBEAT SYNC: 03:07:49 | LED: GREEN
[*] HEARTBEAT SYNC: 03:07:59 | LED: GREEN
[*] HEARTBEAT SYNC: 03:08:09 | LED: GREEN
[*] HEARTBEAT SYNC: 03:08:19 | LED: GREEN
[*] HEARTBEAT SYNC: 03:08:29 | LED: GREEN
[*] HEARTBEAT SYNC: 03:08:39 | LED: GREEN
[*] HEARTBEAT SYNC: 03:08:49 | LED: GREEN
[*] HEARTBEAT SYNC: 03:09:00 | LED: GREEN
[*] HEARTBEAT SYNC: 03:09:10 | LED: GREEN
[*] HEARTBEAT SYNC: 03:09:20 | LED: GREEN
[*] HEARTBEAT SYNC: 03:09:30 | LED: GREEN
[*] HEARTBEAT SYNC: 03:09:40 | LED: GREEN
[*] HEARTBEAT SYNC: 03:09:50 | LED: GREEN
[*] HEARTBEAT SYNC: 03:10:00 | LED: GREEN
[*] HEARTBEAT SYNC: 03:10:10 | LED: GREEN
[*] HEARTBEAT SYNC: 03:10:20 | LED: GREEN
[*] HEARTBEAT SYNC: 03:10:30 | LED: GREEN
[*] HEARTBEAT SYNC: 03:10:40 | LED: GREEN
[*] HEARTBEAT SYNC: 03:10:50 | LED: GREEN
[*] HEARTBEAT SYNC: 03:11:00 | LED: GREEN
[*] HEARTBEAT SYNC: 03:11:10 | LED: GREEN
[*] HEARTBEAT SYNC: 03:11:20 | LED: GREEN
[*] HEARTBEAT SYNC: 03:11:30 | LED: GREEN
[*] HEARTBEAT SYNC: 03:11:40 | LED: GREEN
[*] HEARTBEAT SYNC: 03:11:51 | LED: GREEN
[*] HEARTBEAT SYNC: 03:12:01 | LED: GREEN
[*] HEARTBEAT SYNC: 03:12:11 | LED: GREEN
[*] HEARTBEAT SYNC: 03:12:21 | LED: GREEN
[*] HEARTBEAT SYNC: 03:12:31 | LED: GREEN
[*] HEARTBEAT SYNC: 03:12:41 | LED: GREEN
[*] HEARTBEAT SYNC: 03:12:51 | LED: GREEN
[*] HEARTBEAT SYNC: 03:13:01 | LED: GREEN
[*] HEARTBEAT SYNC: 03:13:11 | LED: GREEN
[*] HEARTBEAT SYNC: 03:13:21 | LED: GREEN
[*] HEARTBEAT SYNC: 03:13:31 | LED: GREEN
[*] HEARTBEAT SYNC: 03:13:41 | LED: GREEN
[*] HEARTBEAT SYNC: 03:13:51 | LED: GREEN
[*] HEARTBEAT SYNC: 03:14:01 | LED: GREEN
[*] HEARTBEAT SYNC: 03:14:11 | LED: GREEN
[*] HEARTBEAT SYNC: 03:14:21 | LED: GREEN
[*] HEARTBEAT SYNC: 03:14:31 | LED: GREEN
[*] HEARTBEAT SYNC: 03:14:41 | LED: GREEN
[*] HEARTBEAT SYNC: 03:14:51 | LED: GREEN
[*] HEARTBEAT SYNC: 03:15:01 | LED: GREEN
[*] HEARTBEAT SYNC: 03:15:11 | LED: GREEN
[*] HEARTBEAT SYNC: 03:15:21 | LED: GREEN
[*] HEARTBEAT SYNC: 03:15:31 | LED: GREEN
[*] HEARTBEAT SYNC: 03:15:42 | LED: GREEN
[*] HEARTBEAT SYNC: 03:15:52 | LED: GREEN
[*] HEARTBEAT SYNC: 03:16:02 | LED: GREEN
[*] HEARTBEAT SYNC: 03:16:12 | LED: GREEN
[*] HEARTBEAT SYNC: 03:16:22 | LED: GREEN
[*] HEARTBEAT SYNC: 03:16:32 | LED: GREEN
[*] HEARTBEAT SYNC: 03:16:42 | LED: GREEN
[*] HEARTBEAT SYNC: 03:16:52 | LED: GREEN
[*] HEARTBEAT SYNC: 03:17:02 | LED: GREEN
[*] HEARTBEAT SYNC: 03:17:12 | LED: GREEN
[*] HEARTBEAT SYNC: 03:17:22 | LED: GREEN
[*] HEARTBEAT SYNC: 03:17:32 | LED: GREEN
[*] HEARTBEAT SYNC: 03:17:42 | LED: GREEN
[*] HEARTBEAT SYNC: 03:17:52 | LED: GREEN
[*] HEARTBEAT SYNC: 03:18:02 | LED: GREEN
[*] HEARTBEAT SYNC: 03:18:12 | LED: GREEN
[*] HEARTBEAT SYNC: 03:18:22 | LED: GREEN
[*] HEARTBEAT SYNC: 03:18:32 | LED: GREEN
[*] HEARTBEAT SYNC: 03:18:42 | LED: GREEN
[*] HEARTBEAT SYNC: 03:18:52 | LED: GREEN
[*] HEARTBEAT SYNC: 03:19:02 | LED: GREEN
[*] HEARTBEAT SYNC: 03:19:12 | LED: GREEN
[*] HEARTBEAT SYNC: 03:19:22 | LED: GREEN
[*] HEARTBEAT SYNC: 03:19:32 | LED: GREEN
[*] HEARTBEAT SYNC: 03:19:42 | LED: GREEN
[*] HEARTBEAT SYNC: 03:19:53 | LED: GREEN
[*] HEARTBEAT SYNC: 03:20:03 | LED: GREEN
[*] HEARTBEAT SYNC: 03:20:13 | LED: GREEN
[*] HEARTBEAT SYNC: 03:20:23 | LED: GREEN
[*] HEARTBEAT SYNC: 03:20:33 | LED: GREEN
[*] HEARTBEAT SYNC: 03:20:43 | LED: GREEN
[*] HEARTBEAT SYNC: 03:20:53 | LED: GREEN
[*] HEARTBEAT SYNC: 03:21:03 | LED: GREEN
[*] HEARTBEAT SYNC: 03:21:13 | LED: GREEN
[*] HEARTBEAT SYNC: 03:21:23 | LED: GREEN
[*] HEARTBEAT SYNC: 03:21:33 | LED: GREEN
[*] HEARTBEAT SYNC: 03:21:43 | LED: GREEN
[*] HEARTBEAT SYNC: 03:21:53 | LED: GREEN
[*] HEARTBEAT SYNC: 03:22:03 | LED: GREEN
[*] HEARTBEAT SYNC: 03:22:13 | LED: GREEN
[*] HEARTBEAT SYNC: 03:22:23 | LED: GREEN
[*] HEARTBEAT SYNC: 03:22:33 | LED: GREEN
[*] HEARTBEAT SYNC: 03:22:43 | LED: GREEN
[*] HEARTBEAT SYNC: 03:22:54 | LED: GREEN
[*] HEARTBEAT SYNC: 03:23:04 | LED: GREEN
[*] HEARTBEAT SYNC: 03:23:14 | LED: GREEN
[*] HEARTBEAT SYNC: 03:23:24 | LED: GREEN
[*] HEARTBEAT SYNC: 03:23:34 | LED: GREEN
[*] HEARTBEAT SYNC: 03:23:44 | LED: GREEN
[*] HEARTBEAT SYNC: 03:23:54 | LED: GREEN
[*] HEARTBEAT SYNC: 03:24:04 | LED: GREEN
[!] CHANGES DETECTED. INITIATING GLOBAL NODE SYNC...
fatal: Unable to create '/data/data/com.termux/files/home/Jackson-Node/.git/index.lock': File exists.

Another git process seems to be running in this repository, or the lock file may be stale
Everything up-to-date
[✔] GLOBAL NODE UPDATED.
[*] HEARTBEAT SYNC: 03:24:15 | LED: GREEN
                                                                                                                                                                                                                                                                                                                                                                                                                                                                                                                                                                                                                                                                                                                                                                                                                                                                                                                                                                                                                                                                                                                                                                                                                                                                                                                                                                                                                                                                                                                                                                                                                                                                                                                                                                                                                                                                                                                                                                                                                                                                                                                                                                                                                                                                                                                                                                                                                                                                                                                                                                                                                                                                                                                                                                                                                                                                                                                                                                                                                                                                                                                                                                                                                                                                                                                                                                                                                                                                                                                                                                                                                                                                                                                                                                                                                                                                                                                                                                                                                                                                                                                                                                                                                                                                                                                                                                                                                                                                                                                                                                                                                                                                                                                                                                                                                                                                                                                                                                                                                                                                                                                                                                                                                                                                                                                                                                                                                                                                                                                                                                                                                                                                                                                                                                                                                                                                                                                                                                                                                                                                                                                                                                                                                                                                                                                                                                                                                                                                                                                                                                                                                                                                                                                                                                                                                                                                                                                                                                                                                                                                                                                                                                                                                                                                                                                                                                                                                                                                                                                                                                                                                                                                                                                                                                                                                                                                                                                                                                                                                                                                                                                                                                                                                                                                                                                                                                                                                                                                                                                                                                                                                                                                                                                                                                                                                                                                                                                                                                                                                                                                                                                                                                                                                                                                                                                                                                                                                                                                                                                                                                                                                                                                                                                                                                                                                                                                                                                                                                                                                                                                                                                                                                                                                                                                                                                                                                                                                                                                                                                                                                                                                                                                                                                                                                                                                                                                                                                                                                                                                                                                                                                                                                                                                                                                                                                                                                                                                                                                                                                                                                                                                                                                                                                                                                                                                                                                                                                                                                                                                                                                                                                                                                                                                                                                                                                                                                                                                                                                                                                                                                                                                                                                                                                                                                                                                                                                                                                                                                                                                                                                                                                                                                                                                                                                                                                                                                                                                                                                                                                                                                                                                                                                                                                                                                                                                                                                                                                                                                                                                                                                                                                                                                                                                                                                                                                                                                                                                                                                                                                                                                                                                                                                                                                                                                                                                                                                                                                                                                                                                                                                                                                                                                                                                                                                                                                                                                                                                                                                                                                                                                                                                                                                                                                                                                                                                                                                                                                                                                                                                                                                                                                                                                                                                                                                                                                                                                                                                                                                                                                                                                                                                                                                                                                                                                                                                                                                                                                                                                                                                                                                                                                                                                                                                                                                                                                                                                                                                                                                                                                                                                                                                                                                                                                                                                                                                                                                                                                                                                                                                                                                                                                                                                                                                                                                                                                                                                                                                                                                                                                                                                                                                                                                                                                                                                                                                                                                                                                                                                                                                                                                                                                                                                                                                                                                                                                                                                                                                                                                                                                                                                                                                                                                                                                                                                                                                                                                                                                                                                                                                                                                                                                                                                                                                                                                                                                                                                                                                                                                                                                                                                                                                                                                                                                                                                                                                                                                                                                                                                                                                                                                                                                                                                                                                                                                                                                                                                                                                                                                                                                                                                                                                                                                                                                                                                                                                                                                                                                                                                                                                                                                                                                                                                                                                                                                                                                                                                                                                                                                                                                                                                                                                                                                                                                                                                                                                                                                                                                                                                                                                                                                                                                                                                                                                                                                                                                                                                                                                                                                                                                                                                                                                                                                                                                                                                                                                                                                                                                                                                                                                                                                                                                                                                                                                                                                                                                                                                                                                                                                                                                                                                                                                                                                                                                                                                                                                                                                                                                                                                                                                                                                                                                                                                                                                                                                                                                                                                                                                                                                                                                                                                                                                                                                                                                                                                                                                                                                                                                                                                                                                                                                                                                                                                                                                                                                                                                                                                                                                                                                                                                                                                                                                                                                                                                                                                                                                                                                                                                                                                                                                                                                                                                                                                                                                                                                                                                                                                                                                                                                                                                                                                                                                                                                                                                                                                                                                                                                                                                                                                                                                                                                                                                                                                                                                                                                                                                                                                                                                                                                                                                                                                                                                                                                                                                                                                                                                                                                                                                                                                                                                                                                                                                                                                                                                                                                                                                                                                                                                                                                                                                                                                                                                                                                                                                                                                                                                                                                                                                                                                                                                                                                                                                                                                                                                                                                                                                                                                                                                                                                                                                                                                                                                                                                                                                                                                                                                                                                                                                                                                                                                                                                                                                                                                                                                                                                                                                                                                                                                                                                                                                                                                                                                                                                                                                                                                                                                                                                                                                                                                                                                                                                                                                                                                                                                                                                                                                                                                                                                                                                                                                                                                                                                                                                                                                                                                                                                                                                                                                                                                                                                                                                                                                                                                                                                                                                                                                                                                                                                                                                                                                                                                                                                                                                                                                                                                                                                                                                                                                                                                                                                                                                                                                                                                                                                                                                                                                                                                                                                                                                                                                                                                                                                                                                                                                                                                                                                                                                                                                                                                                                                                                                                                                                                                                                                                                                                                                                                                                                                                                                                                                                                                                                                                                                                                                                                                                                                                                                                                                                                                                                                                                                                                                                                                                                                                                                                                                                                                                                                                                                                                                                                                                                                                                                                                                                                                                                                                                                                                                                                                                                                                                                                                                                                                                                                                                                                                                                                                                                                                                                                                                                                                                                                                                                                                                                                                                                                                                                                                                                                                                                                                                                                                                                                                                                                                                                                                                                                                                                                                                                                                                                                                                                                                                                                                                                                                                                                                                                                                                                                                                                                                                                                                                                                                                                                                                                                                                                                                                                                                                                                                                                                                                                                                                                                                                                                                                                                                                                                                                                                                                                                                                                                                                                                                                                                                                                                                                                                                                                                                                                                                                                                                                                                                                                                                                                                                                                                                                                                                                                                                                                                                                                                                                                                                                                                                                                                                                                                                                                                                                                                                                                                                                                                                                                                                                                                                                                                                                                                                                                                                                                                                                                                                                                                                                                                                                                                                                                                                                                                                                                                                                                                                                                                                                                                                                                                                                                                                                                                                                                                                                                                                                                                                                                                                                                                                                                                                                                                                                                                                                                                                                                                                                                                                                                                                                                                                                                                                                                                                                                                                                                                                                                                                                                                                                                                                                                                                                                                                                                                                                                                                                                                                                                                                                                                                                                                                                                                                                                                                                                                                                                                                                                                                                                                                                                                                                                                                                                                                                                                                                                                                                                                                                                                                                                                                                                                                                                                                                                                                                                                                                                                                                                                                                                                                                                                                                                                                                                                                                                                                                                                                                                                                                                                                                                                                                                                                                                                                                                                                                                                                                                                                                                                                                                                                                                                                                                                                                                                                                                                                                                                                                                                                                                                                                                                                                                                                                                                                                                                                                                                                                                                                                                                                                                                                                                                                                                                                                                                                                                                                                                                                                                                                                                                                                                                                                                                                                                                                                                                                                                                                                                                                                                                                                                                                                                                                                                                                                                                                                                                                                                                                                                                                                                                                                                                                                                                                                                                                                                                                                                                                                                                                                                                                                                                                                                                                                                                                                                                                                                                                                                                                                                                                                                                                                                                                                                                                                                                                                                                                                                                                                                                                                                                                                                                                                                                                                                                                                                                                                                                                                                                                                                                                                                                                                                                                                                                                                                                                                                                                                                                                                                                                                                                                                                                                                                                                                                                                                                                                                                                                                                                                                                                                                                                                                                                                                                                                                                                                                                                                                                                                                                                                                                                                                                                                                                                                                                                                                                                                                                                                                                                                                                                                                                                                                                                                                                                                                                                                                                                                                                                                                                                                                                                                                                                                                                                                                                                                                                                                                                                                                                                                                                                                                                                                                                                                                                                                                                                                                                                                                                                                                                                                                                                                                                                                                                                                                                                                                                                                                                                                                                                                                                                                                                                                                                                                                                                                                                                                                                                                                                                                                                                                                                                                                                                                                                                                                                                                                                                                                                                                                                                                                                                                                                                                                                                                                                                                                                                                                                                                                                                                                                                                                                                                                                                                                                                                                                                                                                                                                                                                                                                                                                                                                                                                                                                                                                                                                                                                                                                                                                                                                                                                                                                                                                                                                                                                                                                                                                                                                                                                                                                                                                                                                                                                                                                                                                                                                                                                                                                                                                                                                                                                                                                                                                                                                                                                                                                                                                                                                                                                                                                                                                                                                                                                                                                                                                                                                                                                                                                                                                                                                                                                                                                                                                                                                                                                                                                                                                                                                                                                                                                                                                                                                                                                                                                                                                                                                                                                                                                                                                                                                                                                                                                                                                                                                                                                                                                                                                                                                                                                                                                                                                                                                                                                                                                                                                                                                                                                                                                                                                                                                                                                                                                                                                                                                                                                                                                                                                                                                                                                                                                                                                                                                                                                                                                                                                                                                                                                                                                                                                                                                                                                                                                                                                                                                                                                                                                                                                                                                                                                                                                                                                                                                                                                                                                                                                                                                                                                                                                                                                                                                                                                                                                                                                                                                                                                                                                                                                                                                                                                                                                                                                                                                                                                                                                                                                                                                                                                                                                                                                                                                                                                                                                                                                                                                                                                                                                                                                                                                                                                                                                                                                                                                                                                                                                                                                                                                                                                                                                                                                                                                                                                                                                                                                                                                                                                                                                                                                                                                                                                                                                                                                                                                                                                                                                                                                                                                                                                                                                                                                                                                                                                                                                                                                                                                                                                                                                                                                                                                                                                                                                                                                                                                                                                                                                                                                                                                                                                                                                                                                                                                                                                                                                                                                                                                                                                                                                                                                                                                                                                                                                                                                                                                                                                                                                                                                                                                                                                                                                                                                                                                                                                                                                                                                                                                                                                                                                                                                                                                                                                                                                                                                                                                                                                                                                                                                                                                                                                                                                                                                                                                                                                                                                                                                                                                                                                                                                                                                                                                                                                                                                                                                                                                                                                                                                                                                                                                                                                                                                                                                                                                                                                                                                                                                                                                                                                                                                                                                                                                                                                                                                                                                                                                                                                                                                                                                                                                                                                                                                                                                                                                                                                                                                                                                                                                                                                                                                                                                                                                                                                                                                                                                                                                                                                                                                                                                                                                                                                                                                                                                                                                                                                                                                                                                                                                                                                                                                                                                                                                                                                                                                                                                                                                                                                                                                                                                                                                                                                                                                                                                                                                                                                                                                                                                                                                                                                                                                                                                                                                                                                                                                                                                                                                                                                                                                                                                                                                                                                                                                                                                                                                                                                                                                                                                                                                                                                                                                                                                                                                                                                                                                                                                                                                                                                                                                                                                                                                                                                                                                                                                                                                                                                                                                                                                                                                                                                                                                                                                                                                                                                                                                                                                                                                                                                                                                                                                                                                                                                                                                                                                                                                                                                                                                                                                                                                                                                                                                                                                                                                                                                                                                                                                                                                                                                                                                                                                                                                                                                                                                                                                                                                                                                                                                                                                                                                                                                                                                                                                                                                                                                                                                                                                                                                                                                                                                                                                                                                                                                                                                                                                                                                                                                                                                                                                                                                                                                                                                                                                                                                                                                                                                                                                                                                                                                                                                                                                                                                                                                                                                                                                                                                                                                                                                                                                                                                                                                                                                                                                                                                                                                                                                                                                                                                                                                                                                                                                                                                                                                                                                                                                                                                                                                                                                                                                                                                                                                                                                                                                                                                                                                                                                                                                                                                                                                                                                                                                                                                                                                                                                                                                                                                                                                                                                                                                                                                                                                                                                                                                                                                                                                                                                                                                                                                                                                                                                                                                                                                                                                                                                                                                                                                                                                                                                                                                                                                                                                                                                                                                                                                                                                                                                                                                                                                                                                                                                                                                                                                                                                                                                                                                                                                                                                                                                                                                                                                                                                                                                                                                                                                                                                                                                                                                                                                                                                                                                                                                                                                                                                                                                                                                                                                                                                                                                                                                                                                                                                                                                                                                                                                                                                                                                                                                                                                                                                                                                                                                                                                                                                                                                                                                                                                                                                                                                                                                                                                                                                                                                                                                                                                                                                                                                                                                                                                                                                                                                                                                                                                                                                                                                                                                                                                                                                                                                                                                                                                                                                                                                                                                                                                                                                                                                                                                                                                                                                                                                                                                                                                                                                                                                                                                                                                                                                                                                                                                                                                                                                                                                                                                                                                                                                                                                                                                                                                                                                                                                                                                                                                                                                                                                                                                                                                                                                                                                                                                                                                                                                                                                                                                                                                                                                                                                                                                                                                                                                                                                                                                                                                                                                                                                                                                                                                                                                                                                                                                                                                                                                                                                                                                                                                                                                                                                                                                                                                                                                                                                                                                                                                                                                                                                                                                                                                                                                                                                                                                                                                                                                                                                                                                                                                                                                                                                                                                                                                                                                                                                                                                                                                                                                                                                                                                                                                                                                                                                                                                                                                                                                                                                                                                                                                                                                                                                                                                                                                                                                                                                                                                                                                                                                                                                                                                                                                                                                                                                                                                                                                                                                                                                                                                                                                                                                                                                                                                                                                                                                                                                                                                                                                                                                                                                                                                                                                                                                                                                                                                                                                                                                                                                                                                                                                                                                                                                                                                                                                                                                                                                                                                                                                                                                                                                                                                                                                                                                                                                                                                                                                                                                                                                                                                                                                                                                                                                                                                                                                                                                                                                                                                                                                                                                                                                                                                                                                                                                                                                                                                                                                                                                                                                                                                                                                                                                                                                                                                                                                                                                                                                                                                                                                                                                                                                                                                                                                                                                                                                                                                                                                                                                                                                                                                                                                                                                                                                                                                                                                                                                                                                                                                                                                                                                                                                                                                                                                                                                                                                                                                                                                                                                                                                                                                                                                                                                                                                                                                                                                                                                                                                                                                                                                                                                                                                                                                                                                                                                                                                                                                                                                                                                                                                                                                                                                                                                                                                                                                                                                                                                                                                                                                                                                                                                                                                                                                                                                                                                                                                                                                                                                                                                                                                                                                                                                                                                                                                                                                                                                                                                                                                                                                                                                                                                                                                                                                                                                                                                                                                                                                                                                                                                                                                                                                                                                                                                                                                                                                                                                                                                                                                                                                                                                                                                                                                                                                                                                                                                                                                                                                                                                                                                                                                                                                                                                                                                                                                                                                                                                                                                                                                                                                                                                                                                                                                                                                                                                                                                                                                                                                                                                                                                                                                                                                                                                                                                                                                                                                                                                                                                                                                                                                                                                                                                                                                                                                                                                                                                                                                                                                                                                                                                                                                                                                                                                                                                                                                                                                                                                                                                                                                                                                                                                                                                                                                                                                                                                                                                                                                                                                                                                                                                                                                                                                                                                                                                                                                                                                                                                                                                                                                                                                                                                                                                                                                                                                                                                                                                                                                                                                                                                                                                                                                                                                                                                                                                                                                                                                                                                                                                                                                                                                                                                                                                                                                                                                                                                                                                                                                                                                                                                                                                                                                                                                                                                                                                                                                                                                                                                                                                                                                                                                                                                                                                                                                                                                                                                                                                                                                                                                                                                                                                                                                                                                                                                                                                                                                                                                                                                                                                                                                                                                                                                                                                                                                                                                                                                                                                                                                                                                                                                                                                                                                                                                                                                                                                                                                                                                                                                                                                                                                                                                                                                                                                                                                                                                                                                                                                                                                                                                                                                                                                                                                                                                                                                                                                                                                                                                                                                                                                                                                                                                                                                                                                                                                                                                                                                                                                                                                                                                                                                                                                                                                                                                                                                                                                                                                                                                                                                                                                                                                                                                                                                                                                                                                                                                                                                                                                                                                                                                                                                                                                                                                                                                                                                                                                                                                                                                                                                                                                                                                                                                                                                                                                                                                                                                                                                                                                                                                                                                                                                                                                                                                                                                                                                                                                                                                                                                                                                                                                                                                                                                                                                                                                                                                                                                                                                                                                                                                                                                                                                                                                                                                                                                                                                                                                                                                                                                                                                                                                                                                                                                                                                                                                                                                                                                                                                                                                                                                                                                                                                                                                                                                                                                                                                                                                                                                                                                                                                                                                                                                                                                                                                                                                                                                                                                                                                                                                                                                                                                                                                                                                                                                                                                                                                                                                                                                                                                                                                                                                                                                                                                                                                                                                                                                                                                                                                                                                                                                                                                                                                                                                                                                                                                                                                                                                                                                                                                                                                                                                                                                                                                                                                                                                                                                                                                                                                                                                                                                                                                                                                                                                                                                                                                                                                                                                                                                                                                                                                                                                                                                                                                                                                                                                                                                                                                                                                                                                                                                                                                                                                                                                                                                                                                                                                                                                                                                                                                                                                                                                                                                                                                                                                                                                                                                                                                                                                                                                                                                                                                                                                                                                                                                                                                                                                                                                                                                                                                                                                                                                                                                                                                                                                                                                                                                                                                                                                                                                                                                                                                                                                                                                                                                                                                                                                                                                                                                                                                                                                                                                                                                                                                                                                                                                                                                                                                                                                                                                                                                                                                                                                                                                                                                                                                                                                                                                                                                                                                                                                                                                                                                                                                                                                                                                                                                                                                                                                                                                                                                                                                                                                                                                                                                                                                                                                                                                                                                                                                                                                                                                                                                                                                                                                                                                                                                                                                                                                                                                                                                                                                                                                                                                                                                                                                                                                                                                                                                                                                                                                                                                                                                                                                                                                                                                                                                                                                                                                                                                                                                                                                                                                                                                                                                                                                                                                                                                                                                                                                                                                                                                                                                                                                                                                                                                                                                                                                                                                                                                                                                                                                                                                                                                                                                                                                                                                                                                                                                                                                                                                                                                                                                                                                                                                                                                                                                                                                                                                                                                                                                                                                                                                                                                                                                                                                                                                                                                                                                                                                                                                                                                                                                                                                                                                                                                                                                                                                                                                                                                                                                                                                                                                                                                                                                                                                                                                                                                                                                                                                                                                                                                                                                                                                                                                                                                                                                                                                                                                                                                                                                                                                                                                                                                                                                                                                                                                                                                                                                                                                                                                                                                                                                                                                                                                                                                                                                                                                                                                                                                                                                                                                                                                                                                                                                                                                                                                                                                                                                                                                                                                                                                                                                                                                                                                                                                                                                                                                                                                                                                                                                                                                                                                                                                                                                                                                                                                                                                                                                                                                                                                                                                                                                                                                                                                                                                                                                                                                                                                                                                                                                                                                                                                                                                                                                                                                                                                                                                                                                                                                                                                                                                                                                                                                                                                                                                                                                                                                                                                                                                                                                                                                                                                                                                                                                                                                                                                                                                                                                                                                                                                                                                                                                                                                                                                                                                                                                                                                                                                                                                                                                                                                                                                                                                                                                                                                                                                                                                                                                                                                                                                                                                                                                                                                                                                                                                                                                                                                                                                                                                                                                                                                                                                                                                                                                                                                                                                                                                                                                                                                                                                                                                                                                                                                                                                                                                                                                                                                                                                                                                                                                                                                                                                                                                                                                                                                                                                                                                                                                                                                                                                                                                                                                                                                                                                                                                                                                                                                                                                                                                                                                                                                                                                                                                                                                                                                                                                                                                                                                                                                                                                                                                                                                                                                                                                                                                                                                                                                                                                                                                                                                                                                                                                                                                                                                                                                                                                                                                                                                                                                                                                                                                                                                                                                                                                                                                                                                                                                                                                                                                                                                                                                                                                                                                                                                                                                                                                                                                                                                                                                                                                                                                                                                                                                                                                                                                                                                                                                                                                                                                                                                                                                                                                                                                                                                                                                                                                                                                                                                                                                                                                                                                                                                                                                                                                                                                                                                                                                                                                                                                                                                                                                                                                                                                                                                                                                                                                                                                                                                                                                                                                                                                                                                                                                                                                                                                                                                                                                                                                                                                                                                                                                                                                                                                                                                                                                                                                                                                                                                                                                                                                                                                                                                                                                                                                                                                                                                                                                                                                                                                                                                                                                                                                                                                                                                                                                                                                                                                                                                                                                                                                                                                                                                                                                                                                                                                                                                                                                                                                                                                                                                                                                                                                                                                                                                                                                                                                                                                                                                                                                                                                                                                                                                                                                                                                                                                                                                                                                                                                                                                                                                                                                                                                                                                                                                                                                                                                                                                                                                                                                                                                                                                                                                                                                                                                                                                                                                                                                                                                                                                                                                                                                                                                                                                                                                                                                                                                                                                                                                                                                                                                                                                                                                                                                                                                                                                                                                                                                                                                                                                                                                                                                                                                                                                                                                                                                                                                                                                                                                                                                                                                                                                                                                                                                                                                                                                                                                                                                                                                                                                                                                                                                                                                                                                                                                                                                                                                                                                                                                                                                                                                                                                                                                                                                                                                                                                                                                                                                                                                                                                                                                                                                                                                                                                                                                                                                                                                                                                                                                                                                                                                                                                                                                                                                                                                                                                                                                                                                                                                                                                                                                                                                                                                                                                                                                                                                                                                                                                                                                                                                                                                                                                                                                                                                                                                                                                                                                                                                                                                                                                                                                                                                                                                                                                                                                                                                                                                                                                                                                                                                                                                                                                                                                                                                                                                                                                                                                                                                                                                                                                                                                                                                                                                                                                                                                                                                                                                                                                                                                                                                                                                                                                                                                                                                                                                                                                                                                                                                                                                                                                                                                                                                                                                                                                                                                                                                                                                                                                                                                                                                                                                                                                                                                                                                                                                                                                                                                                                                                                                                                                                                                                                                                                                                                                                                                                                                                                                                                                                                                                                                                                                                                                                                                                                                                                                                                                                                                                                                                                                                                                                                                                                                                                                                                                                                                                                                                                                                                                                                                                                                                                                                                                                                                                                                                                                                                                                                                                                                                                                                                                                                                                                                                                                                                                                                                                                                                                                                                                                                                                                                                                                                                                                                                                                                                                                                                                                                                                                                                                                                                                                                                                                                                                                                                                                                                                                                                                                                                                                                                                                                                                                                                                                                                                                                                                                                                                                                                                                                                                                                                                                                                                                                                                                                                                                                                                                                                                                                                                                                                                                                                                                                                                                                                                                                                                                                                                                                                                                                                                                                                                                                                                                                                                                                                                                                                                                                                                                                                                                                                                                                                                                                                                                                                                                                                                                                                                                                                                                                                                                                                                                                                                                                                                                                                                                                                                                                                                                                                                                                                                                                                                                                                                                                                                                                                                                                                                                                                                                                                                                                                                                                                                                                                                                                                                                                                                                                                                                                                                                                                                                                                                                                                                                                                                                                                                                                                                                                                                                                                                                                                                                                                                                                                                                                                                                                                                                                                                                                                                                                                                                                                                                                                                                                                                                                                                                                                                                                                                                                                                                                                                                                                                                                                                                                                                                                                                                                                                                                                                                                                                                                                                                                                                                                                                                                                                                                                                                                                                                                                                                                                                                                                                                                                                                                                                                                                                                                                                                                                                                                                                                                                                                                                                                                                                                                                                                                                                                                                                                                                                                                                                                                                                                                                                                                                                                                                                                                                                                                                                                                                                                                                                                                                                                                                                                                                                                                                                                                                                                                                                                                                                                                                                                                                                                                                                                                                                                                                                                                                                                                                                                                                                                                                                                                                                                                                                                                                                                                                                                                                                                                                                                                                                                                                                                                                                                                                                                                                                                                                                                                                                                                                                                                                                                                                                                                                                                                                                                                                                                                                                                                                                                                                                                                                                                                                                                                                                                                                                                                                                                                                                                                                                                                                                                                                                                                                                                                                                                                                                                                                                                                                                                                                                                                                                                                                                                                                                                                                                                                                                                                                                                                                                                                                                                                                                                                                                                                                                                                                                                                                                                                                                                                                                                                                                                                                                                                                                                                                                                                                                                                                                                                                                                                                                                                                                                                                                                                                                                                                                                                                                                                                                                                                                                                                                                                                                                                                                                                                                                                                                                                                                                                                                                                                                                                                                                                                                                                                                                                                                                                                                                                                                                                                                                                                                                                                                                                                                                                                                                                                                                                                                                                                                                                                                                                                                                                                                                                                                                                                                                                                                                                                                                                                                                                                                                                                                                                                                                                                                                                                                                                                                                                                                                                                                                                                                                                                                                                                                                                                                                                                                                                                                                                                                                                                                                                                                                                                                                                                                                                                                                                                                                                                                                                                                                                                                                                                                                                                                                                                                                                                                                                                                                                                                                                                                                                                                                                                                                                                                                                                                                                                                                                                                                                                                                                                                                                                                                                                                                                                                                                                                                                                                                                                                                                                                                                                                                                                                                                                                                                                                                                                                                                                                                                                                                                                                                                                                                                                                                                                                                                                                                                                                                                                                                                                                                                                                                                                                                                                                                                                                                                                                                                                                                                                                                                                                                                                                                                                                                                                                                                                                                                                                                                                                                                                                                                                                                                                                                                                                                                                                                                                                                                                                                                                                                                                                                                                                                                                                                                                                                                                                                                                                                                                                                                                                                                                                                                                                                                                                                                                                                                                                                                                                                                                                                                                                                                                                                                                                                                                                                                                                                                                                                                                                                                                                                                                                                                                                                                                                                                                                                                                                                                                                                                                                                                                                                                                                                                                                                                                                                                                                                                                                                                                                                                                                                                                                                                                                                                                                                                                                                                                                                                                                                                                                                                                                                                                                                                                                                                                                                                                                                                                                                                                                                                                                                                                                                                                                                                                                                                                                                                                                                                                                                                                                                                                                                                                                                                                                                                                                                                                                                                                                                                                                                                                                                                                                                                                                                                                                                                                                                                                                                                                                                                                                                                                                                                                                                                                                                                                                                                                                                                                                                                                                                                                                                                                                                                                                                                                                                                                                                                                                                                                                                                                                                                                                                                                                                                                                                                                                                                                                                                                                                                                                                                                                                                                                                                                                                                                                                                                                                                                                                                                                                                                                                                                                                                                                                                                                                                                                                                                                                                                                                                                                                                                                                                                                                                                                                                                                                                                                                                                                                                                                                                                                                                                                                                                                                                                                                                                                                                                                                                                                                                                                                                                                                                                                                                                                                                                                                                                                                                                                                                                                                                                                                                                                                                                                                                                                                                                                                                                                                                                                                                                                                                                                                                                                                                                                                                                                                                                                                                                                                                                                                                                                                                                                                                                                                                                                                                                                                                                                                                                                                                                                                                                                                                                                                                                                                                                                                                                                                                                                                                                                                                                                                                                                                                                                                                                                                                                                                                                                                                                                                                                                                                                                                                                                                                                                                                                                                                                                                                                                                                                                                                                                                                                                                                                                                                                                                                                                                                                                                                                                                                                                                                                                                                                                                                                                                                                                                                                                                                                                                                                                                                                                                                                                                                                                                                                                                                                                                                                                                                                                                                                                                                                                                                                                                                                                                                                                                                                                                                                                                                                                                                                                                                                                                                                                                                                                                                                                                                                                                                                                                                                                                                                                                                                                                                                                                                                                                                                                                                                                                                                                                                                                                                                                                                                                                                                                                                                                                                                                                                                                                                                                                                                                                                                                                                                                                                                                                                                                                                                                                                                                                                                                                                                                                                                                                                                                                                                                                                                                                                                                                                                                                                                                                                                                                                                                                                                                                                                                                                                                                                                                                                                                                                                                                                                                                                                                                                                                                                                                                                                                                                                                                                                                                                                                                                                                                                                                                                                                                                                                                                                                                                                                                                                                                                                                                                                                                                                                                                                                                                                                                                                                                                                                                                                                                                                                                                                                                                                                                                                                                                                                                                                                                                                                                                                                                                                                                                                                                                                                                                                                                                                                                                                                                                                                                                                                                                                                                                                                                                                                                                                                                                                                                                                                                                                                                                                                                                                                                                                                                                                                                                                                                                                                                                                                                                                                                                                                                                                                                                                                                                                                                                                                                                                                                                                                                                                                                                                                                                                                                                                                                                                                                                                                                                                                                                                                                                                                                                                                                                                                                                                                                                                                                                                                                                                                                                                                                                                                                                                                                                                                                                                                                                                                                                                                                                                                                                                                                                                                                                                                                                                                                                                                                                                                                                                                                                                                                                                                                                                                                                                                                                                                                                                                                                                                                                                                                                                                                                                                                                                                                                                                                                                                                                                                                                                                                                                                                                                                                                                                                                                                                                                                                                                                                                                                                                                                                                                                                                                                                                                                                                                                                                                                                                                                                                                                                                                                                                                                                                                                                                                                                                                                                                                                                                                                                                                                                                                                                                                                                                                                                                                                                                                                                                                                                                                                                                                                                                                                                                                                                                                                                                                                                                                                                                                                                                                                                                                                                                                                                                                                                                                                                                                                                                                                                                                                                                                                                                                                                                                                                                                                                                                                                                                                                                                                                                                                                                                                                                                                                                                                                                                                                                                                                                                                                                                                                                                                                                                                                                                                                                                                                                                                                                                                                                                                                                                                                                                                                                                                                                                                                                                                                                                                                                                                                                                                                                                                                                                                                                                                                                                                                                                                                                                                                                                                                                                                                                                                                                                                                                                                                                                                                                                                                                                                                                                                                                                                                                                                                                                                                                                                                                                                                                                                                                                                                                                                                                                                                                                                                                                                                                                                                                                                                                                                                                                                                                                                                                                                                                                                                                                                                                                                                                                                                                                                                                                                                                                                                                                                                                                                                                                                                                                                                                                                                                                                                                                                                                                                                                                                                                                                                                                                                                                                                                                                                                                                                                                                                                                                                                                                                                                                                                                                                                                                                                                                                                                                                                                                                                                                                                                                                                                                                                                                                                                                                                                                                                                                                                                                                                                                                                                                                                                                                                                                                                                                                                                                                                                                                                                                                                                                                                                                                                                                                                                                                                                                                                                                                                                                                                                                                                                                                                                                                                                                                                                                                                                                                                                                                                                                                                                                                                                                                                                                                                                                                                                                                                                                                                                                                                                                                                                                                                                                                                                                                                                                                                                                                                                                                                                                                                                                                                                                                                                                                                                                                                                                                                                                                                                                                                                                                                                                                                                                                                                                                                                                                                                                                                                                                                                                                                                                                                                                                                                                                                                                                                                                                                                                                                                                                                                                                                                                                                                                                                                                                                                                                                                                                                                                                                                                                                                                                                                                                                                                                                                                                                                                                                                                                                                                                                                                                                                                                                                                                                                                                                                                                                                                                                                                                                                                                                                                                                                                                                                                                                                                                                                                                                                                                                                                                                                                                                                                                                                                                                                                                                                                                                                                                                                                                                                                                                                                                                                                                                                                                                                                                                                                                                                                                                                                                                                                                                                                                                                                                                                                                                                                                                                                                                                                                                                                                                                                                                                                                                                                                                                                                                                                                                                                                                                                                                                                                                                                                                                                                                                                                                                                                                                                                                                                                                                                                                                                                                                                                                                                                                                                                                                                                                                                                                                                                                                                                                                                                                                                                                                                                                                                                                                                                                                                                                                                                                                                                                                                                                                                                                                                                                                                                                                                                                                                                                                                                                                                                                                                                                                                                                                                                                                                                                                                                                                                                                                                                                                                                                                                                                                                                                                                                                                                                                                                                                                                                                                                                                                                                                                                                                                                                                                                                                                                                                                                                                                                                                                                                                                                                                                                                                                                                                                                                                                                                                                                                                                                                                                                                                                                                                                                                                                                                                                                                                                                                                                                                                                                                                                                                                                                                                                                                                                                                                                                                                                                                                                                                                                                                                                                                                                                                                                                                                                                                                                                                                                                                                                                                                                                                                                                                                                                                                                                                                                                                                                                                                                                                                                                                                                                                                                                                                                                                                                                                                                                                                                                                                                                                                                                                                                                                                                                                                                                                                                                                                                                                                                                                                                                                                                                                                                                                                                                                                                                                                                                                                                                                                                                                                                                                                                                                                                                                                                                                                                                                                                                                                                                                                                                                                                                                                                                                                                                                                                                                                                                                                                                                                                                                                                                                                                                                                                                                                                                                                                                                                                                                                                                                                                                                                                                                                                                                                                                                                                                                                                                                                                                                                                                                                                                                                                                                                                                                                                                                                                                                                                                                                                                                                                                                                                                                                                                                                                                                                                                                                                                                                                                                                                                                                                                                                                                                                                                                                                                                                                                                                                                                                                                                                                                                                                                                                                                                                                                                                                                                                                                                                                                                                                                                                                                                                                                                                                                                                                                                                                                                                                                                                                                                                                                                                                                                                                                                                                                                                                                                                                                                                                                                                                                                                                                                                                                                                                                                                                                                                                                                                                                                                                                                                                                                                                                                                                                                                                                                                                                                                                                                                                                                                                                                                                                                                                                                                                                                                                                                                                                                                                                                                                                                                                                                                                                                                                                                                                                                                                                                                                                                                                                                                                                                                                                                                                                                                                                                                                                                                                                                                                                                                                                                                                                                                                                                                                                                                                                                                                                                                                                                                                                                                                                                                                                                                                                                                                                                                                                                                                                                                                                                                                                                                                                                                                                                                                                                                                                                                                                                                                                                                                                                                                                                                                                                                                                                                                                                                                                                                                                                                                                                                                                                                                                                                                                                                                                                                                                                                                                                                                                                                                                                                                                                                                                                                                                                                                                                                                                                                                                                                                                                                                                                                                                                                                                                                                                                                                                                                                                                                                                                                                                                                                                                                                                                                                                                                                                                                                                                                                                                                                                                                                                                                                                                                                                                                                                                                                                                                                                                                                                                                                                                                                                                                                                                                                                                                                                                                                                                                                                                                                                                                                                                                                                                                                                                                                                                                                                                                                                                                                                                                                                                                                                                                                                                                                                                                                                                                                                                                                                                                                                                                                                                                                                                                                                                                                                                                                                                                                                                                                                                                                                                                                                                                                                                                                                                                                                                                                                                                                                                                                                                                                                                                                                                                                                                                                                                                                                                                                                                                                                                                                                                                                                                                                                                                                                                                                                                                                                                                                                                                                                                                                                                                                                                                                                                                                                                                                                                                                                                                                                                                                                                                                                                                                                                                                                                                                                                                                                                                                                                                                                                                                                                                                                                                                                                                                                                                                                                                                                                                                                                                                                                                                                                                                                                                                                                                                                                                                                                                                                                                                                                                                                                                                                                                                                                                                                                                                                                                                                                                                                                                                                                                                                                                                                                                                                                                                                                                                                                                                                                                                                                                                                                                                                                                                                                                                                                                                                                                                                                                                                                                                                                                                                                                                                                                                                                                                                                                                                                                                                                                                                                                                                                                                                                                                                                                                                                                                                                                                                                                                                                                                                                                                                                                                                                                                                                                                                                                                                                                                                                                                                                                                                                                                                                                                                                                                                                                                                                                                                                                                                                                                                                                                                                                                                                                                                                                                                                                                                                                                                                                                                                                                                                                                                                                                                                                                                                                                                                                                                                                                                                                                                                                                                                                                                                                                                                                                                                                                                                                                                                                                                                                                                                                                                                                                                                                                                                                                                                                                                                                                                                                                                                                                                                                                                                                                                                                                                                                                                                                                                                                                                                                                                                                                                                                                                                                                                                                                                                                                                                                                                                                                                                                                                                                                                                                                                                                                                                                                                                                                                                                                                                                                                                                                                                                                                                                                                                                                                                                                                                                                                                                                                                                                                                                                                                                                                                                                                                                                                                                                                                                                                                                                                                                                                                                                                                                                                                                                                                                                                                                                                                                                                                                                                                                                                                                                                                                                                                                                                                                                                                                                                                                                                                                                                                                                                                                                                                                                                                                                                                                                                                                                                                                                                                                                                                                                                                                                                                                                                                                                                                                                                                                                                                                                                                                                                                                                                                                                                                                                                                                                                                                                                                                                                                                                                                                                                                                                                                                                                                                                                                                                                                                                                                                                                                                                                                                                                                                                                                                                                                                                                                                                                                                                                                                                                                                                                                                                                                                                                                                                                                                                                                                                                                                                                                                                                                                                                                                                                                                                                                                                                                                                                                                                                                                                                                                                                                                                                                                                                                                                                                                                                                                                                                                                                                                                                                                                                                                                                                                                                                                                                                                                                                                                                                                                                                                                                                                                                                                                                                                                                                                                                                                                                                                                                                                                                                                                                                                                                                                                                                                                                                                                                                                                                                                                                                                                                                                                                                                                                                                                                                                                                                                                                                                                                                                                                                                                                                                                                                                                                                                                                                                                                                                                                                                                                                                                                                                                                                                                                                                                                                                                                                                                                                                                                                                                                                                                                                                                                                                                                                                                                                                                                                                                                                                                                                                                                                                                                                                                                                                                                                                                                                                                                                                                                                                                                                                                                                                                                                                                                                                                                                                                                                                                                                                                                                                                                                                                                                                                                                                                                                                                                                                                                                                                                                                                                                                                                                                                                                                                                                                                                                                                                                                                                                                                                                                                                                                                                                                                                                                                                                                                                                                                                                                                                                                                                                                                                                                                                                                                                                                                                                                                                                                                                                                                                                                                                                                                                                                                                                                                                                                                                                                                                                                                                                                                                                                                                                                                                                                                                                                                                                                                                                                                                                                                                                                                                                                                                                                                                                                                                                                                                                                                                                                                                                                                                                                                                                                                                                                                                                                                                                                                                                                                                                                                                                                                                                                                                                                                                                                                                                                                                                                                                                                                                                                                                                                                                                                                                                                                                                                                                                                                                                                                                                                                                                                                                                                                                                                                                                                                                                                                                                                                                                                                                                                                                                                                                                                                                                                                                                                                                                                                                                                                                                                                                                                                                                                                                                                                                                                                                                                                                                                                                                                                                                                                                                                                                                                                                                                                                                                                                                                                                                                                                                                                                                                                                                                                                                                                                                                                                                                                                                                                                                                                                                                                                                                                                                                                                                                                                                                                                                                                                                                                                                                                                                                                                                                                                                                                                                                                                                                                                                                                                                                                                                                                                                                                                                                                                                                                                                                                                                                                                                                                                                                                                                                                                                                                                                                                                                                                                                                                                                                                                                                                                                                                                                                                                                                                                                                                                                                                                                                                                                                                                                                                                                                                                                                                                                                                                                                                                                                                                                                                                                                                                                                                                                                                                                                                                                                                                                                                                                                                                                                                                                                                                                                                                                                                                                                                                                                                                                                                                                                                                                                                                                                                                                                                                                                                                                                                                                                                                                                                                                                                                                                                                                                                                                                                                                                                                                                                                                                                                                                                                                                                                                                                                                                                                                                                                                                                                                                                                                                                                                                                                                                                                                                                                                                                                                                                                                                                                                                                                                                                                                                                                                                                                                                                                                                                                                                                                                                                                                                                                                                                                                                                                                                                                                                                                                                                                                                                                                                                                                                                                                                                                                                                                                                                                                                                                                                                                                                                                                                                                                                                                                                                                                                                                                                                                                                                                                                                                                                                                                                                                                                                                                                                                                                                                                                                                                                                                                                                                                                                                                                                                                                                                                                                                                                                                                                                                                                                                                                                                                                                                                                                                                                                                                                                                                                                                                                                                                                                                                                                                                                                                                                                                                                                                                                                                                                                                                                                                                                                                                                                                                                                                                                                                                                                                                                                                                                                                                                                                                                                                                                                                                                                                                                                                                                                                                                                                                                                                                                                                                                                                                                                                                                                                                                                                                                                                                                                                                                                                                                                                                                                                                                                                                                                                                                                                                                                                                                                                                                                                                                                                                                                                                                                                                                                                                                                                                                                                                                                                                                                                                                                                                                                                                                                                                                                                                                                                                                                                                                                                                                                                                                                                                                                                                                                                                                                                                                                                                                                                                                                                                                                                                                                                                                                                                                                                                                                                                                                                                                                                                                                                                                                                                                                                                                                                                                                                                                                                                                                                                                                                                                                                                                                                                                                                                                                                                                                                                                                                                                                                                                                                                                                                                                                                                                                                                                                                                                                                                                                                                                                                                                                                                                                                                                                                                                                                                                                                                                                                                                                                                                                                                                                                                                                                                                                                                                                                                                                                                                                                                                                                                                                                                                                                                                                                                                                                                                                                                                                                                                                                                                                                                                                                                                                                                                                                                                                                                                                                                                                                                                                                                                                                                                                                                                                                                                                                                                                                                                                                                                                                                                                                                                                                                                                                                                                                                                                                                                                                                                                                                                                                                                                                                                                                                                                                                                                                                                                                                                                                                                                                                                                                                                                                                                                                                                                                                                                                                                                                                                                                                                                                                                                                                                                                                                                                                                                                                                                                                                                                                                                                                                                                                                                                                                                                                                                                                                                                                                                                                                                                                                                                                                                                                                                                                                                                                                                                                                                                                                                                                                                                                                                                                                                                                                                                                                                                                                                                                                                                                                                                                                                                                                                                                                                                                                                                                                                                                                                                                                                                                                                                                                                                                                                                                                                                                                                                                                                                                                                                                                                                                                                                                                                                                                                                                                                                                                                                                                                                                                                                                                                                                                                                                                                                                                                                                                                                                                                                                                                                                                                                                                                                                                                                                                                                                                                                                                                                                                                                                                                                                                                                                                                                                                                                                                                                                                                                                                                                                                                                                                                                                                                                                                                                                                                                                                                                                                                                                                                                                                                                                                                                                                                                                                                                                                                                                                                                                                                                                                                                                                                                                                                                                                                                                                                                                                                                                                                                                                                                                                                                                                                                                                                                                                                                                                                                                                                                                                                                                                                                                                                                                                                                                                                                                                                                                                                                                                                                                                                                                                                                                                                                                                                                                                                                                                                                                                                                                                                                                                                                                                                                                                                                                                                                                                                                                                                                                                                                                                                                                                                                                                                                                                                                                                                                                                                                                                                                                                                                                                                                                                                                                                                                                                                                                                                                                                                                                                                                                                                                                                                                                                                                                                                                                                                                                                                                                                                                                                                                                                                                                                                                                                                                                                                                                                                                                                                                                                                                                                                                                                                                                                                                                                                                                                                                                                                                                                                                                                                                                                                                                                                                                                                                                                                                                                                                                                                                                                                                                                                                                                                                                                                                                                                                                                                                                                                                                                                                                                                                                                                                                                                                                                                                                                                                                                                                                                                                                                                                                                                                                                                                                                                                                                                                                                                                                                                                                                                                                                                                                                                                                                                                                                                                                                                                                                                                                                                                                                                                                                                                                                                                                                                                                                                                                                                                                                                                                                                                                                                                                                                                                                                                                                                                                                                                                                                                                                                                                                                                                                                                                                                                                                                                                                                                                                                                                                                                                                                                                                                                                                                                                                                                                                                                                                                                                                                                                                                                                                                                                                                                                                                                                                                                                                                                                                                                                                                                                                                                                                                                                                                                                                                                                                                                                                                                                                                                                                                                                                                                                                                                                                                                                                                                                                                                                                                                                                                                                                                                                                                                                                                                                                                                                                                                                                                                                                                                                                                                                                                                                                                                                                                                                                                                                                                                                                                                                                                                                                                                                                                                                                                                                                                                                                                                                                                                                                                                                                                                                                                                                                                                                                                                                                                                                                                                                                                                                                                                                                                                                                                                                                                                                                                                                                                                                                                                                                                                                                                                                                                                                                                                                                                                                                                                                                                                                                                                                                                                                                                                                                                                                                                                                                                                                                                                                                                                                                                                                                                                                                                                                                                                                                                                                                                                                                                                                                                                                                                                                                                                                                                                                                                                                                                                                                                                                                                                                                                                                                                                                                                                                                                                                                                                                                                                                                                                                                                                                                                                                                                                                                                                                                                                                                                                                                                                                                                                                                                                                                                                                                                                                                                                                                                                                                                                                                                                                                                                                                                                                                                                                                                                                                                                                                                                                                                                                                                                                                                                                                                                                                                                                                                                                                                                                                                                                                                                                                                                                                                                                                                                                                                                                                                                                                                                                                                                                                                                                                                                                                                                                                                                                                                                                                                                                                                                                                                                                                                                                                                                                                                                                                                                                                                                                                                                                                                                                                                                                                                                                                                                                                                                                                                                                                                                                                                                                                                                                                                                                                                                                                                                                                                                                                                                                                                                                                                                                                                                                                                                                                                                                                                                                                                                                                                                                                                                                                                                                                                                                                                                                                                                                                                                                                                                                                                                                                                                                                                                                                                                                                                                                                                                                                                                                                                                                                                                                                                                                                                                                                                                                                                                                                                                                                                                                                                                                                                                                                                                                                                                                                                                                                                                                                                                                                                                                                                                                                                                                                                                                                                                                                                                                                                                                                                                                                                                                                                                                                                                                                                                                                                                                                                                                                                                                                                                                                                                                                                                                                                                                                                                                                                                                                                                                                                                                                                                                                                                                                                                                                                                                                                                                                                                                                                                                                                                                                                                                                                                                                                                                                                                                                                                                                                                                                                                                                                                                                                                                                                                                                                                                                                                                                                                                                                                                                                                                                                                                                                                                                                                                                                                                                                                                                                                                                                                                                                                                                                                                                                                                                                                                                                                                                                                                                                                                                                                                                                                                                                                                                                                                                                                                                                                                                                                                                                                                                                                                                                                                                                                                                                                                                                                                                                                                                                                                                                                                                                                                                                                                                                                                                                                                                                                                                                                                                                                                                                                                                                                                                                                                                                                                                                                                                                                                                                                                                                                                                                                                                                                                                                                                                                                                                                                                                                                                                                                                                                                                                                                                                                                                                                                                                                                                                                                                                                                                                                                                                                                                                                                                                                                                                                                                                                                                                                                                                                                                                                                                                                                                                                                                                                                                                                                                                                                                                                                                                                                                                                                                                                                                                                                                                                                                                                                                                                                                                                                                                                                                                                                                                                                                                                                                                                                                                                                                                                                                                                                                                                                                                                                                                                                                                                                                                                                                                                                                                                                                                                                                                                                                                                                                                                                                                                                                                                                                                                                                                                                                                                                                                                                                                                                                                                                                                                                                                                                                                                                                                                                                                                                                                                                                                                                                                                                                                                                                                                                                                                                                                                                                                                                                                                                                                                                                                                                                                                                                                                                                                                                                                                                                                                                                                                                                                                                                                                                                                                                                                                                                                                                                                                                                                                                                                                                                                                                                                                                                                                                                                                                                                                                                                                                                                                                                                                                                                                                                                                                                                                                                                                                                                                                                                                                                                                                                                                                                                                                                                                                                                                                                                                                                                                                                                                                                                                                                                                                                                                                                                                                                                                                                                                                                                                                                                                                                                                                                                                                                                                                                                                                                                                                                                                                                                                                                                                                                                                                                                                                                                                                                                                                                                                                                                                                                                                                                                                                                                                                                                                                                                                                                                                                                                                                                                                                                                                                                                                                                                                                                                                                                                                                                                                                                                                                                                                                                                                                                                                                                                                                                                                                                                                                                                                                                                                                                                                                                                                                                                                                                                                                                                                                                                                                                                                                                                                                                                                                                                                                                                                                                                                                                                                                                                                                                                                                                                                                                                                                                                                                                                                                                                                                                                                                                                                                                                                                                                                                                                                                                                                                                                                                                                                                                                                                                                                                                                                                                                                                                                                                                                                                                                                                                                                                                                                                                                                                                                                                                                                                                                                                                                                                                                                                                                                                                                                                                                                                                                                                                                                                                                                                                                                                                                                                                                                                                                                                                                                                                                                                                                                                                                                                                                                                                                                                                                                                                                                                                                                                                                                                                                                                                                                                                                                                                                                                                                                                                                                                                                                                                                                                                                                                                                                                                                                                                                                                                                                                                                                                                                                                                                                                                                                                                                                                                                                                                                                                                                                                                                                                                                                                                                                                                                                                                                                                                                                                                                                                                                                                                                                                                                                                                                                                                                                                                                                                                                                                                                                                                                                                                                                                                                                                                                                                                                                                                                                                                                                                                                                                                                                                                                                                                                                                                                                                                                                                                                                                                                                                                                                                                                                                                                                                                                                                                                                                                                                                                                                                                                                                                                                                                                                                                                                                                                                                                                                                                                                                                                                                                                                                                                                                                                                                                                                                                                                                                                                                                                                                                                                                                                                                                                                                                                                                                                                                                                                                                                                                                                                                                                                                                                                                                                                                                                                                                                                                                                                                                                                                                                                                                                                                                                                                                                                                                                                                                                                                                                                                                                                                                                                                                                                                                                                                                                                                                                                                                                                                                                                                                                                                                                                                                                                                                                                                                                                                                                                                                                                                                                                                                                                                                                                                                                                                                                                                                                                                                                                                                                                                                                                                                                                                                                                                                                                                                                                                                                                                                                                                                                                                                                                                                                                                                                                                                                                                                                                                                                                                                                                                                                                                                                                                                                                                                                                                                                                                                                                                                                                                                                                                                                                                                                                                                                                                                                                                                                                                                                                                                                                                                                                                                                                                                                                                                                                                                                                                                                                                                                                                                                                                                                                                                                                                                                                                                                                                                                                                                                                                                                                                                                                                                                                                                                                                                                                                                                                                                                                                                                                                                                                                                                                                                                                                                                                                                                                                                                                                                                                                                                                                                                                                                                                                                                                                                                                                                                                                                                                                                                                                                                                                                                                                                                                                                                                                                                                                                                                                                                                                                                                                                                                                                                                                                                                                                                                                                                                                                                                                                                                                                                                                                                                                                                                                                                                                                                                                                                                                                                                                                                                                                                                                                                                                                                                                                                                                                                                                                                                                                                                                                                                                                                                                                                                                                                                                                                                                                                                                                                                                                                                                                                                                                                                                                                                                                                                                                                                                                                                                                                                                                                                                                                                                                                                                                                                                                                                                                                                                                                                                                                                                                                                                                                                                                                                                                                                                                                                                                                                                                                                                                                                                                                                                                                                                                                                                                                                                                                                                                                                                                                                                                                                                                                                                                                                                                                                                                                                                                                                                                                                                                                                                                                                                                                                                                                                                                                                                                                                                                                                                                                                                                                                                                                                                                                                                                                                                                                                                                                                                                                                                                                                                                                                                                                                                                                                                                                                                                                                                                                                                                                                                                                                                                                                                                                                                                                                                                                                                                                                                                                                                                                                                                                                                                                                                                                                                                                                                                                                                                                                                                                                                                                                                                                                                                                                                                                                                                                                                                                                                                                                                                                                                                                                                                                                                                                                                                                                                                                                                                                                                                                                                                                                                                                                                                                                                                                                                                                                                                                                                                                                                                                                                                                                                                                                                                                                                                                                                                                                                                                                                                                                                                                                                                                                                                                                                                                                                                                                                                                                                                                                                                                                                                                                                                                                                                                                                                                                                                                                                                                                                                                                                                                                                                                                                                                                                                                                                                                                                                                                                                                                                                                                                                                                                                                                                                                                                                                                                                                                                                                                                                                                                                                                                                                                                                                                                                                                                                                                                                                                                                                                                                                                                                                                                                                                                                                                                                                                                                                                                                                                                                                                                                                                                                                                                                                                                                                                                                                                                                                                                                                                                                                                                                                                                                                                                                                                                                                                                                                                                                                                                                                                                                                                                                                                                                                                                                                                                                                                                                                                                                                                                                                                                                                                                                                                                                                                                                                                                                                                                                                                                                                                                                                                                                                                                                                                                                                                                                                                                                                                                                                                                                                                                                                                                                                                                                                                                                                                                                                                                                                                                                                                                                                                                                                                                                                                                                                                                                                                                                                                                                                                                                                                                                                                                                                                                                                                                                                                                                                                                                                                                                                                                                                                                                                                                                                                                                                                                                                                                                                                                                                                                                                                                                                                                                                                                                                                                                                                                                                                                                                                                                                                                                                                                                                                                                                                                                                                                                                                                                                                                                                                                                                                                                                                                                                                                                                                                                                                                                                                                                                                                                                                                                                                                                                                                                                                                                                                                                                                                                                                                                                                                                                                                                                                                                                                                                                                                                                                                                                                                                                                                                                                                                                                                                                                                                                                                                                                                                                                                                                                                                                                                                                                                                                                                                                                                                                                                                                                                                                                                                                                                                                                                                                                                                                                                                                                                                                                                                                                                                                                                                                                                                                                                                                                                                                                                                                                                                                                                                                                                                                                                                                                                                                                                                                                                                                                                                                                                                                                                                                                                                                                                                                                                                                                                                                                                                                                                                                                                                                                                                                                                                                                                                                                                                                                                                                                                                                                                                                                                                                                                                                                                                                                                                                                                                                                                                                                                                                                                                                                                                                                                                                                                                                                                                                                                                                                                                                                                                                                                                                                                                                                                                                                                                                                                                                                                                                                                                                                                                                                                                                                                                                                                                                                                                                                                                                                                                                                                                                                                                                                                                                                                                                                                                                                                                                                                                                                                                                                                                                                                                                                                                                                                                                                                                                                                                                                                                                                                                                                                                                                                                                                                                                                                                                                                                                                                                                                                                                                                                                                                                                                                                                                                                                                                                                                                                                                                                                                                                                                                                                                                                                                                                                                                                                                                                                                                                                                                                                                                                                                                                                                                                                                                                                                                                                                                                                                                                                                                                                                                                                                                                                                                                                                                                                                                                                                                                                                                                                                                                                                                                                                                                                                                                                                                                                                                                                                                                                                                                                                                                                                                                                                                                                                                                                                                                                                                                                                                                                                                                                                                                                                                                                                                                                                                                                                                                                                                                                                                                                                                                                                                                                                                                                                                                                                                                                                                                                                                                                                                                                                                                                                                                                                                                                                                                                                                                                                                                                                                                                                                                                                                                                                                                                                                                                                                                                                                                                                                                                                                                                                                                                                                                                                                                                                                                                                                                                                                                                                                                                                                                                                                                                                                                                                                                                                                                                                                                                                                                                                                                                                                                                                                                                                                                                                                                                                                                                                                                                                                                                                                                                                                                                                                                                                                                                                                                                                                                                                                                                                                                                                                                                                                                                                                                                                                                                                                                                                                                                                                                                                                                                                                                                                                                                                                                                                                                                                                                                                                                                                                                                                                                                                                                                                                                                                                                                                                                                                                                                                                                                                                                                                                                                                                                                                                                                                                                                                                                                                                                                                                                                                                                                                                                                                                                                                                                                                                                                                                                                                                                                                                                                                                                                                                                                                                                                                                                                                                                                                                                                                                                                                                                                                                                                                                                                                                                                                                                                                                                                                                                                                                                                                                                                                                                                                                                                                                                                                                                                                                                                                                                                                                                                                                                                                                                                                                                                                                                                                                                                                                                                                                                                                                                                                                                                                                                                                                                                                                                                                                                                                                                                                                                                                                                                                                                                                                                                                                                                                                                                                                                                                                                                                                                                                                                                                                                                                                                                                                                                                                                                                                                                                                                                                                                                                                                                                                                                                                                                                                                                                                                                                                                                                                                                                                                                                                                                                                                                                                                                                                                                                                                                                                                                                                                                                                                                                                                                                                                                                                                                                                                                                                                                                                                                                                                                                                                                                                                                                                                                                                                                                                                                                                                                                                                                                                                                                                                                                                                                                                                                                                                                                                                                                                                                                                                                                                                                                                                                                                                                                                                                                                                                                                                                                                                                                                                                                                                                                                                                                                                                                                                                                                                                                                                                                                                                                                                                                                                                                                                                                                                                                                                                                                                                                                                                                                                                                                                                                                                                                                                                                                                                                                                                                                                                                                                                                                                                                                                                                                                                                                                                                                                                                                                                                                                                                                                                                                                                                                                                                                                                                                                                                                                                                                                                                                                                                                                                                                                                                                                                                                                                                                                                                                                                                                                                                                                                                                                                                                                                                                                                                                                                                                                                                                                                                                                                                                                                                                                                                                                                                                                                                                                                                                                                                                                                                                                                                                                                                                                                                                                                                                                                                                                                                                                                                                                                                                                                                                                                                                                                                                                                                                                                                                                                                                                                                                                                                                                                                                                                                                                                                                                                                                                                                                                                                                                                                                                                                                                                                                                                                                                                                                                                                                                                                                                                                                                                                                                                                                                                                                                                                                                                                                                                                                                                                                                                                                                                                                                                                                                                                                                                                                                                                                                                                                                                                                                                                                                                                                                                                                                                                                                                                                                                                                                                                                                                                                                                                                                                                                                                                                                                                                                                                                                                                                                                                                                                                                                                                                                                                                                                                                                                                                                                                                                                                                                                                                                                                                                                                                                                                                                                                                                                                                                                                                                                                                                                                                                                                                                                                                                                                                                                                                                                                                                                                                                                                                                                                                                                                                                                                                                                                                                                                                                                                                                                                                                                                                                                                                                                                                                                                                                                                                                                                                                                                                                                                                                                                                                                                                                                                                                                                                                                                                                                                                                                                                                                                                                                                                                                                                                                                                                                                                                                                                                                                                                                                                                                                                                                                                                                                                                                                                                                                                                                                                                                                                                                                                                                                                                                                                                                                                                                                                                                                                                                                                                                                                                                                                                                                                                                                                                                                                                                                                                                                                                                                                                                                                                                                                                                                                                                                                                                                                                                                                                                                                                                                                                                                                                                                                                                                                                                                                                                                                                                                                                                                                                                                                                                                                                                                                                                                                                                                                                                                                                                                                                                                                                                                                                                                                                                                                                                                                                                                                                                                                                                                                                                                                                                                                                                                                                                                                                                                                                                                                                                                                                                                                                                                                                                                                                                                                                                                                                                                                                                                                                                                                                                                                                                                                                                                                                                                                                                                                                                                                                                                                                                                                                                                                                                                                                                                                                                                                                                                                                                                                                                                                                                                                                                                                                                                                                                                                                                                                                                                                                                                                                                                                                                                                                                                                                                                                                                                                                                                                                                                                                                                                                                                                                                                                                                                                                                                                                                                                                                                                                                                                                                                                                                                                                                                                                                                                                                                                                                                                                                                                                                                                                                                                                                                                                                                                                                                                                                                                                                                                                                                                                                                                                                                                                                                                                                                                                                                                                                                                                                                                                                                                                                                                                                                                                                                                                                                                                                                                                                                                                                                                                                                                                                                                                                                                                                                                                                                                                                                                                                                                                                                                                                                                                                                                                                                                                                                                                                                                                                                                                                                                                                                                                                                                                                                                                                                                                                                                                                                                                                                                                                                                                                                                                                                                                                                                                                                                                                                                                                                                                                                                                                                                                                                                                                                                                                                                                                                                                                                                                                                                                                                                                                                                                                                                                                                                                                                                                                                                                                                                                                                                                                                                                                                                                                                                                                                                                                                                                                                                                                                                                                                                                                                                                                                                                                                                                                                                                                                                                                                                                                                                                                                                                                                                                                                                                                                                                                                                                                                                                                                                                                                                                                                                                                                                                                                                                                                                                                                                                                                                                                                                                                                                                                                                                                                                                                                                                                                                                                                                                                                                                                                                                                                                                                                                                                                                                                                                                                                                                                                                                                                                                                                                                                                                                                                                                                                                                                                                                                                                                                                                                                                                                                                                                                                                                                                                                                                                                                                                                                                                                                                                                                                                                                                                                                                                                                                                                                                                                                                                                                                                                                                                                                                                                                                                                                                                                                                                                                                                                                                                                                                                                                                                                                                                                                                                                                                                                                                                                                                                                                                                                                                                                                                                                                                                                                                                                                                                                                                                                                                                                                                                                                                                                                                                                                                                                                                                                                                                                                                                                                                                                                                                                                                                                                                                                                                                                                                                                                                                                                                                                                                                                                                                                                                                                                                                                                                                                                                                                                                                                                                                                                                                                                                                                                                                                                                                                                                                                                                                                                                                                                                                                                                                                                                                                                                                                                                                                                                                                                                                                                                                                                                                                                                                                                                                                                                                                                                                                                                                                                                                                                                                                                                                                                                                                                                                                                                                                                                                                                                                                                                                                                                                                                                                                                                                                                                                                                                                                                                                                                                                                                                                                                                                                                                                                                                                                                                                                                                                                                                                                                                                                                                                                                                                                                                                                                                                                                                                                                                                                                                                                                                                                                                                                                                                                                                                                                                                                                                                                                                                                                                                                                                                                                                                                                                                                                                                                                                                                                                                                                                                                                                                                                                                                                                                                                                                                                                                                                                                                                                                                                                                                                                                                                                                                                                                                                                                                                                                                                                                                                                                                                                                                                                                                                                                                                                                                                                                                                                                                                                                                                                                                                                                                                                                                                                                                                                                                                                                                                                                                                                                                                                                                                                                                                                                                                                                                                                                                                                                                                                                                                                                                                                                                                                                                                                                                                                                                                                                                                                                                                                                                                                                                                                                                                                                                                                                                                                                                                                                                                                                                                                                                                                                                                                                                                                                                                                                                                                                                                                                                                                                                                                                                                                                                                                                                                                                                                                                                                                                                                                                                                                                                                                                                                                                                                                                                                                                                                                                                                                                                                                                                                                                                                                                                                                                                                                                                                                                                                                                                                                                                                                                                                                                                                                                                                                                                                                                                                                                                                                                                                                                                                                                                                                                                                                                                                                                                                                                                                                                                                                                                                                                                                                                                                                                                                                                                                                                                                                                                                                                                                                                                                                                                                                                                                                                                                                                                                                                                                                                                                                                                                                                                                                                                                                                                                                                                                                                                                                                                                                                                                                                                                                                                                                                                                                                                                                                                                                                                                                                                                                                                                                                                                                                                                                                                                                                                                                                                                                                                                                                                                                                                                                                                                                                                                                                                                                                                                                                                                                                                                                                                                                                                                                                                                                                                                                                                                                                                                                                                                                                                                                                                                                                                                                                                                                                                                                                                                                                                                                                                                                                                                                                                                                                                                                                                                                                                                                                                                                                                                                                                                                                                                                                                                                                                                                                                                                                                                                                                                                                                                                                                                                                                                                                                                                                                                                                                                                                                                                                                                                                                                                                                                                                                                                                                                                                                                                                                                                                                                                                                                                                                                                                                                                                                                                                                                                                                                                                                                                                                                                                                                                                                                                                                                                                                                                                                                                                                                                                                                                                                                                                                                                                                                                                                                                                                                                                                                                                                                                                                                                                                                                                                                                                                                                                                                                                                                                                                                                                                                                                                                                                                                                                                                                                                                                                                                                                                                                                                                                                                                                                                                                                                                                                                                                                                                                                                                                                                                                                                                                                                                                                                                                                                                                                                                                                                                                                                                                                                                                                                                                                                                                                                                                                                                                                                                                                                                                                                                                                                                                                                                                                                                                                                                                                                                                                                                                                                                                                                                                                                                                                                                                                                                                                                                                                                                                                                                                                                                                                                                                                                                                                                                                                                                                                                                                                                                                                                                                                                                                                                                                                                                                                                                                                                                                                                                                                                                                                                                                                                                                                                                                                                                                                                                                                                                                                                                                                                                                                                                                                                                                                                                                                                                                                                                                                                                                                                                                                                                                                                                                                                                                                                                                                                                                                                                                                                                                                                                                                                                                                                                                                                                                                                                                                                                                                                                                                                                                                                                                                                                                                                                                                                                                                                                                                                                                                                                                                                                                                                                                                                                                                                                                                                                                                                                                                                                                                                                                                                                                                                                                                                                                                                                                                                                                                                                                                                                                                                                                                                                                                                                                                                                                                                                                                                                                                                                                                                                                                                                                                                                                                                                                                                                                                                                                                                                                                                                                                                                                                                                                                                                                                                                                                                                                                                                                                                                                                                                                                                                                                                                                                                                                                                                                                                                                                                                                                                                                                                                                                                                                                                                                                                                                                                                                                                                                                                                                                                                                                                                                                                                                                                                                                                                                                                                                                                                                                                                                                                                                                                                                                                                                                                                                                                                                                                                                                                                                                                                                                                                                                                                                                                                                                                                                                                                                                                                                                                                                                                                                                                                                                                                                                                                                                                                                                                                                                                                                                                                                                                                                                                                                                                                                                                                                                                                                                                                                                                                                                                                                                                                                                                                                                                                                                                                                                                                                                                                                                                                                                                                                                                                                                                                                                                                                                                                                                                                                                                                                                                                                                                                                                                                                                                                                                                                                                                                                                                                                                                                                                                                                                                                                                                                                                                                                                                                                                                                                                                                                                                                                                                                                                                                                                                                                                                                                                                                                                                                                                                                                                                                                                                                                                                                                                                                                                                                                                                                                                                                                                                                                                                                                                                                                                                                                                                                                                                                                                                                                                                                                                                                                                                                                                                                                                                                                                                                                                                                                                                                                                                                                                                                                                                                                                                                                                                                                                                                                                                                                                                                                                                                                                                                                                                                                                                                                                                                                                                                                                                                                                                                                                                                                                                                                                                                                                                                                                                                                                                                                                                                                                                                                                                                                                                                                                                                                                                                                                                                                                                                                                                                                                                                                                                                                                                                                                                                                                                                                                                                                                                                                                                                                                                                                                                                                                                                                                                                                                                                                                                                                                                                                                                                                                                                                                                                                                                                                                                                                                                                                                                                                                                                                                                                                                                                                                                                                                                                                                                                                                                                                                                                                                                                                                                                                                                                                                                                                                                                                                                                                                                                                                                                                                                                                                                                                                                                                                                                                                                                                                                                                                                                                                                                                                                                                                                                                                                                                                                                                                                                                                                                                                                                                                                                                                                                                                                                                                                                                                                                                                                                                                                                                                                                                                                                                                                                                                                                                                                                                                                                                                                                                                                                                                                                                                                                                                                                                                                                                                                                                                                                                                                                                                                                                                                                                                                                                                                                                                                                                                                                                                                                                                                                                                                                                                                                                                                                                                                                                                                                                                                                                                                                                                                                                                                                                                                                                                                                                                                                                                                                                                                                                                                                                                                                                                                                                                                                                                                                                                                                                                                                                                                                                                                                                                                                                                                                                                                                                                                                                                                                                                                                                                                                                                                                                                                                                                                                                                                                                                                                                                                                                                                                                                                                                                                                                                                                                                                                                                                                                                                                                                                                                                                                                                                                                                                                                                                                                                                                                                                                                                                                                                                                                                                                                                                                                                                                                                                                                                                                                                                                                                                                                                                                                                                                                                                                                                                                                                                                                                                                                                                                                                                                                                                                                                                                                                                                                                                                                                                                                                                                                                                                                                                                                                                                                                                                                                                                                                                                                                                                                                                                                                                                                                                                                                                                                                                                                                                                                                                                                                                                                                                                                                                                                                                                                                                                                                                                                                                                                                                                                                                                                                                                                                                                                                                                                                                                                                                                                                                                                                                                                                                                                                                                                                                                                                                                                                                                                                                                                                                                                                                                                                                                                                                                                                                                                                                                                                                                                                                                                                                                                                                                                                                                                                                                                                                                                                                                                                                                                                                                                                                                                                                                                                                                                                                                                                                                                                                                                                                                                                                                                                                                                                                                                                                                                                                                                                                                                                                                                                                                                                                                                                                                                                                                                                                                                                                                                                                                                                                                                                                                                                                                                                                                                                                                                                                                                                                                                                                                                                                                                                                                                                                                                                                                                                                                                                                                                                                                                                                                                                                                                                                                                                                                                                                                                                                                                                                                                                                                                                                                                                                                                                                                                                                                                                                                                                                                                                                                                                                                                                                                                                                                                                                                                                                                                                                                                                                                                                                                                                                                                                                                                                                                                                                                                                                                                                                                                                                                                                                                                                                                                                                                                                                                                                                                                                                                                                                                                                                                                                                                                                                                                                                                                                                                                                                                                                                                                                                                                                                                                                                                                                                                                                                                                                                                                                                                                                                                                                                                                                                                                                                                                                                                                                                                                                                                                                                                                                                                                                                                                                                                                                                                                                                                                                                                                                                                                                                                                                                                                                                                                                                                                                                                                                                                                                                                                                                                                                                                                                                                                                                                                                                                                                                                                                                                                                                                                                                                                                                                                                                                                                                                                                                                                                                                                                                                                                                                                                                                                                                                                                                                                                                                                                                                                                                                                                                                                                                                                                                                                                                                                                                                                                                                                                                                                                                                                                                                                                                                                                                                                                                                                                                                                                                                                                                                                                                                                                                                                                                                                                                                                                                                                                                                                                                                                                                                                                                                                                                                                                                                                                                                                                                                                                                                                                                                                                                                                                                                                                                                                                                                                                                                                                                                                                                                                                                                                                                                                                                                                                                                                                                                                                                                                                                                                                                                                                                                                                                                                                                                                                                                                                                                                                                                                                                                                                                                                                                                                                                                                                                                                                                                                                                                                                                                                                                                                                                                                                                                                                                                                                                                                                                                                                                                                                                                                                                                                                                                                                                                                                                                                                                                                                                                                                                                                                                                                                                                                                                                                                                                                                                                                                                                                                                                                                                                                                                                                                                                                                                                                                                                                                                                                                                                                                                                                                                                                                                                                                                                                                                                                                                                                                                                                                                                                                                                                                                                                                                                                                                                                                                                                                                                                                                                                                                                                                                                                                                                                                                                                                                                                                                                                                                                                                                                                                                                                                                                                                                                                                                                                                                                                                                                                                                                                                                                                                                                                                                                                                                                                                                                                                                                                                                                                                                                                                                                                                                                                                                                                                                                                                                                                                                                                                                                                                                                                                                                                                                                                                                                                                                                                                                                                                                                                                                                                                                                                                                                                                                                                                                                                                                                                                                                                                                                                                                                                                                                                                                                                                                                                                                                                                                                                                                                                                                                                                                                                                                                                                                                                                                                                                                                                                                                                                                                                                                                                                                                                                                                                                                                                                                                                                                                                                                                                                                                                                                                                                                                                                                                                                                                                                                                                                                                                                                                                                                                                                                                                                                                                                                                                                                                                                                                                                                                                                                                                                                                                                                                                                                                                                                                                                                                                                                                                                                                                                                                                                                                                                                                                                                                                                                                                                                                                                                                                                                                                                                                                                                                                                                                                                                                                                                                                                                                                                                                                                                                                                                                                                                                                                                                                                                                                                                                                                                                                                                                                                                                                                                                                                                                                                                                                                                                                                                                                                                                                                                                                                                                                                                                                                                                                                                                                                                                                                                                                                                                                                                                                                                                                                                                                                                                                                                                                                                                                                                                                                                                                                                                                                                                                                                                                                                                                                                                                                                                                                                                                                                                                                                                                                                                                                                                                                                                                                                                                                                                                                                                                                                                                                                                                                                                                                                                                                                                                                                                                                                                                                                                                                                                                                                                                                                                                                                                                                                                                                                                                                                                                                                                                                                                                                                                                                                                                                                                                                                                                                                                                                                                                                                                                                                                                                                                                                                                                                                                                                                                                                                                                                                                                                                                                                                                                                                                                                                                                                                                                                                                                                                                                                                                                                                                                                                                                                                                                                                                                                                                                                                                                                                                                                                                                                                                                                                                                                                                                                                                                                                                                                                                                                                                                                                                                                                                                                                                                                                                                                                                                                                                                                                                                                                                                                                                                                                                                                                                                                                                                                                                                                                                                                                                                                                                                                                                                                                                                                                                                                                                                                                                                                                                                                                                                                                                                                                                                                                                                                                                                                                                                                                                                                                                                                                                                                                                                                                                                                                                                                                                                                                                                                                                                                                                                                                                                                                                                                                                                                                                                                                                                                                                                                                                                                                                                                                                                                                                                                                                                                                                                                                                                                                                                                                                                                                                                                                                                                                                                                                                                                                                                                                                                                                                                                                                                                                                                                                                                                                                                                                                                                                                                                                                                                                                                                                                                                                                                                                                                                                                                                                                                                                                                                                                                                                                                                                                                                                                                                                                                                                                                                                                                                                                                                                                                                                                                                                                                                                                                                                                                                                                                                                                                                                                                                                                                                                                                                                                                                                                                                                                                                                                                                                                                                                                                                                                                                                                                                                                                                                                                                                                                                                                                                                                                                                                                                                                                                                                                                                                                                                                                                                                                                                                                                                                                                                                                                                                                                                                                                                                                                                                                                                                                                                                                                                                                                                                                                                                                                                                                                                                                                                                                                                                                                                                                                                                                                                                                                                                                                                                                                                                                                                                                                                                                                                                                                                                                                                                                                                                                                                                                                                                                                                                                                                                                                                                                                                                                                                                                                                                                                                                                                                                                                                                                                                                                                                                                                                                                                                                                                                                                                                                                                                                                                                                                                                                                                                                                                                                                                                                                                                                                                                                                                                                                                                                                                                                                                                                                                                                                                                                                                                                                                                                                                                                                                                                                                                                                                                                                                                                                                                                                                                                                                                                                                                                                                                                                                                                                                                                                                                                                                                                                                                                                                                                                                                                                                                                                                                                                                                                                                                                                                                                                                                                                                                                                                                                                                                                                                                                                                                                                                                                                                                                                                                                                                                                                                                                                                                                                                                                                                                                                                                                                                                                                                                                                                                                                                                                                                                                                                                                                                                                                                                                                                                                                                                                                                                                                                                                                                                                                                                                                                                                                                                                                                                                                                                                                                                                                                                                                                                                                                                                                                                                                                                                                                                                                                                                                                                                                                                                                                                                                                                                                                                                                                                                                                                                                                                                                                                                                                                                                                                                                                                                                                                                                                                                                                                                                                                                                                                                                                                                                                                                                                                                                                                                                                                                                                                                                                                                                                                                                                                                                                                                                                                                                                                                                                                                                                                                                                                                                                                                                                                                                                                                                                                                                                                                                                                                                                                                                                                                                                                                                                                                                                                                                                                                                                                                                                                                                                                                                                                                                                                                                                                                                                                                                                                                                                                                                                                                                                                                                                                                                                                                                                                                                                                                                                                                                                                                                                                                                                                                                                                                                                                                                                                                                                                                                                                                                                                                                                                                                                                                                                                                                                                                                                                                                                                                                                                                                                                                                                                                                                                                                                                                                                                                                                                                                                                                                                                                                                                                                                                                                                                                                                                                                                                                                                                                                                                                                                                                                                                                                                                                                                                                                                                                                                                                                                                                                                                                                                                                                                                                                                                                                                                                                                                                                                                                                                                                                                                                                                                                                                                                                                                                                                                                                                                                                                                                                                                                                                                                                                                                                                                                                                                                                                                                                                                                                                                                                                                                                                                                                                                                                                                                                                                                                                                                                                                                                                                                                                                                                                                                                                                                                                                                                                                                                                                                                                                                                                                                                                                                                                                                                                                                                                                                                                                                                                                                                                                                                                                                                                                                                                                                                                                                                                                                                                                                                                                                                                                                                                                                                                                                                                                                                                                                                                                                                                                                                                                                                                                                                                                                                                                                                                                                                                                                                                                                                                                                                                                                                                                                                                                                                                                                                                                                                                                                                                                                                                                                                                                                                                                                                                                                                                                                                                                                                                                                                                                                                                                                                                                                                                                                                                                                                                                                                                                                                                                                                                                                                                                                                                                                                                                                                                                                                                                                                                                                                                                                                                                                                                                                                                                                                                                                                                                                                                                                                                                                                                                                                                                                                                                                                                                                                                                                                                                                                                                                                                                                                                                                                                                                                                                                                                                                                                                                                                                                                                                                                                                                                                                                                                                                                                                                                                                                                                                                                                                                                                                                                                                                                                                                                                                                                                                                                                                                                                                                                                                                                                                                                                                                                                                                                                                                                                                                                                                                                                                                                                                                                                                                                                                                                                                                                                                                                                                                                                                                                                                                                                                                                                                                                                                                                                                                                                                                                                                                                                                                                                                                                                                                                                                                                                                                                                                                                                                                                                                                                                                                                                                                                                                                                                                                                                                                                                                                                                                                                                                                                                                                                                                                                                                                                                                                                                                                                                                                                                                                                                                                                                                                                                                                                                                                                                                                                                                                                                                                                                                                                                                                                                                                                                                                                                                                                                                                                                                                                                                                                                                                                                                                                                                                                                                                                                                                                                                                                                                                                                                                                                                                                                                                                                                                                                                                                                                                                                                                                                                                                                                                                                                                                                                                                                                                                                                                                                                                                                                                                                                                                                                                                                                                                                                                                                                                                                                                                                                                                                                                                                                                                                                                                                                                                                                                                                                                                                                                                                                                                                                                                                                                                                                                                                                                                                                                                                                                                                                                                                                                                                                                                                                                                                                                                                                                                                                                                                                                                                                                                                                                                                                                                                                                                                                                                                                                                                                                                                                                                                                                                                                                                                                                                                                                                                                                                                                                                                                                                                                                                                                                                                                                                                                                                                                                                                                                                                                                                                                                                                                                                                                                                                                                                                                                                                                                                                                                                                                                                                                                                                                                                                                                                                                                                                                                                                                                                                                                                                                                                                                                                                                                                                                                                                                                                                                                                                                                                                                                                                                                                                                                                                                                                                                                                                                                                                                                                                                                                                                                                                                                                                                                                                                                                                                                                                                                                                                                                                                                                                                                                                                                                                                                                                                                                                                                                                                                                                                                                                                                                                                                                                                                                                                                                                                                                                                                                                                                                                                                                                                                                                                                                                                                                                                                                                                                                                                                                                                                                                                                                                                                                                                                                                                                                                                                                                                                                                                                                                                                                                                                                                                                                                                                                                                                                                                                                                                                                                                                                                                                                                                                                                                                                                                                                                                                                                                                                                                                                                                                                                                                                                                                                                                                                                                                                                                                                                                                                                                                                                                                                                                                                                                                                                                                                                                                                                                                                                                                                                                                                                                                                                                                                                                                                                                                                                                                                                                                                                                                                                                                                                                                                                                                                                                                                                                                                                                                                                                                                                                                                                                                                                                                                                                                                                                                                                                                                                                                                                                                                                                                                                                                                                                                                                                                                                                                                                                                                                                                                                                                                                                                                                                                                                                                                                                                                                                                                                                                                                                                                                                                                                                                                                                                                                                                                                                                                                                                                                                                                                                                                                                                                                                                                                                                                                                                                                                                                                                                                                                                                                                                                                                                                                                                                                                                                                                                                                                                                                                                                                                                                                                                                                                                                                                                                                                                                                                                                                                                                                                                                                                                                                                                                                                                                                                                                                                                                                                                                                                                                                                                                                                                                                                                                                                                                                                                                                                                                                                                                                                                                                                                                                                                                                                                                                                                                                                                                                                                                                                                                                                                                                                                                                                                                                                                                                                                                                                                                                                                                                                                                                                                                                                                                                                                                                                                                                                                                                                                                                                                                                                                                                                                                                                                                                                                                                                                                                                                                                                                                                                                                                                                                                                                                                                                                                                                                                                                                                                                                                                                                                                                                                                                                                                                                                                                                                                                                                                                                                                                                                                                                                                                                                                                                                                                                                                                                                                                                                                                                                                                                                                                                                                                                                                                                                                                                                                                                                                                                                                                                                                                                                                                                                                                                                                                                                                                                                                                                                                                                                                                                                                                                                                                                                                                                                                                                                                                                                                                                                                                                                                                                                                                                                                                                                                                                                                                                                                                                                                                                                                                                                                                                                                                                                                                                                                                                                                                                                                                                                                                                                                                                                                                                                                                                                                                                                                                                                                                                                                                                                                                                                                                                                                                                                                                                                                                                                                                                                                                                                                                                                                                                                                                                                                                                                                                                                                                                                                                                                                                                                                                                                                                                                                                                                                                                                                                                                                                                                                                                                                                                                                                                                                                                                                                                                                                                                                                                                                                                                                                                                                                                                                                                                                                                                                                                                                                                                                                                                                                                                                                                                                                                                                                                                                                                                                                                                                                                                                                                                                                                                                                                                                                                                                                                                                                                                                                                                                                                                                                                                                                                                                                                                                                                                                                                                                                                                                                                                                                                                                                                                                                                                                                                                                                                                                                                                                                                                                                                                                                                                                                                                                                                                                                                                                                                                                                                                                                                                                                                                                                                                                                                                                                                                                                                                                                                                                                                                                                                                                                                                                                                                                                                                                                                                                                                                                                                                                                                                                                                                                                                                                                                                                                                                                                                                                                                                                                                                                                                                                                                                                                                                                                                                                                                                                                                                                                                                                                                                                                                                                                                                                                                                                                                                                                                                                                                                                                                                                                                                                                                                                                                                                                                                                                                                                                                                                                                                                                                                                                                                                                                                                                                                                                                                                                                                                                                                                                                                                                                                                                                                                                                                                                                                                                                                                                                                                                                                                                                                                                                                                                                                                                                                                                                                                                                                                                                                                                                                                                                                                                                                                                                                                                                                                                                                                                                                                                                                                                                                                                                                                                                                                                                                                                                                                                                                                                                                                                                                                                                                                                                                                                                                                                                                                                                                                                                                                                                                                                                                                                                                                                                                                                                                                                                                                                                                                                                                                                                                                                                                                                                                                                                                                                                                                                                                                                                                                                                                                                                                                                                                                                                                                                                                                                                                                                                                                                                                                                                                                                                                                                                                                                                                                                                                                                                                                                                                                                                                                                                                                                                                                                                                                                                                                                                                                                                                                                                                                                                                                                                                                                                                                                                                                                                                                                                                                                                                                                                                                                                                                                                                                                                                                                                                                                                                                                                                                                                                                                                                                                                                                                                                                                                                                                                                                                                                                                                                                                                                                                                                                                                                                                                                                                                                                                                                                                                                                                                                                                                                                                                                                                                                                                                                                                                                                                                                                                                                                                                                                                                                                                                                                                                                                                                                                                                                                                                                                                                                                                                                                                                                                                                                                                                                                                                                                                                                                                                                                                                                                                                                                                                                                                                                                                                                                                                                                                                                                                                                                                                                                                                                                                                                                                                                                                                                                                                                                                                                                                                                                                                                                                                                                                                                                                                                                                                                                                                                                                                                                                                                                                                                                                                                                                                                                                                                                                                                                                                                                                                                                                                                                                                                                                                                                                                                                                                                                                                                                                                                                                                                                                                                                                                                                                                                                                                                                                                                                                                                                                                                                                                                                                                                                                                                                                                                                                                                                                                                                                                                                                                                                                                                                                                                                                                                                                                                                                                                                                                                                                                                                                                                                                                                                                                                                                                                                                                                                                                                                                                                                                                                                                                                                                                                                                                                                                                                                                                                                                                                                                                                                                                                                                                                                                                                                                                                                                                                                                                                                                                                                                                                                                                                                                                                                                                                                                                                                                                                                                                                                                                                                                                                                                                                                                                                                                                                                                                                                                                                                                                                                                                                                                                                                                                                                                                                                                                                                                                                                                                                                                                                                                                                                                                                                                                                                                                                                                                                                                                                                                                                                                                                                                                                                                                                                                                                                                                                                                                                                                                                                                                                                                                                                                                                                                                                                                                                                                                                                                                                                                                                                                                                                                                                                                                                                                                                                                                                                                                                                                                                                                                                                                                                                                                                                                                                                                                                                                                                                                                                                                                                                                                                                                                                                                                                                                                                                                                                                                                                                                                                                                                                                                                                                                                                                                                                                                                                                                                                                                                                                                                                                                                                                                                                                                                                                                                                                                                                                                                                                                                                                                                                                                                                                                                                                                                                                                                                                                                                                                                                                                                                                                                                                                                                                                                                                                                                                                                                                                                                                                                                                                                                                                                                                                                                                                                                                                                                                                                                                                                                                                                                                                                                                                                                                                                                                                                                                                                                                                                                                                                                                                                                                                                                                                                                                                                                                                                                                                                                                                                                                                                                                                                                                                                                                                                                                                                                                                                                                                                                                                                                                                                                                                                                                                                                                                                                                                                                                                                                                                                                                                                                                                                                                                                                                                                                                                                                                                                                                                                                                                                                                                                                                                                                                                                                                                                                                                                                                                                                                                                                                                                                                                                                                                                                                                                                                                                                                                                                                                                                                                                                                                                                                                                                                                                                                                                                                                                                                                                                                                                                                                                                                                                                                                                                                                                                                                                                                                                                                                                                                                                                                                                                                                                                                                                                                                                                                                                                                                                                                                                                                                                                                                                                                                                                                                                                                                                                                                                                                                                                                                                                                                                                                                                                                                                                                                                                                                                                                                                                                                                                                                                                                                                                                                                                                                                                                                                                                                                                                                                                                                                                                                                                                                                                                                                                                                                                                                                                                                                                                                                                                                                                                                                                                                                                                                                                                                                                                                                                                                                                                                                                                                                                                                                                                                                                                                                                                                                                                                                                                                                                                                                                                                                                                                                                                                                                                                                                                                                                                                                                                                                                                                                                                                                                                                                                                                                                                                                                                                                                                                                                                                                                                                                                                                                                                                                                                                                                                                                                                                                                                                                                                                                                                                                                                                                                                                                                                                                                                                                                                                                                                                                                                                                                                                                                                                                                                                                                                                                                                                                                                                                                                                                                                                                                                                                                                                                                                                                                                                                                                                                                                                                                                                                                                                                                                                                                                                                                                                                                                                                                                                                                                                                                                                                                                                                                                                                                                                                                                                                                                                                                                                                                                                                                                                                                                                                                                                                                                                                                                                                                                                                                                                                                                                                                                                                                                                                                                                                                                                                                                                                                                                                                                                                                                                                                                                                                                                                                                                                                                                                                                                                                                                                                                                                                                                                                                                                                                                                                                                                                                                                                                                                                                                                                                                                                                                                                                                                                                                                                                                                                                                                                                                                                                                                                                                                                                                                                                                                                                                                                                                                                                                                                                                                                                                                                                                                                                                                                                                                                                                                                                                                                                                                                                                                                                                                                                                                                                                                                                                                                                                                                                                                                                                                                                                                                                                                                                                                                                                                                                                                                                                                                                                                                                                                                                                                                                                                                                                                                                                                                                                                                                                                                                                                                                                                                                                                                                                                                                                                                                                                                                                                                                                                                                                                                                                                                                                                                                                                                                                                                                                                                                                                                                                                                                                                                                                                                                                                                                                                                                                                                                                                                                                                                                                                                                                                                                                                                                                                                                                                                                                                                                                                                                                                                                                                                                                                                                                                                                                                                                                                                                                                                                                                                                                                                                                                                                                                                                                                                                                                                                                                                                                                                                                                                                                                                                                                                                                                                                                                                                                                                                                                                                                                                                                                                                                                                                                                                                                                                                                                                                                                                                                                                                                                                                                                                                                                                                                                                                                                                                                                                                                                                                                                                                                                                                                                                                                                                                                                                                                                                                                                                                                                                                                                                                                                                                                                                                                                                                                                                                                                                                                                                                                                                                                                                                                                                                                                                                                                                                                                                                                                                                                                                                                                                                                                                                                                                                                                                                                                                                                                                                                                                                                                                                                                                                                                                                                                                                                                                                                                                                                [*] HEARTBEAT SYNC: 21:49:58 | LED: GREEN
[!] CHANGES DETECTED. INITIATING GLOBAL NODE SYNC...
On branch main
Your branch is up to date with 'origin/main'.

Changes not staged for commit:
  (use "git add/rm <file>..." to update what will be committed)
  (use "git restore <file>..." to discard changes in working directory)
	modified:   ../.bash_history
	modified:   ../.cache/pip/http-v2/4/b/e/0/7/4be07d3ac353e38d2c9e3a257cad36ee2a758fc88b4cd5f0d479a5a9
	modified:   ../.cache/pip/http-v2/8/b/2/4/2/8b24226e2da88df4abeee0d8ca6bce79b19ca2bcd5f94b543939c66c
	modified:   ../.cache/pip/http-v2/8/b/2/4/2/8b24226e2da88df4abeee0d8ca6bce79b19ca2bcd5f94b543939c66c.body
	modified:   ../.gitconfig
	deleted:    ../financial_ledger.md
	modified:   ../servicing_manifest.md

Untracked files:
  (use "git add <file>..." to include in what will be committed)
	../.bashrc
	../.cache/pip/http-v2/0/4/
	../.cache/pip/http-v2/0/5/
	../.cache/pip/http-v2/0/a/
	../.cache/pip/http-v2/0/b/
	../.cache/pip/http-v2/0/d/
	../.cache/pip/http-v2/1/4/
	../.cache/pip/http-v2/1/6/
	../.cache/pip/http-v2/1/7/
	../.cache/pip/http-v2/1/8/
	../.cache/pip/http-v2/1/a/
	../.cache/pip/http-v2/1/f/
	../.cache/pip/http-v2/2/3/
	../.cache/pip/http-v2/2/5/
	../.cache/pip/http-v2/2/6/
	../.cache/pip/http-v2/2/7/
	../.cache/pip/http-v2/2/b/7/
	../.cache/pip/http-v2/2/b/c/
	../.cache/pip/http-v2/3/0/
	../.cache/pip/http-v2/3/1/
	../.cache/pip/http-v2/3/5/
	../.cache/pip/http-v2/3/7/
	../.cache/pip/http-v2/3/8/
	../.cache/pip/http-v2/3/d/
	../.cache/pip/http-v2/4/3/
	../.cache/pip/http-v2/4/4/
	../.cache/pip/http-v2/4/8/
	../.cache/pip/http-v2/4/f/
	../.cache/pip/http-v2/5/2/
	../.cache/pip/http-v2/5/6/
	../.cache/pip/http-v2/5/7/
	../.cache/pip/http-v2/5/a/
	../.cache/pip/http-v2/5/b/4/
	../.cache/pip/http-v2/5/c/
	../.cache/pip/http-v2/6/
	../.cache/pip/http-v2/7/4/
	../.cache/pip/http-v2/7/9/
	../.cache/pip/http-v2/7/e/
	../.cache/pip/http-v2/8/1/
	../.cache/pip/http-v2/8/6/
	../.cache/pip/http-v2/8/7/
	../.cache/pip/http-v2/8/8/7/
	../.cache/pip/http-v2/8/8/f/7/
	../.cache/pip/http-v2/8/9/
	../.cache/pip/http-v2/8/c/
	../.cache/pip/http-v2/8/d/7/
	../.cache/pip/http-v2/8/d/a/
	../.cache/pip/http-v2/8/e/
	../.cache/pip/http-v2/9/
	../.cache/pip/http-v2/a/0/
	../.cache/pip/http-v2/a/1/
	../.cache/pip/http-v2/a/2/
	../.cache/pip/http-v2/a/6/
	../.cache/pip/http-v2/a/7/
	../.cache/pip/http-v2/a/c/5/
	../.cache/pip/http-v2/b/
	../.cache/pip/http-v2/c/
	../.cache/pip/http-v2/d/
	../.cache/pip/http-v2/e/1/
	../.cache/pip/http-v2/e/2/
	../.cache/pip/http-v2/e/7/
	../.cache/pip/http-v2/e/c/
	../.cache/pip/http-v2/f/
	../.lesshst
	../EOF
	../GGTI_NODE/
	../GGTI_RECON/
	../downloads/

no changes added to commit (use "git add" and/or "git commit -a")
Everything up-to-date
[✔] GLOBAL NODE UPDATED.
[*] HEARTBEAT SYNC: 21:50:08 | LED: GREEN
[!] CHANGES DETECTED. INITIATING GLOBAL NODE SYNC...
On branch main
Your branch is up to date with 'origin/main'.

Changes not staged for commit:
  (use "git add/rm <file>..." to update what will be committed)
  (use "git restore <file>..." to discard changes in working directory)
	modified:   ../.bash_history
	modified:   ../.cache/pip/http-v2/4/b/e/0/7/4be07d3ac353e38d2c9e3a257cad36ee2a758fc88b4cd5f0d479a5a9
	modified:   ../.cache/pip/http-v2/8/b/2/4/2/8b24226e2da88df4abeee0d8ca6bce79b19ca2bcd5f94b543939c66c
	modified:   ../.cache/pip/http-v2/8/b/2/4/2/8b24226e2da88df4abeee0d8ca6bce79b19ca2bcd5f94b543939c66c.body
	modified:   ../.gitconfig
	deleted:    ../financial_ledger.md
	modified:   ../servicing_manifest.md

Untracked files:
  (use "git add <file>..." to include in what will be committed)
	../.bashrc
	../.cache/pip/http-v2/0/4/
	../.cache/pip/http-v2/0/5/
	../.cache/pip/http-v2/0/a/
	../.cache/pip/http-v2/0/b/
	../.cache/pip/http-v2/0/d/
	../.cache/pip/http-v2/1/4/
	../.cache/pip/http-v2/1/6/
	../.cache/pip/http-v2/1/7/
	../.cache/pip/http-v2/1/8/
	../.cache/pip/http-v2/1/a/
	../.cache/pip/http-v2/1/f/
	../.cache/pip/http-v2/2/3/
	../.cache/pip/http-v2/2/5/
	../.cache/pip/http-v2/2/6/
	../.cache/pip/http-v2/2/7/
	../.cache/pip/http-v2/2/b/7/
	../.cache/pip/http-v2/2/b/c/
	../.cache/pip/http-v2/3/0/
	../.cache/pip/http-v2/3/1/
	../.cache/pip/http-v2/3/5/
	../.cache/pip/http-v2/3/7/
	../.cache/pip/http-v2/3/8/
	../.cache/pip/http-v2/3/d/
	../.cache/pip/http-v2/4/3/
	../.cache/pip/http-v2/4/4/
	../.cache/pip/http-v2/4/8/
	../.cache/pip/http-v2/4/f/
	../.cache/pip/http-v2/5/2/
	../.cache/pip/http-v2/5/6/
	../.cache/pip/http-v2/5/7/
	../.cache/pip/http-v2/5/a/
	../.cache/pip/http-v2/5/b/4/
	../.cache/pip/http-v2/5/c/
	../.cache/pip/http-v2/6/
	../.cache/pip/http-v2/7/4/
	../.cache/pip/http-v2/7/9/
	../.cache/pip/http-v2/7/e/
	../.cache/pip/http-v2/8/1/
	../.cache/pip/http-v2/8/6/
	../.cache/pip/http-v2/8/7/
	../.cache/pip/http-v2/8/8/7/
	../.cache/pip/http-v2/8/8/f/7/
	../.cache/pip/http-v2/8/9/
	../.cache/pip/http-v2/8/c/
	../.cache/pip/http-v2/8/d/7/
	../.cache/pip/http-v2/8/d/a/
	../.cache/pip/http-v2/8/e/
	../.cache/pip/http-v2/9/
	../.cache/pip/http-v2/a/0/
	../.cache/pip/http-v2/a/1/
	../.cache/pip/http-v2/a/2/
	../.cache/pip/http-v2/a/6/
	../.cache/pip/http-v2/a/7/
	../.cache/pip/http-v2/a/c/5/
	../.cache/pip/http-v2/b/
	../.cache/pip/http-v2/c/
	../.cache/pip/http-v2/d/
	../.cache/pip/http-v2/e/1/
	../.cache/pip/http-v2/e/2/
	../.cache/pip/http-v2/e/7/
	../.cache/pip/http-v2/e/c/
	../.cache/pip/http-v2/f/
	../.lesshst
	../EOF
	../GGTI_NODE/
	../GGTI_RECON/
	../downloads/

no changes added to commit (use "git add" and/or "git commit -a")
Everything up-to-date
[✔] GLOBAL NODE UPDATED.
[*] HEARTBEAT SYNC: 21:50:19 | LED: GREEN
[!] CHANGES DETECTED. INITIATING GLOBAL NODE SYNC...
On branch main
Your branch is up to date with 'origin/main'.

Changes not staged for commit:
  (use "git add/rm <file>..." to update what will be committed)
  (use "git restore <file>..." to discard changes in working directory)
	modified:   ../.bash_history
	modified:   ../.cache/pip/http-v2/4/b/e/0/7/4be07d3ac353e38d2c9e3a257cad36ee2a758fc88b4cd5f0d479a5a9
	modified:   ../.cache/pip/http-v2/8/b/2/4/2/8b24226e2da88df4abeee0d8ca6bce79b19ca2bcd5f94b543939c66c
	modified:   ../.cache/pip/http-v2/8/b/2/4/2/8b24226e2da88df4abeee0d8ca6bce79b19ca2bcd5f94b543939c66c.body
	modified:   ../.gitconfig
	deleted:    ../financial_ledger.md
	modified:   ../servicing_manifest.md

Untracked files:
  (use "git add <file>..." to include in what will be committed)
	../.bashrc
	../.cache/pip/http-v2/0/4/
	../.cache/pip/http-v2/0/5/
	../.cache/pip/http-v2/0/a/
	../.cache/pip/http-v2/0/b/
	../.cache/pip/http-v2/0/d/
	../.cache/pip/http-v2/1/4/
	../.cache/pip/http-v2/1/6/
	../.cache/pip/http-v2/1/7/
	../.cache/pip/http-v2/1/8/
	../.cache/pip/http-v2/1/a/
	../.cache/pip/http-v2/1/f/
	../.cache/pip/http-v2/2/3/
	../.cache/pip/http-v2/2/5/
	../.cache/pip/http-v2/2/6/
	../.cache/pip/http-v2/2/7/
	../.cache/pip/http-v2/2/b/7/
	../.cache/pip/http-v2/2/b/c/
	../.cache/pip/http-v2/3/0/
	../.cache/pip/http-v2/3/1/
	../.cache/pip/http-v2/3/5/
	../.cache/pip/http-v2/3/7/
	../.cache/pip/http-v2/3/8/
	../.cache/pip/http-v2/3/d/
	../.cache/pip/http-v2/4/3/
	../.cache/pip/http-v2/4/4/
	../.cache/pip/http-v2/4/8/
	../.cache/pip/http-v2/4/f/
	../.cache/pip/http-v2/5/2/
	../.cache/pip/http-v2/5/6/
	../.cache/pip/http-v2/5/7/
	../.cache/pip/http-v2/5/a/
	../.cache/pip/http-v2/5/b/4/
	../.cache/pip/http-v2/5/c/
	../.cache/pip/http-v2/6/
	../.cache/pip/http-v2/7/4/
	../.cache/pip/http-v2/7/9/
	../.cache/pip/http-v2/7/e/
	../.cache/pip/http-v2/8/1/
	../.cache/pip/http-v2/8/6/
	../.cache/pip/http-v2/8/7/
	../.cache/pip/http-v2/8/8/7/
	../.cache/pip/http-v2/8/8/f/7/
	../.cache/pip/http-v2/8/9/
	../.cache/pip/http-v2/8/c/
	../.cache/pip/http-v2/8/d/7/
	../.cache/pip/http-v2/8/d/a/
	../.cache/pip/http-v2/8/e/
	../.cache/pip/http-v2/9/
	../.cache/pip/http-v2/a/0/
	../.cache/pip/http-v2/a/1/
	../.cache/pip/http-v2/a/2/
	../.cache/pip/http-v2/a/6/
	../.cache/pip/http-v2/a/7/
	../.cache/pip/http-v2/a/c/5/
	../.cache/pip/http-v2/b/
	../.cache/pip/http-v2/c/
	../.cache/pip/http-v2/d/
	../.cache/pip/http-v2/e/1/
	../.cache/pip/http-v2/e/2/
	../.cache/pip/http-v2/e/7/
	../.cache/pip/http-v2/e/c/
	../.cache/pip/http-v2/f/
	../.lesshst
	../EOF
	../GGTI_NODE/
	../GGTI_RECON/
	../downloads/

no changes added to commit (use "git add" and/or "git commit -a")
Everything up-to-date
[✔] GLOBAL NODE UPDATED.
[*] HEARTBEAT SYNC: 21:50:29 | LED: GREEN
[!] CHANGES DETECTED. INITIATING GLOBAL NODE SYNC...
On branch main
Your branch is up to date with 'origin/main'.

Changes not staged for commit:
  (use "git add/rm <file>..." to update what will be committed)
  (use "git restore <file>..." to discard changes in working directory)
	modified:   ../.bash_history
	modified:   ../.cache/pip/http-v2/4/b/e/0/7/4be07d3ac353e38d2c9e3a257cad36ee2a758fc88b4cd5f0d479a5a9
	modified:   ../.cache/pip/http-v2/8/b/2/4/2/8b24226e2da88df4abeee0d8ca6bce79b19ca2bcd5f94b543939c66c
	modified:   ../.cache/pip/http-v2/8/b/2/4/2/8b24226e2da88df4abeee0d8ca6bce79b19ca2bcd5f94b543939c66c.body
	modified:   ../.gitconfig
	deleted:    ../financial_ledger.md
	modified:   ../servicing_manifest.md

Untracked files:
  (use "git add <file>..." to include in what will be committed)
	../.bashrc
	../.cache/pip/http-v2/0/4/
	../.cache/pip/http-v2/0/5/
	../.cache/pip/http-v2/0/a/
	../.cache/pip/http-v2/0/b/
	../.cache/pip/http-v2/0/d/
	../.cache/pip/http-v2/1/4/
	../.cache/pip/http-v2/1/6/
	../.cache/pip/http-v2/1/7/
	../.cache/pip/http-v2/1/8/
	../.cache/pip/http-v2/1/a/
	../.cache/pip/http-v2/1/f/
	../.cache/pip/http-v2/2/3/
	../.cache/pip/http-v2/2/5/
	../.cache/pip/http-v2/2/6/
	../.cache/pip/http-v2/2/7/
	../.cache/pip/http-v2/2/b/7/
	../.cache/pip/http-v2/2/b/c/
	../.cache/pip/http-v2/3/0/
	../.cache/pip/http-v2/3/1/
	../.cache/pip/http-v2/3/5/
	../.cache/pip/http-v2/3/7/
	../.cache/pip/http-v2/3/8/
	../.cache/pip/http-v2/3/d/
	../.cache/pip/http-v2/4/3/
	../.cache/pip/http-v2/4/4/
	../.cache/pip/http-v2/4/8/
	../.cache/pip/http-v2/4/f/
	../.cache/pip/http-v2/5/2/
	../.cache/pip/http-v2/5/6/
	../.cache/pip/http-v2/5/7/
	../.cache/pip/http-v2/5/a/
	../.cache/pip/http-v2/5/b/4/
	../.cache/pip/http-v2/5/c/
	../.cache/pip/http-v2/6/
	../.cache/pip/http-v2/7/4/
	../.cache/pip/http-v2/7/9/
	../.cache/pip/http-v2/7/e/
	../.cache/pip/http-v2/8/1/
	../.cache/pip/http-v2/8/6/
	../.cache/pip/http-v2/8/7/
	../.cache/pip/http-v2/8/8/7/
	../.cache/pip/http-v2/8/8/f/7/
	../.cache/pip/http-v2/8/9/
	../.cache/pip/http-v2/8/c/
	../.cache/pip/http-v2/8/d/7/
	../.cache/pip/http-v2/8/d/a/
	../.cache/pip/http-v2/8/e/
	../.cache/pip/http-v2/9/
	../.cache/pip/http-v2/a/0/
	../.cache/pip/http-v2/a/1/
	../.cache/pip/http-v2/a/2/
	../.cache/pip/http-v2/a/6/
	../.cache/pip/http-v2/a/7/
	../.cache/pip/http-v2/a/c/5/
	../.cache/pip/http-v2/b/
	../.cache/pip/http-v2/c/
	../.cache/pip/http-v2/d/
	../.cache/pip/http-v2/e/1/
	../.cache/pip/http-v2/e/2/
	../.cache/pip/http-v2/e/7/
	../.cache/pip/http-v2/e/c/
	../.cache/pip/http-v2/f/
	../.lesshst
	../EOF
	../GGTI_NODE/
	../GGTI_RECON/
	../downloads/

no changes added to commit (use "git add" and/or "git commit -a")
Everything up-to-date
[✔] GLOBAL NODE UPDATED.
[*] HEARTBEAT SYNC: 21:50:39 | LED: GREEN
[!] CHANGES DETECTED. INITIATING GLOBAL NODE SYNC...
On branch main
Your branch is up to date with 'origin/main'.

Changes not staged for commit:
  (use "git add/rm <file>..." to update what will be committed)
  (use "git restore <file>..." to discard changes in working directory)
	modified:   ../.bash_history
	modified:   ../.cache/pip/http-v2/4/b/e/0/7/4be07d3ac353e38d2c9e3a257cad36ee2a758fc88b4cd5f0d479a5a9
	modified:   ../.cache/pip/http-v2/8/b/2/4/2/8b24226e2da88df4abeee0d8ca6bce79b19ca2bcd5f94b543939c66c
	modified:   ../.cache/pip/http-v2/8/b/2/4/2/8b24226e2da88df4abeee0d8ca6bce79b19ca2bcd5f94b543939c66c.body
	modified:   ../.gitconfig
	deleted:    ../financial_ledger.md
	modified:   ../servicing_manifest.md

Untracked files:
  (use "git add <file>..." to include in what will be committed)
	../.bashrc
	../.cache/pip/http-v2/0/4/
	../.cache/pip/http-v2/0/5/
	../.cache/pip/http-v2/0/a/
	../.cache/pip/http-v2/0/b/
	../.cache/pip/http-v2/0/d/
	../.cache/pip/http-v2/1/4/
	../.cache/pip/http-v2/1/6/
	../.cache/pip/http-v2/1/7/
	../.cache/pip/http-v2/1/8/
	../.cache/pip/http-v2/1/a/
	../.cache/pip/http-v2/1/f/
	../.cache/pip/http-v2/2/3/
	../.cache/pip/http-v2/2/5/
	../.cache/pip/http-v2/2/6/
	../.cache/pip/http-v2/2/7/
	../.cache/pip/http-v2/2/b/7/
	../.cache/pip/http-v2/2/b/c/
	../.cache/pip/http-v2/3/0/
	../.cache/pip/http-v2/3/1/
	../.cache/pip/http-v2/3/5/
	../.cache/pip/http-v2/3/7/
	../.cache/pip/http-v2/3/8/
	../.cache/pip/http-v2/3/d/
	../.cache/pip/http-v2/4/3/
	../.cache/pip/http-v2/4/4/
	../.cache/pip/http-v2/4/8/
	../.cache/pip/http-v2/4/f/
	../.cache/pip/http-v2/5/2/
	../.cache/pip/http-v2/5/6/
	../.cache/pip/http-v2/5/7/
	../.cache/pip/http-v2/5/a/
	../.cache/pip/http-v2/5/b/4/
	../.cache/pip/http-v2/5/c/
	../.cache/pip/http-v2/6/
	../.cache/pip/http-v2/7/4/
	../.cache/pip/http-v2/7/9/
	../.cache/pip/http-v2/7/e/
	../.cache/pip/http-v2/8/1/
	../.cache/pip/http-v2/8/6/
	../.cache/pip/http-v2/8/7/
	../.cache/pip/http-v2/8/8/7/
	../.cache/pip/http-v2/8/8/f/7/
	../.cache/pip/http-v2/8/9/
	../.cache/pip/http-v2/8/c/
	../.cache/pip/http-v2/8/d/7/
	../.cache/pip/http-v2/8/d/a/
	../.cache/pip/http-v2/8/e/
	../.cache/pip/http-v2/9/
	../.cache/pip/http-v2/a/0/
	../.cache/pip/http-v2/a/1/
	../.cache/pip/http-v2/a/2/
	../.cache/pip/http-v2/a/6/
	../.cache/pip/http-v2/a/7/
	../.cache/pip/http-v2/a/c/5/
	../.cache/pip/http-v2/b/
	../.cache/pip/http-v2/c/
	../.cache/pip/http-v2/d/
	../.cache/pip/http-v2/e/1/
	../.cache/pip/http-v2/e/2/
	../.cache/pip/http-v2/e/7/
	../.cache/pip/http-v2/e/c/
	../.cache/pip/http-v2/f/
	../.lesshst
	../EOF
	../GGTI_NODE/
	../GGTI_RECON/
	../downloads/

no changes added to commit (use "git add" and/or "git commit -a")
Everything up-to-date
[✔] GLOBAL NODE UPDATED.
[*] HEARTBEAT SYNC: 21:50:50 | LED: GREEN
[!] CHANGES DETECTED. INITIATING GLOBAL NODE SYNC...
On branch main
Your branch is up to date with 'origin/main'.

Changes not staged for commit:
  (use "git add/rm <file>..." to update what will be committed)
  (use "git restore <file>..." to discard changes in working directory)
	modified:   ../.bash_history
	modified:   ../.cache/pip/http-v2/4/b/e/0/7/4be07d3ac353e38d2c9e3a257cad36ee2a758fc88b4cd5f0d479a5a9
	modified:   ../.cache/pip/http-v2/8/b/2/4/2/8b24226e2da88df4abeee0d8ca6bce79b19ca2bcd5f94b543939c66c
	modified:   ../.cache/pip/http-v2/8/b/2/4/2/8b24226e2da88df4abeee0d8ca6bce79b19ca2bcd5f94b543939c66c.body
	modified:   ../.gitconfig
	deleted:    ../financial_ledger.md
	modified:   ../servicing_manifest.md

Untracked files:
  (use "git add <file>..." to include in what will be committed)
	../.bashrc
	../.cache/pip/http-v2/0/4/
	../.cache/pip/http-v2/0/5/
	../.cache/pip/http-v2/0/a/
	../.cache/pip/http-v2/0/b/
	../.cache/pip/http-v2/0/d/
	../.cache/pip/http-v2/1/4/
	../.cache/pip/http-v2/1/6/
	../.cache/pip/http-v2/1/7/
	../.cache/pip/http-v2/1/8/
	../.cache/pip/http-v2/1/a/
	../.cache/pip/http-v2/1/f/
	../.cache/pip/http-v2/2/3/
	../.cache/pip/http-v2/2/5/
	../.cache/pip/http-v2/2/6/
	../.cache/pip/http-v2/2/7/
	../.cache/pip/http-v2/2/b/7/
	../.cache/pip/http-v2/2/b/c/
	../.cache/pip/http-v2/3/0/
	../.cache/pip/http-v2/3/1/
	../.cache/pip/http-v2/3/5/
	../.cache/pip/http-v2/3/7/
	../.cache/pip/http-v2/3/8/
	../.cache/pip/http-v2/3/d/
	../.cache/pip/http-v2/4/3/
	../.cache/pip/http-v2/4/4/
	../.cache/pip/http-v2/4/8/
	../.cache/pip/http-v2/4/f/
	../.cache/pip/http-v2/5/2/
	../.cache/pip/http-v2/5/6/
	../.cache/pip/http-v2/5/7/
	../.cache/pip/http-v2/5/a/
	../.cache/pip/http-v2/5/b/4/
	../.cache/pip/http-v2/5/c/
	../.cache/pip/http-v2/6/
	../.cache/pip/http-v2/7/4/
	../.cache/pip/http-v2/7/9/
	../.cache/pip/http-v2/7/e/
	../.cache/pip/http-v2/8/1/
	../.cache/pip/http-v2/8/6/
	../.cache/pip/http-v2/8/7/
	../.cache/pip/http-v2/8/8/7/
	../.cache/pip/http-v2/8/8/f/7/
	../.cache/pip/http-v2/8/9/
	../.cache/pip/http-v2/8/c/
	../.cache/pip/http-v2/8/d/7/
	../.cache/pip/http-v2/8/d/a/
	../.cache/pip/http-v2/8/e/
	../.cache/pip/http-v2/9/
	../.cache/pip/http-v2/a/0/
	../.cache/pip/http-v2/a/1/
	../.cache/pip/http-v2/a/2/
	../.cache/pip/http-v2/a/6/
	../.cache/pip/http-v2/a/7/
	../.cache/pip/http-v2/a/c/5/
	../.cache/pip/http-v2/b/
	../.cache/pip/http-v2/c/
	../.cache/pip/http-v2/d/
	../.cache/pip/http-v2/e/1/
	../.cache/pip/http-v2/e/2/
	../.cache/pip/http-v2/e/7/
	../.cache/pip/http-v2/e/c/
	../.cache/pip/http-v2/f/
	../.lesshst
	../EOF
	../GGTI_NODE/
	../GGTI_RECON/
	../downloads/

no changes added to commit (use "git add" and/or "git commit -a")
Everything up-to-date
[✔] GLOBAL NODE UPDATED.
[*] HEARTBEAT SYNC: 21:51:00 | LED: GREEN
[!] CHANGES DETECTED. INITIATING GLOBAL NODE SYNC...
On branch main
Your branch is up to date with 'origin/main'.

Changes not staged for commit:
  (use "git add/rm <file>..." to update what will be committed)
  (use "git restore <file>..." to discard changes in working directory)
	modified:   ../.bash_history
	modified:   ../.cache/pip/http-v2/4/b/e/0/7/4be07d3ac353e38d2c9e3a257cad36ee2a758fc88b4cd5f0d479a5a9
	modified:   ../.cache/pip/http-v2/8/b/2/4/2/8b24226e2da88df4abeee0d8ca6bce79b19ca2bcd5f94b543939c66c
	modified:   ../.cache/pip/http-v2/8/b/2/4/2/8b24226e2da88df4abeee0d8ca6bce79b19ca2bcd5f94b543939c66c.body
	modified:   ../.gitconfig
	deleted:    ../financial_ledger.md
	modified:   ../servicing_manifest.md

Untracked files:
  (use "git add <file>..." to include in what will be committed)
	../.bashrc
	../.cache/pip/http-v2/0/4/
	../.cache/pip/http-v2/0/5/
	../.cache/pip/http-v2/0/a/
	../.cache/pip/http-v2/0/b/
	../.cache/pip/http-v2/0/d/
	../.cache/pip/http-v2/1/4/
	../.cache/pip/http-v2/1/6/
	../.cache/pip/http-v2/1/7/
	../.cache/pip/http-v2/1/8/
	../.cache/pip/http-v2/1/a/
	../.cache/pip/http-v2/1/f/
	../.cache/pip/http-v2/2/3/
	../.cache/pip/http-v2/2/5/
	../.cache/pip/http-v2/2/6/
	../.cache/pip/http-v2/2/7/
	../.cache/pip/http-v2/2/b/7/
	../.cache/pip/http-v2/2/b/c/
	../.cache/pip/http-v2/3/0/
	../.cache/pip/http-v2/3/1/
	../.cache/pip/http-v2/3/5/
	../.cache/pip/http-v2/3/7/
	../.cache/pip/http-v2/3/8/
	../.cache/pip/http-v2/3/d/
	../.cache/pip/http-v2/4/3/
	../.cache/pip/http-v2/4/4/
	../.cache/pip/http-v2/4/8/
	../.cache/pip/http-v2/4/f/
	../.cache/pip/http-v2/5/2/
	../.cache/pip/http-v2/5/6/
	../.cache/pip/http-v2/5/7/
	../.cache/pip/http-v2/5/a/
	../.cache/pip/http-v2/5/b/4/
	../.cache/pip/http-v2/5/c/
	../.cache/pip/http-v2/6/
	../.cache/pip/http-v2/7/4/
	../.cache/pip/http-v2/7/9/
	../.cache/pip/http-v2/7/e/
	../.cache/pip/http-v2/8/1/
	../.cache/pip/http-v2/8/6/
	../.cache/pip/http-v2/8/7/
	../.cache/pip/http-v2/8/8/7/
	../.cache/pip/http-v2/8/8/f/7/
	../.cache/pip/http-v2/8/9/
	../.cache/pip/http-v2/8/c/
	../.cache/pip/http-v2/8/d/7/
	../.cache/pip/http-v2/8/d/a/
	../.cache/pip/http-v2/8/e/
	../.cache/pip/http-v2/9/
	../.cache/pip/http-v2/a/0/
	../.cache/pip/http-v2/a/1/
	../.cache/pip/http-v2/a/2/
	../.cache/pip/http-v2/a/6/
	../.cache/pip/http-v2/a/7/
	../.cache/pip/http-v2/a/c/5/
	../.cache/pip/http-v2/b/
	../.cache/pip/http-v2/c/
	../.cache/pip/http-v2/d/
	../.cache/pip/http-v2/e/1/
	../.cache/pip/http-v2/e/2/
	../.cache/pip/http-v2/e/7/
	../.cache/pip/http-v2/e/c/
	../.cache/pip/http-v2/f/
	../.lesshst
	../EOF
	../GGTI_NODE/
	../GGTI_RECON/
	../downloads/

no changes added to commit (use "git add" and/or "git commit -a")
Everything up-to-date
[✔] GLOBAL NODE UPDATED.
[*] HEARTBEAT SYNC: 21:51:11 | LED: GREEN
[!] CHANGES DETECTED. INITIATING GLOBAL NODE SYNC...
On branch main
Your branch is up to date with 'origin/main'.

Changes not staged for commit:
  (use "git add/rm <file>..." to update what will be committed)
  (use "git restore <file>..." to discard changes in working directory)
	modified:   ../.bash_history
	modified:   ../.cache/pip/http-v2/4/b/e/0/7/4be07d3ac353e38d2c9e3a257cad36ee2a758fc88b4cd5f0d479a5a9
	modified:   ../.cache/pip/http-v2/8/b/2/4/2/8b24226e2da88df4abeee0d8ca6bce79b19ca2bcd5f94b543939c66c
	modified:   ../.cache/pip/http-v2/8/b/2/4/2/8b24226e2da88df4abeee0d8ca6bce79b19ca2bcd5f94b543939c66c.body
	modified:   ../.gitconfig
	deleted:    ../financial_ledger.md
	modified:   ../servicing_manifest.md

Untracked files:
  (use "git add <file>..." to include in what will be committed)
	../.bashrc
	../.cache/pip/http-v2/0/4/
	../.cache/pip/http-v2/0/5/
	../.cache/pip/http-v2/0/a/
	../.cache/pip/http-v2/0/b/
	../.cache/pip/http-v2/0/d/
	../.cache/pip/http-v2/1/4/
	../.cache/pip/http-v2/1/6/
	../.cache/pip/http-v2/1/7/
	../.cache/pip/http-v2/1/8/
	../.cache/pip/http-v2/1/a/
	../.cache/pip/http-v2/1/f/
	../.cache/pip/http-v2/2/3/
	../.cache/pip/http-v2/2/5/
	../.cache/pip/http-v2/2/6/
	../.cache/pip/http-v2/2/7/
	../.cache/pip/http-v2/2/b/7/
	../.cache/pip/http-v2/2/b/c/
	../.cache/pip/http-v2/3/0/
	../.cache/pip/http-v2/3/1/
	../.cache/pip/http-v2/3/5/
	../.cache/pip/http-v2/3/7/
	../.cache/pip/http-v2/3/8/
	../.cache/pip/http-v2/3/d/
	../.cache/pip/http-v2/4/3/
	../.cache/pip/http-v2/4/4/
	../.cache/pip/http-v2/4/8/
	../.cache/pip/http-v2/4/f/
	../.cache/pip/http-v2/5/2/
	../.cache/pip/http-v2/5/6/
	../.cache/pip/http-v2/5/7/
	../.cache/pip/http-v2/5/a/
	../.cache/pip/http-v2/5/b/4/
	../.cache/pip/http-v2/5/c/
	../.cache/pip/http-v2/6/
	../.cache/pip/http-v2/7/4/
	../.cache/pip/http-v2/7/9/
	../.cache/pip/http-v2/7/e/
	../.cache/pip/http-v2/8/1/
	../.cache/pip/http-v2/8/6/
	../.cache/pip/http-v2/8/7/
	../.cache/pip/http-v2/8/8/7/
	../.cache/pip/http-v2/8/8/f/7/
	../.cache/pip/http-v2/8/9/
	../.cache/pip/http-v2/8/c/
	../.cache/pip/http-v2/8/d/7/
	../.cache/pip/http-v2/8/d/a/
	../.cache/pip/http-v2/8/e/
	../.cache/pip/http-v2/9/
	../.cache/pip/http-v2/a/0/
	../.cache/pip/http-v2/a/1/
	../.cache/pip/http-v2/a/2/
	../.cache/pip/http-v2/a/6/
	../.cache/pip/http-v2/a/7/
	../.cache/pip/http-v2/a/c/5/
	../.cache/pip/http-v2/b/
	../.cache/pip/http-v2/c/
	../.cache/pip/http-v2/d/
	../.cache/pip/http-v2/e/1/
	../.cache/pip/http-v2/e/2/
	../.cache/pip/http-v2/e/7/
	../.cache/pip/http-v2/e/c/
	../.cache/pip/http-v2/f/
	../.lesshst
	../EOF
	../GGTI_NODE/
	../GGTI_RECON/
	../downloads/

no changes added to commit (use "git add" and/or "git commit -a")
Everything up-to-date
[✔] GLOBAL NODE UPDATED.
[*] HEARTBEAT SYNC: 21:51:21 | LED: GREEN
[!] CHANGES DETECTED. INITIATING GLOBAL NODE SYNC...
On branch main
Your branch is up to date with 'origin/main'.

Changes not staged for commit:
  (use "git add/rm <file>..." to update what will be committed)
  (use "git restore <file>..." to discard changes in working directory)
	modified:   ../.bash_history
	modified:   ../.cache/pip/http-v2/4/b/e/0/7/4be07d3ac353e38d2c9e3a257cad36ee2a758fc88b4cd5f0d479a5a9
	modified:   ../.cache/pip/http-v2/8/b/2/4/2/8b24226e2da88df4abeee0d8ca6bce79b19ca2bcd5f94b543939c66c
	modified:   ../.cache/pip/http-v2/8/b/2/4/2/8b24226e2da88df4abeee0d8ca6bce79b19ca2bcd5f94b543939c66c.body
	modified:   ../.gitconfig
	deleted:    ../financial_ledger.md
	modified:   ../servicing_manifest.md

Untracked files:
  (use "git add <file>..." to include in what will be committed)
	../.bashrc
	../.cache/pip/http-v2/0/4/
	../.cache/pip/http-v2/0/5/
	../.cache/pip/http-v2/0/a/
	../.cache/pip/http-v2/0/b/
	../.cache/pip/http-v2/0/d/
	../.cache/pip/http-v2/1/4/
	../.cache/pip/http-v2/1/6/
	../.cache/pip/http-v2/1/7/
	../.cache/pip/http-v2/1/8/
	../.cache/pip/http-v2/1/a/
	../.cache/pip/http-v2/1/f/
	../.cache/pip/http-v2/2/3/
	../.cache/pip/http-v2/2/5/
	../.cache/pip/http-v2/2/6/
	../.cache/pip/http-v2/2/7/
	../.cache/pip/http-v2/2/b/7/
	../.cache/pip/http-v2/2/b/c/
	../.cache/pip/http-v2/3/0/
	../.cache/pip/http-v2/3/1/
	../.cache/pip/http-v2/3/5/
	../.cache/pip/http-v2/3/7/
	../.cache/pip/http-v2/3/8/
	../.cache/pip/http-v2/3/d/
	../.cache/pip/http-v2/4/3/
	../.cache/pip/http-v2/4/4/
	../.cache/pip/http-v2/4/8/
	../.cache/pip/http-v2/4/f/
	../.cache/pip/http-v2/5/2/
	../.cache/pip/http-v2/5/6/
	../.cache/pip/http-v2/5/7/
	../.cache/pip/http-v2/5/a/
	../.cache/pip/http-v2/5/b/4/
	../.cache/pip/http-v2/5/c/
	../.cache/pip/http-v2/6/
	../.cache/pip/http-v2/7/4/
	../.cache/pip/http-v2/7/9/
	../.cache/pip/http-v2/7/e/
	../.cache/pip/http-v2/8/1/
	../.cache/pip/http-v2/8/6/
	../.cache/pip/http-v2/8/7/
	../.cache/pip/http-v2/8/8/7/
	../.cache/pip/http-v2/8/8/f/7/
	../.cache/pip/http-v2/8/9/
	../.cache/pip/http-v2/8/c/
	../.cache/pip/http-v2/8/d/7/
	../.cache/pip/http-v2/8/d/a/
	../.cache/pip/http-v2/8/e/
	../.cache/pip/http-v2/9/
	../.cache/pip/http-v2/a/0/
	../.cache/pip/http-v2/a/1/
	../.cache/pip/http-v2/a/2/
	../.cache/pip/http-v2/a/6/
	../.cache/pip/http-v2/a/7/
	../.cache/pip/http-v2/a/c/5/
	../.cache/pip/http-v2/b/
	../.cache/pip/http-v2/c/
	../.cache/pip/http-v2/d/
	../.cache/pip/http-v2/e/1/
	../.cache/pip/http-v2/e/2/
	../.cache/pip/http-v2/e/7/
	../.cache/pip/http-v2/e/c/
	../.cache/pip/http-v2/f/
	../.lesshst
	../EOF
	../GGTI_NODE/
	../GGTI_RECON/
	../downloads/

no changes added to commit (use "git add" and/or "git commit -a")
Everything up-to-date
[✔] GLOBAL NODE UPDATED.
[*] HEARTBEAT SYNC: 21:51:32 | LED: GREEN
[!] CHANGES DETECTED. INITIATING GLOBAL NODE SYNC...
On branch main
Your branch is up to date with 'origin/main'.

Changes not staged for commit:
  (use "git add/rm <file>..." to update what will be committed)
  (use "git restore <file>..." to discard changes in working directory)
	modified:   ../.bash_history
	modified:   ../.cache/pip/http-v2/4/b/e/0/7/4be07d3ac353e38d2c9e3a257cad36ee2a758fc88b4cd5f0d479a5a9
	modified:   ../.cache/pip/http-v2/8/b/2/4/2/8b24226e2da88df4abeee0d8ca6bce79b19ca2bcd5f94b543939c66c
	modified:   ../.cache/pip/http-v2/8/b/2/4/2/8b24226e2da88df4abeee0d8ca6bce79b19ca2bcd5f94b543939c66c.body
	modified:   ../.gitconfig
	deleted:    ../financial_ledger.md
	modified:   ../servicing_manifest.md

Untracked files:
  (use "git add <file>..." to include in what will be committed)
	../.bashrc
	../.cache/pip/http-v2/0/4/
	../.cache/pip/http-v2/0/5/
	../.cache/pip/http-v2/0/a/
	../.cache/pip/http-v2/0/b/
	../.cache/pip/http-v2/0/d/
	../.cache/pip/http-v2/1/4/
	../.cache/pip/http-v2/1/6/
	../.cache/pip/http-v2/1/7/
	../.cache/pip/http-v2/1/8/
	../.cache/pip/http-v2/1/a/
	../.cache/pip/http-v2/1/f/
	../.cache/pip/http-v2/2/3/
	../.cache/pip/http-v2/2/5/
	../.cache/pip/http-v2/2/6/
	../.cache/pip/http-v2/2/7/
	../.cache/pip/http-v2/2/b/7/
	../.cache/pip/http-v2/2/b/c/
	../.cache/pip/http-v2/3/0/
	../.cache/pip/http-v2/3/1/
	../.cache/pip/http-v2/3/5/
	../.cache/pip/http-v2/3/7/
	../.cache/pip/http-v2/3/8/
	../.cache/pip/http-v2/3/d/
	../.cache/pip/http-v2/4/3/
	../.cache/pip/http-v2/4/4/
	../.cache/pip/http-v2/4/8/
	../.cache/pip/http-v2/4/f/
	../.cache/pip/http-v2/5/2/
	../.cache/pip/http-v2/5/6/
	../.cache/pip/http-v2/5/7/
	../.cache/pip/http-v2/5/a/
	../.cache/pip/http-v2/5/b/4/
	../.cache/pip/http-v2/5/c/
	../.cache/pip/http-v2/6/
	../.cache/pip/http-v2/7/4/
	../.cache/pip/http-v2/7/9/
	../.cache/pip/http-v2/7/e/
	../.cache/pip/http-v2/8/1/
	../.cache/pip/http-v2/8/6/
	../.cache/pip/http-v2/8/7/
	../.cache/pip/http-v2/8/8/7/
	../.cache/pip/http-v2/8/8/f/7/
	../.cache/pip/http-v2/8/9/
	../.cache/pip/http-v2/8/c/
	../.cache/pip/http-v2/8/d/7/
	../.cache/pip/http-v2/8/d/a/
	../.cache/pip/http-v2/8/e/
	../.cache/pip/http-v2/9/
	../.cache/pip/http-v2/a/0/
	../.cache/pip/http-v2/a/1/
	../.cache/pip/http-v2/a/2/
	../.cache/pip/http-v2/a/6/
	../.cache/pip/http-v2/a/7/
	../.cache/pip/http-v2/a/c/5/
	../.cache/pip/http-v2/b/
	../.cache/pip/http-v2/c/
	../.cache/pip/http-v2/d/
	../.cache/pip/http-v2/e/1/
	../.cache/pip/http-v2/e/2/
	../.cache/pip/http-v2/e/7/
	../.cache/pip/http-v2/e/c/
	../.cache/pip/http-v2/f/
	../.lesshst
	../EOF
	../GGTI_NODE/
	../GGTI_RECON/
	../downloads/

no changes added to commit (use "git add" and/or "git commit -a")
Everything up-to-date
[✔] GLOBAL NODE UPDATED.
[*] HEARTBEAT SYNC: 21:51:42 | LED: GREEN
[!] CHANGES DETECTED. INITIATING GLOBAL NODE SYNC...
On branch main
Your branch is up to date with 'origin/main'.

Changes not staged for commit:
  (use "git add/rm <file>..." to update what will be committed)
  (use "git restore <file>..." to discard changes in working directory)
	modified:   ../.bash_history
	modified:   ../.cache/pip/http-v2/4/b/e/0/7/4be07d3ac353e38d2c9e3a257cad36ee2a758fc88b4cd5f0d479a5a9
	modified:   ../.cache/pip/http-v2/8/b/2/4/2/8b24226e2da88df4abeee0d8ca6bce79b19ca2bcd5f94b543939c66c
	modified:   ../.cache/pip/http-v2/8/b/2/4/2/8b24226e2da88df4abeee0d8ca6bce79b19ca2bcd5f94b543939c66c.body
	modified:   ../.gitconfig
	deleted:    ../financial_ledger.md
	modified:   ../servicing_manifest.md

Untracked files:
  (use "git add <file>..." to include in what will be committed)
	../.bashrc
	../.cache/pip/http-v2/0/4/
	../.cache/pip/http-v2/0/5/
	../.cache/pip/http-v2/0/a/
	../.cache/pip/http-v2/0/b/
	../.cache/pip/http-v2/0/d/
	../.cache/pip/http-v2/1/4/
	../.cache/pip/http-v2/1/6/
	../.cache/pip/http-v2/1/7/
	../.cache/pip/http-v2/1/8/
	../.cache/pip/http-v2/1/a/
	../.cache/pip/http-v2/1/f/
	../.cache/pip/http-v2/2/3/
	../.cache/pip/http-v2/2/5/
	../.cache/pip/http-v2/2/6/
	../.cache/pip/http-v2/2/7/
	../.cache/pip/http-v2/2/b/7/
	../.cache/pip/http-v2/2/b/c/
	../.cache/pip/http-v2/3/0/
	../.cache/pip/http-v2/3/1/
	../.cache/pip/http-v2/3/5/
	../.cache/pip/http-v2/3/7/
	../.cache/pip/http-v2/3/8/
	../.cache/pip/http-v2/3/d/
	../.cache/pip/http-v2/4/3/
	../.cache/pip/http-v2/4/4/
	../.cache/pip/http-v2/4/8/
	../.cache/pip/http-v2/4/f/
	../.cache/pip/http-v2/5/2/
	../.cache/pip/http-v2/5/6/
	../.cache/pip/http-v2/5/7/
	../.cache/pip/http-v2/5/a/
	../.cache/pip/http-v2/5/b/4/
	../.cache/pip/http-v2/5/c/
	../.cache/pip/http-v2/6/
	../.cache/pip/http-v2/7/4/
	../.cache/pip/http-v2/7/9/
	../.cache/pip/http-v2/7/e/
	../.cache/pip/http-v2/8/1/
	../.cache/pip/http-v2/8/6/
	../.cache/pip/http-v2/8/7/
	../.cache/pip/http-v2/8/8/7/
	../.cache/pip/http-v2/8/8/f/7/
	../.cache/pip/http-v2/8/9/
	../.cache/pip/http-v2/8/c/
	../.cache/pip/http-v2/8/d/7/
	../.cache/pip/http-v2/8/d/a/
	../.cache/pip/http-v2/8/e/
	../.cache/pip/http-v2/9/
	../.cache/pip/http-v2/a/0/
	../.cache/pip/http-v2/a/1/
	../.cache/pip/http-v2/a/2/
	../.cache/pip/http-v2/a/6/
	../.cache/pip/http-v2/a/7/
	../.cache/pip/http-v2/a/c/5/
	../.cache/pip/http-v2/b/
	../.cache/pip/http-v2/c/
	../.cache/pip/http-v2/d/
	../.cache/pip/http-v2/e/1/
	../.cache/pip/http-v2/e/2/
	../.cache/pip/http-v2/e/7/
	../.cache/pip/http-v2/e/c/
	../.cache/pip/http-v2/f/
	../.lesshst
	../EOF
	../GGTI_NODE/
	../GGTI_RECON/
	../downloads/

no changes added to commit (use "git add" and/or "git commit -a")
Everything up-to-date
[✔] GLOBAL NODE UPDATED.
[*] HEARTBEAT SYNC: 21:51:53 | LED: GREEN
[!] CHANGES DETECTED. INITIATING GLOBAL NODE SYNC...
On branch main
Your branch is up to date with 'origin/main'.

Changes not staged for commit:
  (use "git add/rm <file>..." to update what will be committed)
  (use "git restore <file>..." to discard changes in working directory)
	modified:   ../.bash_history
	modified:   ../.cache/pip/http-v2/4/b/e/0/7/4be07d3ac353e38d2c9e3a257cad36ee2a758fc88b4cd5f0d479a5a9
	modified:   ../.cache/pip/http-v2/8/b/2/4/2/8b24226e2da88df4abeee0d8ca6bce79b19ca2bcd5f94b543939c66c
	modified:   ../.cache/pip/http-v2/8/b/2/4/2/8b24226e2da88df4abeee0d8ca6bce79b19ca2bcd5f94b543939c66c.body
	modified:   ../.gitconfig
	deleted:    ../financial_ledger.md
	modified:   ../servicing_manifest.md

Untracked files:
  (use "git add <file>..." to include in what will be committed)
	../.bashrc
	../.cache/pip/http-v2/0/4/
	../.cache/pip/http-v2/0/5/
	../.cache/pip/http-v2/0/a/
	../.cache/pip/http-v2/0/b/
	../.cache/pip/http-v2/0/d/
	../.cache/pip/http-v2/1/4/
	../.cache/pip/http-v2/1/6/
	../.cache/pip/http-v2/1/7/
	../.cache/pip/http-v2/1/8/
	../.cache/pip/http-v2/1/a/
	../.cache/pip/http-v2/1/f/
	../.cache/pip/http-v2/2/3/
	../.cache/pip/http-v2/2/5/
	../.cache/pip/http-v2/2/6/
	../.cache/pip/http-v2/2/7/
	../.cache/pip/http-v2/2/b/7/
	../.cache/pip/http-v2/2/b/c/
	../.cache/pip/http-v2/3/0/
	../.cache/pip/http-v2/3/1/
	../.cache/pip/http-v2/3/5/
	../.cache/pip/http-v2/3/7/
	../.cache/pip/http-v2/3/8/
	../.cache/pip/http-v2/3/d/
	../.cache/pip/http-v2/4/3/
	../.cache/pip/http-v2/4/4/
	../.cache/pip/http-v2/4/8/
	../.cache/pip/http-v2/4/f/
	../.cache/pip/http-v2/5/2/
	../.cache/pip/http-v2/5/6/
	../.cache/pip/http-v2/5/7/
	../.cache/pip/http-v2/5/a/
	../.cache/pip/http-v2/5/b/4/
	../.cache/pip/http-v2/5/c/
	../.cache/pip/http-v2/6/
	../.cache/pip/http-v2/7/4/
	../.cache/pip/http-v2/7/9/
	../.cache/pip/http-v2/7/e/
	../.cache/pip/http-v2/8/1/
	../.cache/pip/http-v2/8/6/
	../.cache/pip/http-v2/8/7/
	../.cache/pip/http-v2/8/8/7/
	../.cache/pip/http-v2/8/8/f/7/
	../.cache/pip/http-v2/8/9/
	../.cache/pip/http-v2/8/c/
	../.cache/pip/http-v2/8/d/7/
	../.cache/pip/http-v2/8/d/a/
	../.cache/pip/http-v2/8/e/
	../.cache/pip/http-v2/9/
	../.cache/pip/http-v2/a/0/
	../.cache/pip/http-v2/a/1/
	../.cache/pip/http-v2/a/2/
	../.cache/pip/http-v2/a/6/
	../.cache/pip/http-v2/a/7/
	../.cache/pip/http-v2/a/c/5/
	../.cache/pip/http-v2/b/
	../.cache/pip/http-v2/c/
	../.cache/pip/http-v2/d/
	../.cache/pip/http-v2/e/1/
	../.cache/pip/http-v2/e/2/
	../.cache/pip/http-v2/e/7/
	../.cache/pip/http-v2/e/c/
	../.cache/pip/http-v2/f/
	../.lesshst
	../EOF
	../GGTI_NODE/
	../GGTI_RECON/
	../downloads/

no changes added to commit (use "git add" and/or "git commit -a")
Everything up-to-date
[✔] GLOBAL NODE UPDATED.
[*] HEARTBEAT SYNC: 21:52:03 | LED: GREEN
[!] CHANGES DETECTED. INITIATING GLOBAL NODE SYNC...
On branch main
Your branch is up to date with 'origin/main'.

Changes not staged for commit:
  (use "git add/rm <file>..." to update what will be committed)
  (use "git restore <file>..." to discard changes in working directory)
	modified:   ../.bash_history
	modified:   ../.cache/pip/http-v2/4/b/e/0/7/4be07d3ac353e38d2c9e3a257cad36ee2a758fc88b4cd5f0d479a5a9
	modified:   ../.cache/pip/http-v2/8/b/2/4/2/8b24226e2da88df4abeee0d8ca6bce79b19ca2bcd5f94b543939c66c
	modified:   ../.cache/pip/http-v2/8/b/2/4/2/8b24226e2da88df4abeee0d8ca6bce79b19ca2bcd5f94b543939c66c.body
	modified:   ../.gitconfig
	deleted:    ../financial_ledger.md
	modified:   ../servicing_manifest.md

Untracked files:
  (use "git add <file>..." to include in what will be committed)
	../.bashrc
	../.cache/pip/http-v2/0/4/
	../.cache/pip/http-v2/0/5/
	../.cache/pip/http-v2/0/a/
	../.cache/pip/http-v2/0/b/
	../.cache/pip/http-v2/0/d/
	../.cache/pip/http-v2/1/4/
	../.cache/pip/http-v2/1/6/
	../.cache/pip/http-v2/1/7/
	../.cache/pip/http-v2/1/8/
	../.cache/pip/http-v2/1/a/
	../.cache/pip/http-v2/1/f/
	../.cache/pip/http-v2/2/3/
	../.cache/pip/http-v2/2/5/
	../.cache/pip/http-v2/2/6/
	../.cache/pip/http-v2/2/7/
	../.cache/pip/http-v2/2/b/7/
	../.cache/pip/http-v2/2/b/c/
	../.cache/pip/http-v2/3/0/
	../.cache/pip/http-v2/3/1/
	../.cache/pip/http-v2/3/5/
	../.cache/pip/http-v2/3/7/
	../.cache/pip/http-v2/3/8/
	../.cache/pip/http-v2/3/d/
	../.cache/pip/http-v2/4/3/
	../.cache/pip/http-v2/4/4/
	../.cache/pip/http-v2/4/8/
	../.cache/pip/http-v2/4/f/
	../.cache/pip/http-v2/5/2/
	../.cache/pip/http-v2/5/6/
	../.cache/pip/http-v2/5/7/
	../.cache/pip/http-v2/5/a/
	../.cache/pip/http-v2/5/b/4/
	../.cache/pip/http-v2/5/c/
	../.cache/pip/http-v2/6/
	../.cache/pip/http-v2/7/4/
	../.cache/pip/http-v2/7/9/
	../.cache/pip/http-v2/7/e/
	../.cache/pip/http-v2/8/1/
	../.cache/pip/http-v2/8/6/
	../.cache/pip/http-v2/8/7/
	../.cache/pip/http-v2/8/8/7/
	../.cache/pip/http-v2/8/8/f/7/
	../.cache/pip/http-v2/8/9/
	../.cache/pip/http-v2/8/c/
	../.cache/pip/http-v2/8/d/7/
	../.cache/pip/http-v2/8/d/a/
	../.cache/pip/http-v2/8/e/
	../.cache/pip/http-v2/9/
	../.cache/pip/http-v2/a/0/
	../.cache/pip/http-v2/a/1/
	../.cache/pip/http-v2/a/2/
	../.cache/pip/http-v2/a/6/
	../.cache/pip/http-v2/a/7/
	../.cache/pip/http-v2/a/c/5/
	../.cache/pip/http-v2/b/
	../.cache/pip/http-v2/c/
	../.cache/pip/http-v2/d/
	../.cache/pip/http-v2/e/1/
	../.cache/pip/http-v2/e/2/
	../.cache/pip/http-v2/e/7/
	../.cache/pip/http-v2/e/c/
	../.cache/pip/http-v2/f/
	../.lesshst
	../EOF
	../GGTI_NODE/
	../GGTI_RECON/
	../downloads/

no changes added to commit (use "git add" and/or "git commit -a")
Everything up-to-date
[✔] GLOBAL NODE UPDATED.
[*] HEARTBEAT SYNC: 21:52:14 | LED: GREEN
[!] CHANGES DETECTED. INITIATING GLOBAL NODE SYNC...
On branch main
Your branch is up to date with 'origin/main'.

Changes not staged for commit:
  (use "git add/rm <file>..." to update what will be committed)
  (use "git restore <file>..." to discard changes in working directory)
	modified:   ../.bash_history
	modified:   ../.cache/pip/http-v2/4/b/e/0/7/4be07d3ac353e38d2c9e3a257cad36ee2a758fc88b4cd5f0d479a5a9
	modified:   ../.cache/pip/http-v2/8/b/2/4/2/8b24226e2da88df4abeee0d8ca6bce79b19ca2bcd5f94b543939c66c
	modified:   ../.cache/pip/http-v2/8/b/2/4/2/8b24226e2da88df4abeee0d8ca6bce79b19ca2bcd5f94b543939c66c.body
	modified:   ../.gitconfig
	deleted:    ../financial_ledger.md
	modified:   ../servicing_manifest.md

Untracked files:
  (use "git add <file>..." to include in what will be committed)
	../.bashrc
	../.cache/pip/http-v2/0/4/
	../.cache/pip/http-v2/0/5/
	../.cache/pip/http-v2/0/a/
	../.cache/pip/http-v2/0/b/
	../.cache/pip/http-v2/0/d/
	../.cache/pip/http-v2/1/4/
	../.cache/pip/http-v2/1/6/
	../.cache/pip/http-v2/1/7/
	../.cache/pip/http-v2/1/8/
	../.cache/pip/http-v2/1/a/
	../.cache/pip/http-v2/1/f/
	../.cache/pip/http-v2/2/3/
	../.cache/pip/http-v2/2/5/
	../.cache/pip/http-v2/2/6/
	../.cache/pip/http-v2/2/7/
	../.cache/pip/http-v2/2/b/7/
	../.cache/pip/http-v2/2/b/c/
	../.cache/pip/http-v2/3/0/
	../.cache/pip/http-v2/3/1/
	../.cache/pip/http-v2/3/5/
	../.cache/pip/http-v2/3/7/
	../.cache/pip/http-v2/3/8/
	../.cache/pip/http-v2/3/d/
	../.cache/pip/http-v2/4/3/
	../.cache/pip/http-v2/4/4/
	../.cache/pip/http-v2/4/8/
	../.cache/pip/http-v2/4/f/
	../.cache/pip/http-v2/5/2/
	../.cache/pip/http-v2/5/6/
	../.cache/pip/http-v2/5/7/
	../.cache/pip/http-v2/5/a/
	../.cache/pip/http-v2/5/b/4/
	../.cache/pip/http-v2/5/c/
	../.cache/pip/http-v2/6/
	../.cache/pip/http-v2/7/4/
	../.cache/pip/http-v2/7/9/
	../.cache/pip/http-v2/7/e/
	../.cache/pip/http-v2/8/1/
	../.cache/pip/http-v2/8/6/
	../.cache/pip/http-v2/8/7/
	../.cache/pip/http-v2/8/8/7/
	../.cache/pip/http-v2/8/8/f/7/
	../.cache/pip/http-v2/8/9/
	../.cache/pip/http-v2/8/c/
	../.cache/pip/http-v2/8/d/7/
	../.cache/pip/http-v2/8/d/a/
	../.cache/pip/http-v2/8/e/
	../.cache/pip/http-v2/9/
	../.cache/pip/http-v2/a/0/
	../.cache/pip/http-v2/a/1/
	../.cache/pip/http-v2/a/2/
	../.cache/pip/http-v2/a/6/
	../.cache/pip/http-v2/a/7/
	../.cache/pip/http-v2/a/c/5/
	../.cache/pip/http-v2/b/
	../.cache/pip/http-v2/c/
	../.cache/pip/http-v2/d/
	../.cache/pip/http-v2/e/1/
	../.cache/pip/http-v2/e/2/
	../.cache/pip/http-v2/e/7/
	../.cache/pip/http-v2/e/c/
	../.cache/pip/http-v2/f/
	../.lesshst
	../GGTI_NODE/
	../GGTI_RECON/
	../downloads/

no changes added to commit (use "git add" and/or "git commit -a")
Everything up-to-date
[✔] GLOBAL NODE UPDATED.
[*] HEARTBEAT SYNC: 21:52:24 | LED: GREEN
[!] CHANGES DETECTED. INITIATING GLOBAL NODE SYNC...
On branch main
Your branch is up to date with 'origin/main'.

Changes not staged for commit:
  (use "git add/rm <file>..." to update what will be committed)
  (use "git restore <file>..." to discard changes in working directory)
	modified:   ../.bash_history
	modified:   ../.cache/pip/http-v2/4/b/e/0/7/4be07d3ac353e38d2c9e3a257cad36ee2a758fc88b4cd5f0d479a5a9
	modified:   ../.cache/pip/http-v2/8/b/2/4/2/8b24226e2da88df4abeee0d8ca6bce79b19ca2bcd5f94b543939c66c
	modified:   ../.cache/pip/http-v2/8/b/2/4/2/8b24226e2da88df4abeee0d8ca6bce79b19ca2bcd5f94b543939c66c.body
	modified:   ../.gitconfig
	deleted:    ../financial_ledger.md
	modified:   ../servicing_manifest.md

Untracked files:
  (use "git add <file>..." to include in what will be committed)
	../.bashrc
	../.cache/pip/http-v2/0/4/
	../.cache/pip/http-v2/0/5/
	../.cache/pip/http-v2/0/a/
	../.cache/pip/http-v2/0/b/
	../.cache/pip/http-v2/0/d/
	../.cache/pip/http-v2/1/4/
	../.cache/pip/http-v2/1/6/
	../.cache/pip/http-v2/1/7/
	../.cache/pip/http-v2/1/8/
	../.cache/pip/http-v2/1/a/
	../.cache/pip/http-v2/1/f/
	../.cache/pip/http-v2/2/3/
	../.cache/pip/http-v2/2/5/
	../.cache/pip/http-v2/2/6/
	../.cache/pip/http-v2/2/7/
	../.cache/pip/http-v2/2/b/7/
	../.cache/pip/http-v2/2/b/c/
	../.cache/pip/http-v2/3/0/
	../.cache/pip/http-v2/3/1/
	../.cache/pip/http-v2/3/5/
	../.cache/pip/http-v2/3/7/
	../.cache/pip/http-v2/3/8/
	../.cache/pip/http-v2/3/d/
	../.cache/pip/http-v2/4/3/
	../.cache/pip/http-v2/4/4/
	../.cache/pip/http-v2/4/8/
	../.cache/pip/http-v2/4/f/
	../.cache/pip/http-v2/5/2/
	../.cache/pip/http-v2/5/6/
	../.cache/pip/http-v2/5/7/
	../.cache/pip/http-v2/5/a/
	../.cache/pip/http-v2/5/b/4/
	../.cache/pip/http-v2/5/c/
	../.cache/pip/http-v2/6/
	../.cache/pip/http-v2/7/4/
	../.cache/pip/http-v2/7/9/
	../.cache/pip/http-v2/7/e/
	../.cache/pip/http-v2/8/1/
	../.cache/pip/http-v2/8/6/
	../.cache/pip/http-v2/8/7/
	../.cache/pip/http-v2/8/8/7/
	../.cache/pip/http-v2/8/8/f/7/
	../.cache/pip/http-v2/8/9/
	../.cache/pip/http-v2/8/c/
	../.cache/pip/http-v2/8/d/7/
	../.cache/pip/http-v2/8/d/a/
	../.cache/pip/http-v2/8/e/
	../.cache/pip/http-v2/9/
	../.cache/pip/http-v2/a/0/
	../.cache/pip/http-v2/a/1/
	../.cache/pip/http-v2/a/2/
	../.cache/pip/http-v2/a/6/
	../.cache/pip/http-v2/a/7/
	../.cache/pip/http-v2/a/c/5/
	../.cache/pip/http-v2/b/
	../.cache/pip/http-v2/c/
	../.cache/pip/http-v2/d/
	../.cache/pip/http-v2/e/1/
	../.cache/pip/http-v2/e/2/
	../.cache/pip/http-v2/e/7/
	../.cache/pip/http-v2/e/c/
	../.cache/pip/http-v2/f/
	../.lesshst
	../GGTI_NODE/
	../GGTI_RECON/
	../downloads/

no changes added to commit (use "git add" and/or "git commit -a")
Everything up-to-date
[✔] GLOBAL NODE UPDATED.
[*] HEARTBEAT SYNC: 21:52:35 | LED: GREEN
[!] CHANGES DETECTED. INITIATING GLOBAL NODE SYNC...
On branch main
Your branch is up to date with 'origin/main'.

Changes not staged for commit:
  (use "git add/rm <file>..." to update what will be committed)
  (use "git restore <file>..." to discard changes in working directory)
	modified:   ../.bash_history
	modified:   ../.cache/pip/http-v2/4/b/e/0/7/4be07d3ac353e38d2c9e3a257cad36ee2a758fc88b4cd5f0d479a5a9
	modified:   ../.cache/pip/http-v2/8/b/2/4/2/8b24226e2da88df4abeee0d8ca6bce79b19ca2bcd5f94b543939c66c
	modified:   ../.cache/pip/http-v2/8/b/2/4/2/8b24226e2da88df4abeee0d8ca6bce79b19ca2bcd5f94b543939c66c.body
	modified:   ../.gitconfig
	deleted:    ../financial_ledger.md
	modified:   ../servicing_manifest.md

Untracked files:
  (use "git add <file>..." to include in what will be committed)
	../.bashrc
	../.cache/pip/http-v2/0/4/
	../.cache/pip/http-v2/0/5/
	../.cache/pip/http-v2/0/a/
	../.cache/pip/http-v2/0/b/
	../.cache/pip/http-v2/0/d/
	../.cache/pip/http-v2/1/4/
	../.cache/pip/http-v2/1/6/
	../.cache/pip/http-v2/1/7/
	../.cache/pip/http-v2/1/8/
	../.cache/pip/http-v2/1/a/
	../.cache/pip/http-v2/1/f/
	../.cache/pip/http-v2/2/3/
	../.cache/pip/http-v2/2/5/
	../.cache/pip/http-v2/2/6/
	../.cache/pip/http-v2/2/7/
	../.cache/pip/http-v2/2/b/7/
	../.cache/pip/http-v2/2/b/c/
	../.cache/pip/http-v2/3/0/
	../.cache/pip/http-v2/3/1/
	../.cache/pip/http-v2/3/5/
	../.cache/pip/http-v2/3/7/
	../.cache/pip/http-v2/3/8/
	../.cache/pip/http-v2/3/d/
	../.cache/pip/http-v2/4/3/
	../.cache/pip/http-v2/4/4/
	../.cache/pip/http-v2/4/8/
	../.cache/pip/http-v2/4/f/
	../.cache/pip/http-v2/5/2/
	../.cache/pip/http-v2/5/6/
	../.cache/pip/http-v2/5/7/
	../.cache/pip/http-v2/5/a/
	../.cache/pip/http-v2/5/b/4/
	../.cache/pip/http-v2/5/c/
	../.cache/pip/http-v2/6/
	../.cache/pip/http-v2/7/4/
	../.cache/pip/http-v2/7/9/
	../.cache/pip/http-v2/7/e/
	../.cache/pip/http-v2/8/1/
	../.cache/pip/http-v2/8/6/
	../.cache/pip/http-v2/8/7/
	../.cache/pip/http-v2/8/8/7/
	../.cache/pip/http-v2/8/8/f/7/
	../.cache/pip/http-v2/8/9/
	../.cache/pip/http-v2/8/c/
	../.cache/pip/http-v2/8/d/7/
	../.cache/pip/http-v2/8/d/a/
	../.cache/pip/http-v2/8/e/
	../.cache/pip/http-v2/9/
	../.cache/pip/http-v2/a/0/
	../.cache/pip/http-v2/a/1/
	../.cache/pip/http-v2/a/2/
	../.cache/pip/http-v2/a/6/
	../.cache/pip/http-v2/a/7/
	../.cache/pip/http-v2/a/c/5/
	../.cache/pip/http-v2/b/
	../.cache/pip/http-v2/c/
	../.cache/pip/http-v2/d/
	../.cache/pip/http-v2/e/1/
	../.cache/pip/http-v2/e/2/
	../.cache/pip/http-v2/e/7/
	../.cache/pip/http-v2/e/c/
	../.cache/pip/http-v2/f/
	../.lesshst
	../GGTI_NODE/
	../GGTI_RECON/
	../downloads/

no changes added to commit (use "git add" and/or "git commit -a")
Everything up-to-date
[✔] GLOBAL NODE UPDATED.
[*] HEARTBEAT SYNC: 21:52:45 | LED: GREEN
[!] CHANGES DETECTED. INITIATING GLOBAL NODE SYNC...
On branch main
Your branch is up to date with 'origin/main'.

Changes not staged for commit:
  (use "git add/rm <file>..." to update what will be committed)
  (use "git restore <file>..." to discard changes in working directory)
	modified:   ../.bash_history
	modified:   ../.cache/pip/http-v2/4/b/e/0/7/4be07d3ac353e38d2c9e3a257cad36ee2a758fc88b4cd5f0d479a5a9
	modified:   ../.cache/pip/http-v2/8/b/2/4/2/8b24226e2da88df4abeee0d8ca6bce79b19ca2bcd5f94b543939c66c
	modified:   ../.cache/pip/http-v2/8/b/2/4/2/8b24226e2da88df4abeee0d8ca6bce79b19ca2bcd5f94b543939c66c.body
	modified:   ../.gitconfig
	deleted:    ../financial_ledger.md
	modified:   ../servicing_manifest.md

Untracked files:
  (use "git add <file>..." to include in what will be committed)
	../.bashrc
	../.cache/pip/http-v2/0/4/
	../.cache/pip/http-v2/0/5/
	../.cache/pip/http-v2/0/a/
	../.cache/pip/http-v2/0/b/
	../.cache/pip/http-v2/0/d/
	../.cache/pip/http-v2/1/4/
	../.cache/pip/http-v2/1/6/
	../.cache/pip/http-v2/1/7/
	../.cache/pip/http-v2/1/8/
	../.cache/pip/http-v2/1/a/
	../.cache/pip/http-v2/1/f/
	../.cache/pip/http-v2/2/3/
	../.cache/pip/http-v2/2/5/
	../.cache/pip/http-v2/2/6/
	../.cache/pip/http-v2/2/7/
	../.cache/pip/http-v2/2/b/7/
	../.cache/pip/http-v2/2/b/c/
	../.cache/pip/http-v2/3/0/
	../.cache/pip/http-v2/3/1/
	../.cache/pip/http-v2/3/5/
	../.cache/pip/http-v2/3/7/
	../.cache/pip/http-v2/3/8/
	../.cache/pip/http-v2/3/d/
	../.cache/pip/http-v2/4/3/
	../.cache/pip/http-v2/4/4/
	../.cache/pip/http-v2/4/8/
	../.cache/pip/http-v2/4/f/
	../.cache/pip/http-v2/5/2/
	../.cache/pip/http-v2/5/6/
	../.cache/pip/http-v2/5/7/
	../.cache/pip/http-v2/5/a/
	../.cache/pip/http-v2/5/b/4/
	../.cache/pip/http-v2/5/c/
	../.cache/pip/http-v2/6/
	../.cache/pip/http-v2/7/4/
	../.cache/pip/http-v2/7/9/
	../.cache/pip/http-v2/7/e/
	../.cache/pip/http-v2/8/1/
	../.cache/pip/http-v2/8/6/
	../.cache/pip/http-v2/8/7/
	../.cache/pip/http-v2/8/8/7/
	../.cache/pip/http-v2/8/8/f/7/
	../.cache/pip/http-v2/8/9/
	../.cache/pip/http-v2/8/c/
	../.cache/pip/http-v2/8/d/7/
	../.cache/pip/http-v2/8/d/a/
	../.cache/pip/http-v2/8/e/
	../.cache/pip/http-v2/9/
	../.cache/pip/http-v2/a/0/
	../.cache/pip/http-v2/a/1/
	../.cache/pip/http-v2/a/2/
	../.cache/pip/http-v2/a/6/
	../.cache/pip/http-v2/a/7/
	../.cache/pip/http-v2/a/c/5/
	../.cache/pip/http-v2/b/
	../.cache/pip/http-v2/c/
	../.cache/pip/http-v2/d/
	../.cache/pip/http-v2/e/1/
	../.cache/pip/http-v2/e/2/
	../.cache/pip/http-v2/e/7/
	../.cache/pip/http-v2/e/c/
	../.cache/pip/http-v2/f/
	../.lesshst
	../GGTI_NODE/
	../GGTI_RECON/
	../downloads/

no changes added to commit (use "git add" and/or "git commit -a")
Everything up-to-date
[✔] GLOBAL NODE UPDATED.
[*] HEARTBEAT SYNC: 21:52:56 | LED: GREEN
[!] CHANGES DETECTED. INITIATING GLOBAL NODE SYNC...
On branch main
Your branch is up to date with 'origin/main'.

Changes not staged for commit:
  (use "git add/rm <file>..." to update what will be committed)
  (use "git restore <file>..." to discard changes in working directory)
	modified:   ../.bash_history
	modified:   ../.cache/pip/http-v2/4/b/e/0/7/4be07d3ac353e38d2c9e3a257cad36ee2a758fc88b4cd5f0d479a5a9
	modified:   ../.cache/pip/http-v2/8/b/2/4/2/8b24226e2da88df4abeee0d8ca6bce79b19ca2bcd5f94b543939c66c
	modified:   ../.cache/pip/http-v2/8/b/2/4/2/8b24226e2da88df4abeee0d8ca6bce79b19ca2bcd5f94b543939c66c.body
	modified:   ../.gitconfig
	deleted:    ../financial_ledger.md
	modified:   ../servicing_manifest.md

Untracked files:
  (use "git add <file>..." to include in what will be committed)
	../.bashrc
	../.cache/pip/http-v2/0/4/
	../.cache/pip/http-v2/0/5/
	../.cache/pip/http-v2/0/a/
	../.cache/pip/http-v2/0/b/
	../.cache/pip/http-v2/0/d/
	../.cache/pip/http-v2/1/4/
	../.cache/pip/http-v2/1/6/
	../.cache/pip/http-v2/1/7/
	../.cache/pip/http-v2/1/8/
	../.cache/pip/http-v2/1/a/
	../.cache/pip/http-v2/1/f/
	../.cache/pip/http-v2/2/3/
	../.cache/pip/http-v2/2/5/
	../.cache/pip/http-v2/2/6/
	../.cache/pip/http-v2/2/7/
	../.cache/pip/http-v2/2/b/7/
	../.cache/pip/http-v2/2/b/c/
	../.cache/pip/http-v2/3/0/
	../.cache/pip/http-v2/3/1/
	../.cache/pip/http-v2/3/5/
	../.cache/pip/http-v2/3/7/
	../.cache/pip/http-v2/3/8/
	../.cache/pip/http-v2/3/d/
	../.cache/pip/http-v2/4/3/
	../.cache/pip/http-v2/4/4/
	../.cache/pip/http-v2/4/8/
	../.cache/pip/http-v2/4/f/
	../.cache/pip/http-v2/5/2/
	../.cache/pip/http-v2/5/6/
	../.cache/pip/http-v2/5/7/
	../.cache/pip/http-v2/5/a/
	../.cache/pip/http-v2/5/b/4/
	../.cache/pip/http-v2/5/c/
	../.cache/pip/http-v2/6/
	../.cache/pip/http-v2/7/4/
	../.cache/pip/http-v2/7/9/
	../.cache/pip/http-v2/7/e/
	../.cache/pip/http-v2/8/1/
	../.cache/pip/http-v2/8/6/
	../.cache/pip/http-v2/8/7/
	../.cache/pip/http-v2/8/8/7/
	../.cache/pip/http-v2/8/8/f/7/
	../.cache/pip/http-v2/8/9/
	../.cache/pip/http-v2/8/c/
	../.cache/pip/http-v2/8/d/7/
	../.cache/pip/http-v2/8/d/a/
	../.cache/pip/http-v2/8/e/
	../.cache/pip/http-v2/9/
	../.cache/pip/http-v2/a/0/
	../.cache/pip/http-v2/a/1/
	../.cache/pip/http-v2/a/2/
	../.cache/pip/http-v2/a/6/
	../.cache/pip/http-v2/a/7/
	../.cache/pip/http-v2/a/c/5/
	../.cache/pip/http-v2/b/
	../.cache/pip/http-v2/c/
	../.cache/pip/http-v2/d/
	../.cache/pip/http-v2/e/1/
	../.cache/pip/http-v2/e/2/
	../.cache/pip/http-v2/e/7/
	../.cache/pip/http-v2/e/c/
	../.cache/pip/http-v2/f/
	../.lesshst
	../GGTI_NODE/
	../GGTI_RECON/
	../downloads/

no changes added to commit (use "git add" and/or "git commit -a")
Everything up-to-date
[✔] GLOBAL NODE UPDATED.
[*] HEARTBEAT SYNC: 21:53:06 | LED: GREEN
[!] CHANGES DETECTED. INITIATING GLOBAL NODE SYNC...
On branch main
Your branch is up to date with 'origin/main'.

Changes not staged for commit:
  (use "git add/rm <file>..." to update what will be committed)
  (use "git restore <file>..." to discard changes in working directory)
	modified:   ../.bash_history
	modified:   ../.cache/pip/http-v2/4/b/e/0/7/4be07d3ac353e38d2c9e3a257cad36ee2a758fc88b4cd5f0d479a5a9
	modified:   ../.cache/pip/http-v2/8/b/2/4/2/8b24226e2da88df4abeee0d8ca6bce79b19ca2bcd5f94b543939c66c
	modified:   ../.cache/pip/http-v2/8/b/2/4/2/8b24226e2da88df4abeee0d8ca6bce79b19ca2bcd5f94b543939c66c.body
	modified:   ../.gitconfig
	deleted:    ../financial_ledger.md
	modified:   ../servicing_manifest.md

Untracked files:
  (use "git add <file>..." to include in what will be committed)
	../.bashrc
	../.cache/pip/http-v2/0/4/
	../.cache/pip/http-v2/0/5/
	../.cache/pip/http-v2/0/a/
	../.cache/pip/http-v2/0/b/
	../.cache/pip/http-v2/0/d/
	../.cache/pip/http-v2/1/4/
	../.cache/pip/http-v2/1/6/
	../.cache/pip/http-v2/1/7/
	../.cache/pip/http-v2/1/8/
	../.cache/pip/http-v2/1/a/
	../.cache/pip/http-v2/1/f/
	../.cache/pip/http-v2/2/3/
	../.cache/pip/http-v2/2/5/
	../.cache/pip/http-v2/2/6/
	../.cache/pip/http-v2/2/7/
	../.cache/pip/http-v2/2/b/7/
	../.cache/pip/http-v2/2/b/c/
	../.cache/pip/http-v2/3/0/
	../.cache/pip/http-v2/3/1/
	../.cache/pip/http-v2/3/5/
	../.cache/pip/http-v2/3/7/
	../.cache/pip/http-v2/3/8/
	../.cache/pip/http-v2/3/d/
	../.cache/pip/http-v2/4/3/
	../.cache/pip/http-v2/4/4/
	../.cache/pip/http-v2/4/8/
	../.cache/pip/http-v2/4/f/
	../.cache/pip/http-v2/5/2/
	../.cache/pip/http-v2/5/6/
	../.cache/pip/http-v2/5/7/
	../.cache/pip/http-v2/5/a/
	../.cache/pip/http-v2/5/b/4/
	../.cache/pip/http-v2/5/c/
	../.cache/pip/http-v2/6/
	../.cache/pip/http-v2/7/4/
	../.cache/pip/http-v2/7/9/
	../.cache/pip/http-v2/7/e/
	../.cache/pip/http-v2/8/1/
	../.cache/pip/http-v2/8/6/
	../.cache/pip/http-v2/8/7/
	../.cache/pip/http-v2/8/8/7/
	../.cache/pip/http-v2/8/8/f/7/
	../.cache/pip/http-v2/8/9/
	../.cache/pip/http-v2/8/c/
	../.cache/pip/http-v2/8/d/7/
	../.cache/pip/http-v2/8/d/a/
	../.cache/pip/http-v2/8/e/
	../.cache/pip/http-v2/9/
	../.cache/pip/http-v2/a/0/
	../.cache/pip/http-v2/a/1/
	../.cache/pip/http-v2/a/2/
	../.cache/pip/http-v2/a/6/
	../.cache/pip/http-v2/a/7/
	../.cache/pip/http-v2/a/c/5/
	../.cache/pip/http-v2/b/
	../.cache/pip/http-v2/c/
	../.cache/pip/http-v2/d/
	../.cache/pip/http-v2/e/1/
	../.cache/pip/http-v2/e/2/
	../.cache/pip/http-v2/e/7/
	../.cache/pip/http-v2/e/c/
	../.cache/pip/http-v2/f/
	../.lesshst
	../GGTI_NODE/
	../GGTI_RECON/
	../downloads/

no changes added to commit (use "git add" and/or "git commit -a")
Everything up-to-date
[✔] GLOBAL NODE UPDATED.
[*] HEARTBEAT SYNC: 21:53:17 | LED: GREEN
[!] CHANGES DETECTED. INITIATING GLOBAL NODE SYNC...
On branch main
Your branch is up to date with 'origin/main'.

Changes not staged for commit:
  (use "git add/rm <file>..." to update what will be committed)
  (use "git restore <file>..." to discard changes in working directory)
	modified:   ../.bash_history
	modified:   ../.cache/pip/http-v2/4/b/e/0/7/4be07d3ac353e38d2c9e3a257cad36ee2a758fc88b4cd5f0d479a5a9
	modified:   ../.cache/pip/http-v2/8/b/2/4/2/8b24226e2da88df4abeee0d8ca6bce79b19ca2bcd5f94b543939c66c
	modified:   ../.cache/pip/http-v2/8/b/2/4/2/8b24226e2da88df4abeee0d8ca6bce79b19ca2bcd5f94b543939c66c.body
	modified:   ../.gitconfig
	deleted:    ../financial_ledger.md
	modified:   ../servicing_manifest.md

Untracked files:
  (use "git add <file>..." to include in what will be committed)
	../.bashrc
	../.cache/pip/http-v2/0/4/
	../.cache/pip/http-v2/0/5/
	../.cache/pip/http-v2/0/a/
	../.cache/pip/http-v2/0/b/
	../.cache/pip/http-v2/0/d/
	../.cache/pip/http-v2/1/4/
	../.cache/pip/http-v2/1/6/
	../.cache/pip/http-v2/1/7/
	../.cache/pip/http-v2/1/8/
	../.cache/pip/http-v2/1/a/
	../.cache/pip/http-v2/1/f/
	../.cache/pip/http-v2/2/3/
	../.cache/pip/http-v2/2/5/
	../.cache/pip/http-v2/2/6/
	../.cache/pip/http-v2/2/7/
	../.cache/pip/http-v2/2/b/7/
	../.cache/pip/http-v2/2/b/c/
	../.cache/pip/http-v2/3/0/
	../.cache/pip/http-v2/3/1/
	../.cache/pip/http-v2/3/5/
	../.cache/pip/http-v2/3/7/
	../.cache/pip/http-v2/3/8/
	../.cache/pip/http-v2/3/d/
	../.cache/pip/http-v2/4/3/
	../.cache/pip/http-v2/4/4/
	../.cache/pip/http-v2/4/8/
	../.cache/pip/http-v2/4/f/
	../.cache/pip/http-v2/5/2/
	../.cache/pip/http-v2/5/6/
	../.cache/pip/http-v2/5/7/
	../.cache/pip/http-v2/5/a/
	../.cache/pip/http-v2/5/b/4/
	../.cache/pip/http-v2/5/c/
	../.cache/pip/http-v2/6/
	../.cache/pip/http-v2/7/4/
	../.cache/pip/http-v2/7/9/
	../.cache/pip/http-v2/7/e/
	../.cache/pip/http-v2/8/1/
	../.cache/pip/http-v2/8/6/
	../.cache/pip/http-v2/8/7/
	../.cache/pip/http-v2/8/8/7/
	../.cache/pip/http-v2/8/8/f/7/
	../.cache/pip/http-v2/8/9/
	../.cache/pip/http-v2/8/c/
	../.cache/pip/http-v2/8/d/7/
	../.cache/pip/http-v2/8/d/a/
	../.cache/pip/http-v2/8/e/
	../.cache/pip/http-v2/9/
	../.cache/pip/http-v2/a/0/
	../.cache/pip/http-v2/a/1/
	../.cache/pip/http-v2/a/2/
	../.cache/pip/http-v2/a/6/
	../.cache/pip/http-v2/a/7/
	../.cache/pip/http-v2/a/c/5/
	../.cache/pip/http-v2/b/
	../.cache/pip/http-v2/c/
	../.cache/pip/http-v2/d/
	../.cache/pip/http-v2/e/1/
	../.cache/pip/http-v2/e/2/
	../.cache/pip/http-v2/e/7/
	../.cache/pip/http-v2/e/c/
	../.cache/pip/http-v2/f/
	../.lesshst
	../GGTI_NODE/
	../GGTI_RECON/
	../downloads/

no changes added to commit (use "git add" and/or "git commit -a")
Everything up-to-date
[✔] GLOBAL NODE UPDATED.
[*] HEARTBEAT SYNC: 21:53:28 | LED: GREEN
[!] CHANGES DETECTED. INITIATING GLOBAL NODE SYNC...
On branch main
Your branch is up to date with 'origin/main'.

Changes not staged for commit:
  (use "git add/rm <file>..." to update what will be committed)
  (use "git restore <file>..." to discard changes in working directory)
	modified:   ../.bash_history
	modified:   ../.cache/pip/http-v2/4/b/e/0/7/4be07d3ac353e38d2c9e3a257cad36ee2a758fc88b4cd5f0d479a5a9
	modified:   ../.cache/pip/http-v2/8/b/2/4/2/8b24226e2da88df4abeee0d8ca6bce79b19ca2bcd5f94b543939c66c
	modified:   ../.cache/pip/http-v2/8/b/2/4/2/8b24226e2da88df4abeee0d8ca6bce79b19ca2bcd5f94b543939c66c.body
	modified:   ../.gitconfig
	deleted:    ../financial_ledger.md
	modified:   ../servicing_manifest.md

Untracked files:
  (use "git add <file>..." to include in what will be committed)
	../.bashrc
	../.cache/pip/http-v2/0/4/
	../.cache/pip/http-v2/0/5/
	../.cache/pip/http-v2/0/a/
	../.cache/pip/http-v2/0/b/
	../.cache/pip/http-v2/0/d/
	../.cache/pip/http-v2/1/4/
	../.cache/pip/http-v2/1/6/
	../.cache/pip/http-v2/1/7/
	../.cache/pip/http-v2/1/8/
	../.cache/pip/http-v2/1/a/
	../.cache/pip/http-v2/1/f/
	../.cache/pip/http-v2/2/3/
	../.cache/pip/http-v2/2/5/
	../.cache/pip/http-v2/2/6/
	../.cache/pip/http-v2/2/7/
	../.cache/pip/http-v2/2/b/7/
	../.cache/pip/http-v2/2/b/c/
	../.cache/pip/http-v2/3/0/
	../.cache/pip/http-v2/3/1/
	../.cache/pip/http-v2/3/5/
	../.cache/pip/http-v2/3/7/
	../.cache/pip/http-v2/3/8/
	../.cache/pip/http-v2/3/d/
	../.cache/pip/http-v2/4/3/
	../.cache/pip/http-v2/4/4/
	../.cache/pip/http-v2/4/8/
	../.cache/pip/http-v2/4/f/
	../.cache/pip/http-v2/5/2/
	../.cache/pip/http-v2/5/6/
	../.cache/pip/http-v2/5/7/
	../.cache/pip/http-v2/5/a/
	../.cache/pip/http-v2/5/b/4/
	../.cache/pip/http-v2/5/c/
	../.cache/pip/http-v2/6/
	../.cache/pip/http-v2/7/4/
	../.cache/pip/http-v2/7/9/
	../.cache/pip/http-v2/7/e/
	../.cache/pip/http-v2/8/1/
	../.cache/pip/http-v2/8/6/
	../.cache/pip/http-v2/8/7/
	../.cache/pip/http-v2/8/8/7/
	../.cache/pip/http-v2/8/8/f/7/
	../.cache/pip/http-v2/8/9/
	../.cache/pip/http-v2/8/c/
	../.cache/pip/http-v2/8/d/7/
	../.cache/pip/http-v2/8/d/a/
	../.cache/pip/http-v2/8/e/
	../.cache/pip/http-v2/9/
	../.cache/pip/http-v2/a/0/
	../.cache/pip/http-v2/a/1/
	../.cache/pip/http-v2/a/2/
	../.cache/pip/http-v2/a/6/
	../.cache/pip/http-v2/a/7/
	../.cache/pip/http-v2/a/c/5/
	../.cache/pip/http-v2/b/
	../.cache/pip/http-v2/c/
	../.cache/pip/http-v2/d/
	../.cache/pip/http-v2/e/1/
	../.cache/pip/http-v2/e/2/
	../.cache/pip/http-v2/e/7/
	../.cache/pip/http-v2/e/c/
	../.cache/pip/http-v2/f/
	../.lesshst
	../GGTI_NODE/
	../GGTI_RECON/
	../downloads/

no changes added to commit (use "git add" and/or "git commit -a")
Everything up-to-date
[✔] GLOBAL NODE UPDATED.
[*] HEARTBEAT SYNC: 21:53:38 | LED: GREEN
[!] CHANGES DETECTED. INITIATING GLOBAL NODE SYNC...
fatal: Unable to create '/data/data/com.termux/files/home/.git/index.lock': File exists.

Another git process seems to be running in this repository, or the lock file may be stale
Everything up-to-date
[✔] GLOBAL NODE UPDATED.
[*] HEARTBEAT SYNC: 21:53:49 | LED: GREEN
[!] CHANGES DETECTED. INITIATING GLOBAL NODE SYNC...
On branch main
Your branch is up to date with 'origin/main'.

Changes not staged for commit:
  (use "git add/rm <file>..." to update what will be committed)
  (use "git restore <file>..." to discard changes in working directory)
	modified:   ../.bash_history
	modified:   ../.cache/pip/http-v2/4/b/e/0/7/4be07d3ac353e38d2c9e3a257cad36ee2a758fc88b4cd5f0d479a5a9
	modified:   ../.cache/pip/http-v2/8/b/2/4/2/8b24226e2da88df4abeee0d8ca6bce79b19ca2bcd5f94b543939c66c
	modified:   ../.cache/pip/http-v2/8/b/2/4/2/8b24226e2da88df4abeee0d8ca6bce79b19ca2bcd5f94b543939c66c.body
	modified:   ../.gitconfig
	deleted:    ../financial_ledger.md
	modified:   ../servicing_manifest.md

Untracked files:
  (use "git add <file>..." to include in what will be committed)
	../.bashrc
	../.cache/pip/http-v2/0/4/
	../.cache/pip/http-v2/0/5/
	../.cache/pip/http-v2/0/a/
	../.cache/pip/http-v2/0/b/
	../.cache/pip/http-v2/0/d/
	../.cache/pip/http-v2/1/4/
	../.cache/pip/http-v2/1/6/
	../.cache/pip/http-v2/1/7/
	../.cache/pip/http-v2/1/8/
	../.cache/pip/http-v2/1/a/
	../.cache/pip/http-v2/1/f/
	../.cache/pip/http-v2/2/3/
	../.cache/pip/http-v2/2/5/
	../.cache/pip/http-v2/2/6/
	../.cache/pip/http-v2/2/7/
	../.cache/pip/http-v2/2/b/7/
	../.cache/pip/http-v2/2/b/c/
	../.cache/pip/http-v2/3/0/
	../.cache/pip/http-v2/3/1/
	../.cache/pip/http-v2/3/5/
	../.cache/pip/http-v2/3/7/
	../.cache/pip/http-v2/3/8/
	../.cache/pip/http-v2/3/d/
	../.cache/pip/http-v2/4/3/
	../.cache/pip/http-v2/4/4/
	../.cache/pip/http-v2/4/8/
	../.cache/pip/http-v2/4/f/
	../.cache/pip/http-v2/5/2/
	../.cache/pip/http-v2/5/6/
	../.cache/pip/http-v2/5/7/
	../.cache/pip/http-v2/5/a/
	../.cache/pip/http-v2/5/b/4/
	../.cache/pip/http-v2/5/c/
	../.cache/pip/http-v2/6/
	../.cache/pip/http-v2/7/4/
	../.cache/pip/http-v2/7/9/
	../.cache/pip/http-v2/7/e/
	../.cache/pip/http-v2/8/1/
	../.cache/pip/http-v2/8/6/
	../.cache/pip/http-v2/8/7/
	../.cache/pip/http-v2/8/8/7/
	../.cache/pip/http-v2/8/8/f/7/
	../.cache/pip/http-v2/8/9/
	../.cache/pip/http-v2/8/c/
	../.cache/pip/http-v2/8/d/7/
	../.cache/pip/http-v2/8/d/a/
	../.cache/pip/http-v2/8/e/
	../.cache/pip/http-v2/9/
	../.cache/pip/http-v2/a/0/
	../.cache/pip/http-v2/a/1/
	../.cache/pip/http-v2/a/2/
	../.cache/pip/http-v2/a/6/
	../.cache/pip/http-v2/a/7/
	../.cache/pip/http-v2/a/c/5/
	../.cache/pip/http-v2/b/
	../.cache/pip/http-v2/c/
	../.cache/pip/http-v2/d/
	../.cache/pip/http-v2/e/1/
	../.cache/pip/http-v2/e/2/
	../.cache/pip/http-v2/e/7/
	../.cache/pip/http-v2/e/c/
	../.cache/pip/http-v2/f/
	../.lesshst
	../GGTI_NODE/
	../GGTI_RECON/
	../downloads/

no changes added to commit (use "git add" and/or "git commit -a")
Everything up-to-date
[✔] GLOBAL NODE UPDATED.
[*] HEARTBEAT SYNC: 21:53:59 | LED: GREEN
[!] CHANGES DETECTED. INITIATING GLOBAL NODE SYNC...
On branch main
Your branch is up to date with 'origin/main'.

Changes not staged for commit:
  (use "git add/rm <file>..." to update what will be committed)
  (use "git restore <file>..." to discard changes in working directory)
	modified:   ../.bash_history
	modified:   ../.cache/pip/http-v2/4/b/e/0/7/4be07d3ac353e38d2c9e3a257cad36ee2a758fc88b4cd5f0d479a5a9
	modified:   ../.cache/pip/http-v2/8/b/2/4/2/8b24226e2da88df4abeee0d8ca6bce79b19ca2bcd5f94b543939c66c
	modified:   ../.cache/pip/http-v2/8/b/2/4/2/8b24226e2da88df4abeee0d8ca6bce79b19ca2bcd5f94b543939c66c.body
	modified:   ../.gitconfig
	deleted:    ../financial_ledger.md
	modified:   ../servicing_manifest.md

Untracked files:
  (use "git add <file>..." to include in what will be committed)
	../.bashrc
	../.cache/pip/http-v2/0/4/
	../.cache/pip/http-v2/0/5/
	../.cache/pip/http-v2/0/a/
	../.cache/pip/http-v2/0/b/
	../.cache/pip/http-v2/0/d/
	../.cache/pip/http-v2/1/4/
	../.cache/pip/http-v2/1/6/
	../.cache/pip/http-v2/1/7/
	../.cache/pip/http-v2/1/8/
	../.cache/pip/http-v2/1/a/
	../.cache/pip/http-v2/1/f/
	../.cache/pip/http-v2/2/3/
	../.cache/pip/http-v2/2/5/
	../.cache/pip/http-v2/2/6/
	../.cache/pip/http-v2/2/7/
	../.cache/pip/http-v2/2/b/7/
	../.cache/pip/http-v2/2/b/c/
	../.cache/pip/http-v2/3/0/
	../.cache/pip/http-v2/3/1/
	../.cache/pip/http-v2/3/5/
	../.cache/pip/http-v2/3/7/
	../.cache/pip/http-v2/3/8/
	../.cache/pip/http-v2/3/d/
	../.cache/pip/http-v2/4/3/
	../.cache/pip/http-v2/4/4/
	../.cache/pip/http-v2/4/8/
	../.cache/pip/http-v2/4/f/
	../.cache/pip/http-v2/5/2/
	../.cache/pip/http-v2/5/6/
	../.cache/pip/http-v2/5/7/
	../.cache/pip/http-v2/5/a/
	../.cache/pip/http-v2/5/b/4/
	../.cache/pip/http-v2/5/c/
	../.cache/pip/http-v2/6/
	../.cache/pip/http-v2/7/4/
	../.cache/pip/http-v2/7/9/
	../.cache/pip/http-v2/7/e/
	../.cache/pip/http-v2/8/1/
	../.cache/pip/http-v2/8/6/
	../.cache/pip/http-v2/8/7/
	../.cache/pip/http-v2/8/8/7/
	../.cache/pip/http-v2/8/8/f/7/
	../.cache/pip/http-v2/8/9/
	../.cache/pip/http-v2/8/c/
	../.cache/pip/http-v2/8/d/7/
	../.cache/pip/http-v2/8/d/a/
	../.cache/pip/http-v2/8/e/
	../.cache/pip/http-v2/9/
	../.cache/pip/http-v2/a/0/
	../.cache/pip/http-v2/a/1/
	../.cache/pip/http-v2/a/2/
	../.cache/pip/http-v2/a/6/
	../.cache/pip/http-v2/a/7/
	../.cache/pip/http-v2/a/c/5/
	../.cache/pip/http-v2/b/
	../.cache/pip/http-v2/c/
	../.cache/pip/http-v2/d/
	../.cache/pip/http-v2/e/1/
	../.cache/pip/http-v2/e/2/
	../.cache/pip/http-v2/e/7/
	../.cache/pip/http-v2/e/c/
	../.cache/pip/http-v2/f/
	../.lesshst
	../GGTI_NODE/
	../GGTI_RECON/
	../downloads/

no changes added to commit (use "git add" and/or "git commit -a")
Everything up-to-date
[✔] GLOBAL NODE UPDATED.
[*] HEARTBEAT SYNC: 21:54:10 | LED: GREEN
[!] CHANGES DETECTED. INITIATING GLOBAL NODE SYNC...
fatal: Unable to create '/data/data/com.termux/files/home/.git/index.lock': File exists.

Another git process seems to be running in this repository, or the lock file may be stale
Everything up-to-date
[✔] GLOBAL NODE UPDATED.
[*] HEARTBEAT SYNC: 21:54:20 | LED: GREEN
[!] CHANGES DETECTED. INITIATING GLOBAL NODE SYNC...
On branch main
Your branch is up to date with 'origin/main'.

Changes not staged for commit:
  (use "git add/rm <file>..." to update what will be committed)
  (use "git restore <file>..." to discard changes in working directory)
	modified:   ../.bash_history
	modified:   ../.cache/pip/http-v2/4/b/e/0/7/4be07d3ac353e38d2c9e3a257cad36ee2a758fc88b4cd5f0d479a5a9
	modified:   ../.cache/pip/http-v2/8/b/2/4/2/8b24226e2da88df4abeee0d8ca6bce79b19ca2bcd5f94b543939c66c
	modified:   ../.cache/pip/http-v2/8/b/2/4/2/8b24226e2da88df4abeee0d8ca6bce79b19ca2bcd5f94b543939c66c.body
	modified:   ../.gitconfig
	deleted:    ../financial_ledger.md
	modified:   ../servicing_manifest.md

Untracked files:
  (use "git add <file>..." to include in what will be committed)
	../.bashrc
	../.cache/pip/http-v2/0/4/
	../.cache/pip/http-v2/0/5/
	../.cache/pip/http-v2/0/a/
	../.cache/pip/http-v2/0/b/
	../.cache/pip/http-v2/0/d/
	../.cache/pip/http-v2/1/4/
	../.cache/pip/http-v2/1/6/
	../.cache/pip/http-v2/1/7/
	../.cache/pip/http-v2/1/8/
	../.cache/pip/http-v2/1/a/
	../.cache/pip/http-v2/1/f/
	../.cache/pip/http-v2/2/3/
	../.cache/pip/http-v2/2/5/
	../.cache/pip/http-v2/2/6/
	../.cache/pip/http-v2/2/7/
	../.cache/pip/http-v2/2/b/7/
	../.cache/pip/http-v2/2/b/c/
	../.cache/pip/http-v2/3/0/
	../.cache/pip/http-v2/3/1/
	../.cache/pip/http-v2/3/5/
	../.cache/pip/http-v2/3/7/
	../.cache/pip/http-v2/3/8/
	../.cache/pip/http-v2/3/d/
	../.cache/pip/http-v2/4/3/
	../.cache/pip/http-v2/4/4/
	../.cache/pip/http-v2/4/8/
	../.cache/pip/http-v2/4/f/
	../.cache/pip/http-v2/5/2/
	../.cache/pip/http-v2/5/6/
	../.cache/pip/http-v2/5/7/
	../.cache/pip/http-v2/5/a/
	../.cache/pip/http-v2/5/b/4/
	../.cache/pip/http-v2/5/c/
	../.cache/pip/http-v2/6/
	../.cache/pip/http-v2/7/4/
	../.cache/pip/http-v2/7/9/
	../.cache/pip/http-v2/7/e/
	../.cache/pip/http-v2/8/1/
	../.cache/pip/http-v2/8/6/
	../.cache/pip/http-v2/8/7/
	../.cache/pip/http-v2/8/8/7/
	../.cache/pip/http-v2/8/8/f/7/
	../.cache/pip/http-v2/8/9/
	../.cache/pip/http-v2/8/c/
	../.cache/pip/http-v2/8/d/7/
	../.cache/pip/http-v2/8/d/a/
	../.cache/pip/http-v2/8/e/
	../.cache/pip/http-v2/9/
	../.cache/pip/http-v2/a/0/
	../.cache/pip/http-v2/a/1/
	../.cache/pip/http-v2/a/2/
	../.cache/pip/http-v2/a/6/
	../.cache/pip/http-v2/a/7/
	../.cache/pip/http-v2/a/c/5/
	../.cache/pip/http-v2/b/
	../.cache/pip/http-v2/c/
	../.cache/pip/http-v2/d/
	../.cache/pip/http-v2/e/1/
	../.cache/pip/http-v2/e/2/
	../.cache/pip/http-v2/e/7/
	../.cache/pip/http-v2/e/c/
	../.cache/pip/http-v2/f/
	../.lesshst
	../GGTI_NODE/
	../GGTI_RECON/
	../downloads/

no changes added to commit (use "git add" and/or "git commit -a")
Everything up-to-date
[✔] GLOBAL NODE UPDATED.
[*] HEARTBEAT SYNC: 21:54:31 | LED: GREEN
[!] CHANGES DETECTED. INITIATING GLOBAL NODE SYNC...
On branch main
Your branch is up to date with 'origin/main'.

Changes not staged for commit:
  (use "git add/rm <file>..." to update what will be committed)
  (use "git restore <file>..." to discard changes in working directory)
	modified:   ../.bash_history
	modified:   ../.cache/pip/http-v2/4/b/e/0/7/4be07d3ac353e38d2c9e3a257cad36ee2a758fc88b4cd5f0d479a5a9
	modified:   ../.cache/pip/http-v2/8/b/2/4/2/8b24226e2da88df4abeee0d8ca6bce79b19ca2bcd5f94b543939c66c
	modified:   ../.cache/pip/http-v2/8/b/2/4/2/8b24226e2da88df4abeee0d8ca6bce79b19ca2bcd5f94b543939c66c.body
	modified:   ../.gitconfig
	deleted:    ../financial_ledger.md
	modified:   ../servicing_manifest.md

Untracked files:
  (use "git add <file>..." to include in what will be committed)
	../.bashrc
	../.cache/pip/http-v2/0/4/
	../.cache/pip/http-v2/0/5/
	../.cache/pip/http-v2/0/a/
	../.cache/pip/http-v2/0/b/
	../.cache/pip/http-v2/0/d/
	../.cache/pip/http-v2/1/4/
	../.cache/pip/http-v2/1/6/
	../.cache/pip/http-v2/1/7/
	../.cache/pip/http-v2/1/8/
	../.cache/pip/http-v2/1/a/
	../.cache/pip/http-v2/1/f/
	../.cache/pip/http-v2/2/3/
	../.cache/pip/http-v2/2/5/
	../.cache/pip/http-v2/2/6/
	../.cache/pip/http-v2/2/7/
	../.cache/pip/http-v2/2/b/7/
	../.cache/pip/http-v2/2/b/c/
	../.cache/pip/http-v2/3/0/
	../.cache/pip/http-v2/3/1/
	../.cache/pip/http-v2/3/5/
	../.cache/pip/http-v2/3/7/
	../.cache/pip/http-v2/3/8/
	../.cache/pip/http-v2/3/d/
	../.cache/pip/http-v2/4/3/
	../.cache/pip/http-v2/4/4/
	../.cache/pip/http-v2/4/8/
	../.cache/pip/http-v2/4/f/
	../.cache/pip/http-v2/5/2/
	../.cache/pip/http-v2/5/6/
	../.cache/pip/http-v2/5/7/
	../.cache/pip/http-v2/5/a/
	../.cache/pip/http-v2/5/b/4/
	../.cache/pip/http-v2/5/c/
	../.cache/pip/http-v2/6/
	../.cache/pip/http-v2/7/4/
	../.cache/pip/http-v2/7/9/
	../.cache/pip/http-v2/7/e/
	../.cache/pip/http-v2/8/1/
	../.cache/pip/http-v2/8/6/
	../.cache/pip/http-v2/8/7/
	../.cache/pip/http-v2/8/8/7/
	../.cache/pip/http-v2/8/8/f/7/
	../.cache/pip/http-v2/8/9/
	../.cache/pip/http-v2/8/c/
	../.cache/pip/http-v2/8/d/7/
	../.cache/pip/http-v2/8/d/a/
	../.cache/pip/http-v2/8/e/
	../.cache/pip/http-v2/9/
	../.cache/pip/http-v2/a/0/
	../.cache/pip/http-v2/a/1/
	../.cache/pip/http-v2/a/2/
	../.cache/pip/http-v2/a/6/
	../.cache/pip/http-v2/a/7/
	../.cache/pip/http-v2/a/c/5/
	../.cache/pip/http-v2/b/
	../.cache/pip/http-v2/c/
	../.cache/pip/http-v2/d/
	../.cache/pip/http-v2/e/1/
	../.cache/pip/http-v2/e/2/
	../.cache/pip/http-v2/e/7/
	../.cache/pip/http-v2/e/c/
	../.cache/pip/http-v2/f/
	../.lesshst
	../GGTI_NODE/
	../GGTI_RECON/
	../downloads/

no changes added to commit (use "git add" and/or "git commit -a")
Everything up-to-date
[✔] GLOBAL NODE UPDATED.
[*] HEARTBEAT SYNC: 21:54:41 | LED: GREEN
[!] CHANGES DETECTED. INITIATING GLOBAL NODE SYNC...
On branch main
Your branch is up to date with 'origin/main'.

Changes not staged for commit:
  (use "git add/rm <file>..." to update what will be committed)
  (use "git restore <file>..." to discard changes in working directory)
	modified:   ../.bash_history
	modified:   ../.cache/pip/http-v2/4/b/e/0/7/4be07d3ac353e38d2c9e3a257cad36ee2a758fc88b4cd5f0d479a5a9
	modified:   ../.cache/pip/http-v2/8/b/2/4/2/8b24226e2da88df4abeee0d8ca6bce79b19ca2bcd5f94b543939c66c
	modified:   ../.cache/pip/http-v2/8/b/2/4/2/8b24226e2da88df4abeee0d8ca6bce79b19ca2bcd5f94b543939c66c.body
	modified:   ../.gitconfig
	deleted:    ../financial_ledger.md
	modified:   ../servicing_manifest.md

Untracked files:
  (use "git add <file>..." to include in what will be committed)
	../.bashrc
	../.cache/pip/http-v2/0/4/
	../.cache/pip/http-v2/0/5/
	../.cache/pip/http-v2/0/a/
	../.cache/pip/http-v2/0/b/
	../.cache/pip/http-v2/0/d/
	../.cache/pip/http-v2/1/4/
	../.cache/pip/http-v2/1/6/
	../.cache/pip/http-v2/1/7/
	../.cache/pip/http-v2/1/8/
	../.cache/pip/http-v2/1/a/
	../.cache/pip/http-v2/1/f/
	../.cache/pip/http-v2/2/3/
	../.cache/pip/http-v2/2/5/
	../.cache/pip/http-v2/2/6/
	../.cache/pip/http-v2/2/7/
	../.cache/pip/http-v2/2/b/7/
	../.cache/pip/http-v2/2/b/c/
	../.cache/pip/http-v2/3/0/
	../.cache/pip/http-v2/3/1/
	../.cache/pip/http-v2/3/5/
	../.cache/pip/http-v2/3/7/
	../.cache/pip/http-v2/3/8/
	../.cache/pip/http-v2/3/d/
	../.cache/pip/http-v2/4/3/
	../.cache/pip/http-v2/4/4/
	../.cache/pip/http-v2/4/8/
	../.cache/pip/http-v2/4/f/
	../.cache/pip/http-v2/5/2/
	../.cache/pip/http-v2/5/6/
	../.cache/pip/http-v2/5/7/
	../.cache/pip/http-v2/5/a/
	../.cache/pip/http-v2/5/b/4/
	../.cache/pip/http-v2/5/c/
	../.cache/pip/http-v2/6/
	../.cache/pip/http-v2/7/4/
	../.cache/pip/http-v2/7/9/
	../.cache/pip/http-v2/7/e/
	../.cache/pip/http-v2/8/1/
	../.cache/pip/http-v2/8/6/
	../.cache/pip/http-v2/8/7/
	../.cache/pip/http-v2/8/8/7/
	../.cache/pip/http-v2/8/8/f/7/
	../.cache/pip/http-v2/8/9/
	../.cache/pip/http-v2/8/c/
	../.cache/pip/http-v2/8/d/7/
	../.cache/pip/http-v2/8/d/a/
	../.cache/pip/http-v2/8/e/
	../.cache/pip/http-v2/9/
	../.cache/pip/http-v2/a/0/
	../.cache/pip/http-v2/a/1/
	../.cache/pip/http-v2/a/2/
	../.cache/pip/http-v2/a/6/
	../.cache/pip/http-v2/a/7/
	../.cache/pip/http-v2/a/c/5/
	../.cache/pip/http-v2/b/
	../.cache/pip/http-v2/c/
	../.cache/pip/http-v2/d/
	../.cache/pip/http-v2/e/1/
	../.cache/pip/http-v2/e/2/
	../.cache/pip/http-v2/e/7/
	../.cache/pip/http-v2/e/c/
	../.cache/pip/http-v2/f/
	../.lesshst
	../GGTI_NODE/
	../GGTI_RECON/
	../downloads/

no changes added to commit (use "git add" and/or "git commit -a")
Everything up-to-date
[✔] GLOBAL NODE UPDATED.
[*] HEARTBEAT SYNC: 21:54:52 | LED: GREEN
[!] CHANGES DETECTED. INITIATING GLOBAL NODE SYNC...
On branch main
Your branch is up to date with 'origin/main'.

Changes not staged for commit:
  (use "git add/rm <file>..." to update what will be committed)
  (use "git restore <file>..." to discard changes in working directory)
	modified:   ../.bash_history
	modified:   ../.cache/pip/http-v2/4/b/e/0/7/4be07d3ac353e38d2c9e3a257cad36ee2a758fc88b4cd5f0d479a5a9
	modified:   ../.cache/pip/http-v2/8/b/2/4/2/8b24226e2da88df4abeee0d8ca6bce79b19ca2bcd5f94b543939c66c
	modified:   ../.cache/pip/http-v2/8/b/2/4/2/8b24226e2da88df4abeee0d8ca6bce79b19ca2bcd5f94b543939c66c.body
	modified:   ../.gitconfig
	deleted:    ../financial_ledger.md
	modified:   ../servicing_manifest.md

Untracked files:
  (use "git add <file>..." to include in what will be committed)
	../.bashrc
	../.cache/pip/http-v2/0/4/
	../.cache/pip/http-v2/0/5/
	../.cache/pip/http-v2/0/a/
	../.cache/pip/http-v2/0/b/
	../.cache/pip/http-v2/0/d/
	../.cache/pip/http-v2/1/4/
	../.cache/pip/http-v2/1/6/
	../.cache/pip/http-v2/1/7/
	../.cache/pip/http-v2/1/8/
	../.cache/pip/http-v2/1/a/
	../.cache/pip/http-v2/1/f/
	../.cache/pip/http-v2/2/3/
	../.cache/pip/http-v2/2/5/
	../.cache/pip/http-v2/2/6/
	../.cache/pip/http-v2/2/7/
	../.cache/pip/http-v2/2/b/7/
	../.cache/pip/http-v2/2/b/c/
	../.cache/pip/http-v2/3/0/
	../.cache/pip/http-v2/3/1/
	../.cache/pip/http-v2/3/5/
	../.cache/pip/http-v2/3/7/
	../.cache/pip/http-v2/3/8/
	../.cache/pip/http-v2/3/d/
	../.cache/pip/http-v2/4/3/
	../.cache/pip/http-v2/4/4/
	../.cache/pip/http-v2/4/8/
	../.cache/pip/http-v2/4/f/
	../.cache/pip/http-v2/5/2/
	../.cache/pip/http-v2/5/6/
	../.cache/pip/http-v2/5/7/
	../.cache/pip/http-v2/5/a/
	../.cache/pip/http-v2/5/b/4/
	../.cache/pip/http-v2/5/c/
	../.cache/pip/http-v2/6/
	../.cache/pip/http-v2/7/4/
	../.cache/pip/http-v2/7/9/
	../.cache/pip/http-v2/7/e/
	../.cache/pip/http-v2/8/1/
	../.cache/pip/http-v2/8/6/
	../.cache/pip/http-v2/8/7/
	../.cache/pip/http-v2/8/8/7/
	../.cache/pip/http-v2/8/8/f/7/
	../.cache/pip/http-v2/8/9/
	../.cache/pip/http-v2/8/c/
	../.cache/pip/http-v2/8/d/7/
	../.cache/pip/http-v2/8/d/a/
	../.cache/pip/http-v2/8/e/
	../.cache/pip/http-v2/9/
	../.cache/pip/http-v2/a/0/
	../.cache/pip/http-v2/a/1/
	../.cache/pip/http-v2/a/2/
	../.cache/pip/http-v2/a/6/
	../.cache/pip/http-v2/a/7/
	../.cache/pip/http-v2/a/c/5/
	../.cache/pip/http-v2/b/
	../.cache/pip/http-v2/c/
	../.cache/pip/http-v2/d/
	../.cache/pip/http-v2/e/1/
	../.cache/pip/http-v2/e/2/
	../.cache/pip/http-v2/e/7/
	../.cache/pip/http-v2/e/c/
	../.cache/pip/http-v2/f/
	../.lesshst
	../GGTI_NODE/
	../GGTI_RECON/
	../downloads/

no changes added to commit (use "git add" and/or "git commit -a")
Everything up-to-date
[✔] GLOBAL NODE UPDATED.
[*] HEARTBEAT SYNC: 21:55:02 | LED: GREEN
[!] CHANGES DETECTED. INITIATING GLOBAL NODE SYNC...
On branch main
Your branch is up to date with 'origin/main'.

Changes not staged for commit:
  (use "git add/rm <file>..." to update what will be committed)
  (use "git restore <file>..." to discard changes in working directory)
	modified:   ../.bash_history
	modified:   ../.cache/pip/http-v2/4/b/e/0/7/4be07d3ac353e38d2c9e3a257cad36ee2a758fc88b4cd5f0d479a5a9
	modified:   ../.cache/pip/http-v2/8/b/2/4/2/8b24226e2da88df4abeee0d8ca6bce79b19ca2bcd5f94b543939c66c
	modified:   ../.cache/pip/http-v2/8/b/2/4/2/8b24226e2da88df4abeee0d8ca6bce79b19ca2bcd5f94b543939c66c.body
	modified:   ../.gitconfig
	deleted:    ../financial_ledger.md
	modified:   ../servicing_manifest.md

Untracked files:
  (use "git add <file>..." to include in what will be committed)
	../.bashrc
	../.cache/pip/http-v2/0/4/
	../.cache/pip/http-v2/0/5/
	../.cache/pip/http-v2/0/a/
	../.cache/pip/http-v2/0/b/
	../.cache/pip/http-v2/0/d/
	../.cache/pip/http-v2/1/4/
	../.cache/pip/http-v2/1/6/
	../.cache/pip/http-v2/1/7/
	../.cache/pip/http-v2/1/8/
	../.cache/pip/http-v2/1/a/
	../.cache/pip/http-v2/1/f/
	../.cache/pip/http-v2/2/3/
	../.cache/pip/http-v2/2/5/
	../.cache/pip/http-v2/2/6/
	../.cache/pip/http-v2/2/7/
	../.cache/pip/http-v2/2/b/7/
	../.cache/pip/http-v2/2/b/c/
	../.cache/pip/http-v2/3/0/
	../.cache/pip/http-v2/3/1/
	../.cache/pip/http-v2/3/5/
	../.cache/pip/http-v2/3/7/
	../.cache/pip/http-v2/3/8/
	../.cache/pip/http-v2/3/d/
	../.cache/pip/http-v2/4/3/
	../.cache/pip/http-v2/4/4/
	../.cache/pip/http-v2/4/8/
	../.cache/pip/http-v2/4/f/
	../.cache/pip/http-v2/5/2/
	../.cache/pip/http-v2/5/6/
	../.cache/pip/http-v2/5/7/
	../.cache/pip/http-v2/5/a/
	../.cache/pip/http-v2/5/b/4/
	../.cache/pip/http-v2/5/c/
	../.cache/pip/http-v2/6/
	../.cache/pip/http-v2/7/4/
	../.cache/pip/http-v2/7/9/
	../.cache/pip/http-v2/7/e/
	../.cache/pip/http-v2/8/1/
	../.cache/pip/http-v2/8/6/
	../.cache/pip/http-v2/8/7/
	../.cache/pip/http-v2/8/8/7/
	../.cache/pip/http-v2/8/8/f/7/
	../.cache/pip/http-v2/8/9/
	../.cache/pip/http-v2/8/c/
	../.cache/pip/http-v2/8/d/7/
	../.cache/pip/http-v2/8/d/a/
	../.cache/pip/http-v2/8/e/
	../.cache/pip/http-v2/9/
	../.cache/pip/http-v2/a/0/
	../.cache/pip/http-v2/a/1/
	../.cache/pip/http-v2/a/2/
	../.cache/pip/http-v2/a/6/
	../.cache/pip/http-v2/a/7/
	../.cache/pip/http-v2/a/c/5/
	../.cache/pip/http-v2/b/
	../.cache/pip/http-v2/c/
	../.cache/pip/http-v2/d/
	../.cache/pip/http-v2/e/1/
	../.cache/pip/http-v2/e/2/
	../.cache/pip/http-v2/e/7/
	../.cache/pip/http-v2/e/c/
	../.cache/pip/http-v2/f/
	../.lesshst
	../GGTI_NODE/
	../GGTI_RECON/
	../downloads/

no changes added to commit (use "git add" and/or "git commit -a")
Everything up-to-date
[✔] GLOBAL NODE UPDATED.
[*] HEARTBEAT SYNC: 21:55:13 | LED: GREEN
[!] CHANGES DETECTED. INITIATING GLOBAL NODE SYNC...
fatal: Unable to create '/data/data/com.termux/files/home/.git/index.lock': File exists.

Another git process seems to be running in this repository, or the lock file may be stale
On branch main
Your branch is up to date with 'origin/main'.

Changes not staged for commit:
  (use "git add/rm <file>..." to update what will be committed)
  (use "git restore <file>..." to discard changes in working directory)
	modified:   ../.bash_history
	modified:   ../.cache/pip/http-v2/4/b/e/0/7/4be07d3ac353e38d2c9e3a257cad36ee2a758fc88b4cd5f0d479a5a9
	modified:   ../.cache/pip/http-v2/8/b/2/4/2/8b24226e2da88df4abeee0d8ca6bce79b19ca2bcd5f94b543939c66c
	modified:   ../.cache/pip/http-v2/8/b/2/4/2/8b24226e2da88df4abeee0d8ca6bce79b19ca2bcd5f94b543939c66c.body
	modified:   ../.gitconfig
	deleted:    ../financial_ledger.md
	modified:   ../servicing_manifest.md

Untracked files:
  (use "git add <file>..." to include in what will be committed)
	../.bashrc
	../.cache/pip/http-v2/0/4/
	../.cache/pip/http-v2/0/5/
	../.cache/pip/http-v2/0/a/
	../.cache/pip/http-v2/0/b/
	../.cache/pip/http-v2/0/d/
	../.cache/pip/http-v2/1/4/
	../.cache/pip/http-v2/1/6/
	../.cache/pip/http-v2/1/7/
	../.cache/pip/http-v2/1/8/
	../.cache/pip/http-v2/1/a/
	../.cache/pip/http-v2/1/f/
	../.cache/pip/http-v2/2/3/
	../.cache/pip/http-v2/2/5/
	../.cache/pip/http-v2/2/6/
	../.cache/pip/http-v2/2/7/
	../.cache/pip/http-v2/2/b/7/
	../.cache/pip/http-v2/2/b/c/
	../.cache/pip/http-v2/3/0/
	../.cache/pip/http-v2/3/1/
	../.cache/pip/http-v2/3/5/
	../.cache/pip/http-v2/3/7/
	../.cache/pip/http-v2/3/8/
	../.cache/pip/http-v2/3/d/
	../.cache/pip/http-v2/4/3/
	../.cache/pip/http-v2/4/4/
	../.cache/pip/http-v2/4/8/
	../.cache/pip/http-v2/4/f/
	../.cache/pip/http-v2/5/2/
	../.cache/pip/http-v2/5/6/
	../.cache/pip/http-v2/5/7/
	../.cache/pip/http-v2/5/a/
	../.cache/pip/http-v2/5/b/4/
	../.cache/pip/http-v2/5/c/
	../.cache/pip/http-v2/6/
	../.cache/pip/http-v2/7/4/
	../.cache/pip/http-v2/7/9/
	../.cache/pip/http-v2/7/e/
	../.cache/pip/http-v2/8/1/
	../.cache/pip/http-v2/8/6/
	../.cache/pip/http-v2/8/7/
	../.cache/pip/http-v2/8/8/7/
	../.cache/pip/http-v2/8/8/f/7/
	../.cache/pip/http-v2/8/9/
	../.cache/pip/http-v2/8/c/
	../.cache/pip/http-v2/8/d/7/
	../.cache/pip/http-v2/8/d/a/
	../.cache/pip/http-v2/8/e/
	../.cache/pip/http-v2/9/
	../.cache/pip/http-v2/a/0/
	../.cache/pip/http-v2/a/1/
	../.cache/pip/http-v2/a/2/
	../.cache/pip/http-v2/a/6/
	../.cache/pip/http-v2/a/7/
	../.cache/pip/http-v2/a/c/5/
	../.cache/pip/http-v2/b/
	../.cache/pip/http-v2/c/
	../.cache/pip/http-v2/d/
	../.cache/pip/http-v2/e/1/
	../.cache/pip/http-v2/e/2/
	../.cache/pip/http-v2/e/7/
	../.cache/pip/http-v2/e/c/
	../.cache/pip/http-v2/f/
	../.lesshst
	../GGTI_NODE/
	../GGTI_RECON/
	../downloads/

no changes added to commit (use "git add" and/or "git commit -a")
Everything up-to-date
[✔] GLOBAL NODE UPDATED.
[*] HEARTBEAT SYNC: 21:55:23 | LED: GREEN
[!] CHANGES DETECTED. INITIATING GLOBAL NODE SYNC...
On branch main
Your branch is up to date with 'origin/main'.

Changes not staged for commit:
  (use "git add/rm <file>..." to update what will be committed)
  (use "git restore <file>..." to discard changes in working directory)
	modified:   ../.bash_history
	modified:   ../.cache/pip/http-v2/4/b/e/0/7/4be07d3ac353e38d2c9e3a257cad36ee2a758fc88b4cd5f0d479a5a9
	modified:   ../.cache/pip/http-v2/8/b/2/4/2/8b24226e2da88df4abeee0d8ca6bce79b19ca2bcd5f94b543939c66c
	modified:   ../.cache/pip/http-v2/8/b/2/4/2/8b24226e2da88df4abeee0d8ca6bce79b19ca2bcd5f94b543939c66c.body
	modified:   ../.gitconfig
	deleted:    ../financial_ledger.md
	modified:   ../servicing_manifest.md

Untracked files:
  (use "git add <file>..." to include in what will be committed)
	../.bashrc
	../.cache/pip/http-v2/0/4/
	../.cache/pip/http-v2/0/5/
	../.cache/pip/http-v2/0/a/
	../.cache/pip/http-v2/0/b/
	../.cache/pip/http-v2/0/d/
	../.cache/pip/http-v2/1/4/
	../.cache/pip/http-v2/1/6/
	../.cache/pip/http-v2/1/7/
	../.cache/pip/http-v2/1/8/
	../.cache/pip/http-v2/1/a/
	../.cache/pip/http-v2/1/f/
	../.cache/pip/http-v2/2/3/
	../.cache/pip/http-v2/2/5/
	../.cache/pip/http-v2/2/6/
	../.cache/pip/http-v2/2/7/
	../.cache/pip/http-v2/2/b/7/
	../.cache/pip/http-v2/2/b/c/
	../.cache/pip/http-v2/3/0/
	../.cache/pip/http-v2/3/1/
	../.cache/pip/http-v2/3/5/
	../.cache/pip/http-v2/3/7/
	../.cache/pip/http-v2/3/8/
	../.cache/pip/http-v2/3/d/
	../.cache/pip/http-v2/4/3/
	../.cache/pip/http-v2/4/4/
	../.cache/pip/http-v2/4/8/
	../.cache/pip/http-v2/4/f/
	../.cache/pip/http-v2/5/2/
	../.cache/pip/http-v2/5/6/
	../.cache/pip/http-v2/5/7/
	../.cache/pip/http-v2/5/a/
	../.cache/pip/http-v2/5/b/4/
	../.cache/pip/http-v2/5/c/
	../.cache/pip/http-v2/6/
	../.cache/pip/http-v2/7/4/
	../.cache/pip/http-v2/7/9/
	../.cache/pip/http-v2/7/e/
	../.cache/pip/http-v2/8/1/
	../.cache/pip/http-v2/8/6/
	../.cache/pip/http-v2/8/7/
	../.cache/pip/http-v2/8/8/7/
	../.cache/pip/http-v2/8/8/f/7/
	../.cache/pip/http-v2/8/9/
	../.cache/pip/http-v2/8/c/
	../.cache/pip/http-v2/8/d/7/
	../.cache/pip/http-v2/8/d/a/
	../.cache/pip/http-v2/8/e/
	../.cache/pip/http-v2/9/
	../.cache/pip/http-v2/a/0/
	../.cache/pip/http-v2/a/1/
	../.cache/pip/http-v2/a/2/
	../.cache/pip/http-v2/a/6/
	../.cache/pip/http-v2/a/7/
	../.cache/pip/http-v2/a/c/5/
	../.cache/pip/http-v2/b/
	../.cache/pip/http-v2/c/
	../.cache/pip/http-v2/d/
	../.cache/pip/http-v2/e/1/
	../.cache/pip/http-v2/e/2/
	../.cache/pip/http-v2/e/7/
	../.cache/pip/http-v2/e/c/
	../.cache/pip/http-v2/f/
	../.lesshst
	../GGTI_NODE/
	../GGTI_RECON/
	../downloads/

no changes added to commit (use "git add" and/or "git commit -a")
Everything up-to-date
[✔] GLOBAL NODE UPDATED.
[*] HEARTBEAT SYNC: 21:55:34 | LED: GREEN
[!] CHANGES DETECTED. INITIATING GLOBAL NODE SYNC...
On branch main
Your branch is up to date with 'origin/main'.

Changes not staged for commit:
  (use "git add/rm <file>..." to update what will be committed)
  (use "git restore <file>..." to discard changes in working directory)
	modified:   ../.bash_history
	modified:   ../.cache/pip/http-v2/4/b/e/0/7/4be07d3ac353e38d2c9e3a257cad36ee2a758fc88b4cd5f0d479a5a9
	modified:   ../.cache/pip/http-v2/8/b/2/4/2/8b24226e2da88df4abeee0d8ca6bce79b19ca2bcd5f94b543939c66c
	modified:   ../.cache/pip/http-v2/8/b/2/4/2/8b24226e2da88df4abeee0d8ca6bce79b19ca2bcd5f94b543939c66c.body
	modified:   ../.gitconfig
	deleted:    ../financial_ledger.md
	modified:   ../servicing_manifest.md

Untracked files:
  (use "git add <file>..." to include in what will be committed)
	../.bashrc
	../.cache/pip/http-v2/0/4/
	../.cache/pip/http-v2/0/5/
	../.cache/pip/http-v2/0/a/
	../.cache/pip/http-v2/0/b/
	../.cache/pip/http-v2/0/d/
	../.cache/pip/http-v2/1/4/
	../.cache/pip/http-v2/1/6/
	../.cache/pip/http-v2/1/7/
	../.cache/pip/http-v2/1/8/
	../.cache/pip/http-v2/1/a/
	../.cache/pip/http-v2/1/f/
	../.cache/pip/http-v2/2/3/
	../.cache/pip/http-v2/2/5/
	../.cache/pip/http-v2/2/6/
	../.cache/pip/http-v2/2/7/
	../.cache/pip/http-v2/2/b/7/
	../.cache/pip/http-v2/2/b/c/
	../.cache/pip/http-v2/3/0/
	../.cache/pip/http-v2/3/1/
	../.cache/pip/http-v2/3/5/
	../.cache/pip/http-v2/3/7/
	../.cache/pip/http-v2/3/8/
	../.cache/pip/http-v2/3/d/
	../.cache/pip/http-v2/4/3/
	../.cache/pip/http-v2/4/4/
	../.cache/pip/http-v2/4/8/
	../.cache/pip/http-v2/4/f/
	../.cache/pip/http-v2/5/2/
	../.cache/pip/http-v2/5/6/
	../.cache/pip/http-v2/5/7/
	../.cache/pip/http-v2/5/a/
	../.cache/pip/http-v2/5/b/4/
	../.cache/pip/http-v2/5/c/
	../.cache/pip/http-v2/6/
	../.cache/pip/http-v2/7/4/
	../.cache/pip/http-v2/7/9/
	../.cache/pip/http-v2/7/e/
	../.cache/pip/http-v2/8/1/
	../.cache/pip/http-v2/8/6/
	../.cache/pip/http-v2/8/7/
	../.cache/pip/http-v2/8/8/7/
	../.cache/pip/http-v2/8/8/f/7/
	../.cache/pip/http-v2/8/9/
	../.cache/pip/http-v2/8/c/
	../.cache/pip/http-v2/8/d/7/
	../.cache/pip/http-v2/8/d/a/
	../.cache/pip/http-v2/8/e/
	../.cache/pip/http-v2/9/
	../.cache/pip/http-v2/a/0/
	../.cache/pip/http-v2/a/1/
	../.cache/pip/http-v2/a/2/
	../.cache/pip/http-v2/a/6/
	../.cache/pip/http-v2/a/7/
	../.cache/pip/http-v2/a/c/5/
	../.cache/pip/http-v2/b/
	../.cache/pip/http-v2/c/
	../.cache/pip/http-v2/d/
	../.cache/pip/http-v2/e/1/
	../.cache/pip/http-v2/e/2/
	../.cache/pip/http-v2/e/7/
	../.cache/pip/http-v2/e/c/
	../.cache/pip/http-v2/f/
	../.lesshst
	../GGTI_NODE/
	../GGTI_RECON/
	../downloads/

no changes added to commit (use "git add" and/or "git commit -a")
Everything up-to-date
[✔] GLOBAL NODE UPDATED.
[*] HEARTBEAT SYNC: 21:55:44 | LED: GREEN
[*] HEARTBEAT SYNC: 21:55:54 | LED: GREEN
[*] HEARTBEAT SYNC: 21:56:04 | LED: GREEN
[*] HEARTBEAT SYNC: 21:56:14 | LED: GREEN
[*] HEARTBEAT SYNC: 21:56:24 | LED: GREEN
[*] HEARTBEAT SYNC: 21:56:34 | LED: GREEN
[*] HEARTBEAT SYNC: 21:56:45 | LED: GREEN
[*] HEARTBEAT SYNC: 21:56:55 | LED: GREEN
[*] HEARTBEAT SYNC: 21:57:05 | LED: GREEN
[*] HEARTBEAT SYNC: 21:57:15 | LED: GREEN
[*] HEARTBEAT SYNC: 21:57:25 | LED: GREEN
[*] HEARTBEAT SYNC: 21:57:35 | LED: GREEN
[*] HEARTBEAT SYNC: 21:57:45 | LED: GREEN
[*] HEARTBEAT SYNC: 21:57:55 | LED: GREEN
[*] HEARTBEAT SYNC: 21:58:05 | LED: GREEN
[*] HEARTBEAT SYNC: 21:58:15 | LED: GREEN
[*] HEARTBEAT SYNC: 21:58:25 | LED: GREEN
[*] HEARTBEAT SYNC: 21:58:35 | LED: GREEN
[*] HEARTBEAT SYNC: 21:58:45 | LED: GREEN
[*] HEARTBEAT SYNC: 21:58:56 | LED: GREEN
[*] HEARTBEAT SYNC: 21:59:06 | LED: GREEN
[*] HEARTBEAT SYNC: 21:59:16 | LED: GREEN
[*] HEARTBEAT SYNC: 21:59:26 | LED: GREEN
[*] HEARTBEAT SYNC: 21:59:36 | LED: GREEN
[*] HEARTBEAT SYNC: 21:59:46 | LED: GREEN
[*] HEARTBEAT SYNC: 21:59:56 | LED: GREEN
[*] HEARTBEAT SYNC: 22:00:06 | LED: GREEN
[*] HEARTBEAT SYNC: 22:00:16 | LED: GREEN
[*] HEARTBEAT SYNC: 22:00:26 | LED: GREEN
[*] HEARTBEAT SYNC: 22:00:37 | LED: GREEN
[*] HEARTBEAT SYNC: 22:00:47 | LED: GREEN
[*] HEARTBEAT SYNC: 22:00:57 | LED: GREEN
[*] HEARTBEAT SYNC: 22:01:07 | LED: GREEN
[*] HEARTBEAT SYNC: 22:01:17 | LED: GREEN
[*] HEARTBEAT SYNC: 22:01:27 | LED: GREEN
[*] HEARTBEAT SYNC: 22:01:37 | LED: GREEN
[*] HEARTBEAT SYNC: 22:01:47 | LED: GREEN
[*] HEARTBEAT SYNC: 22:01:57 | LED: GREEN
[*] HEARTBEAT SYNC: 22:02:07 | LED: GREEN
[*] HEARTBEAT SYNC: 22:02:17 | LED: GREEN
[*] HEARTBEAT SYNC: 22:02:27 | LED: GREEN
[*] HEARTBEAT SYNC: 22:02:37 | LED: GREEN
[*] HEARTBEAT SYNC: 22:02:47 | LED: GREEN
[*] HEARTBEAT SYNC: 22:02:57 | LED: GREEN
[*] HEARTBEAT SYNC: 22:03:07 | LED: GREEN
[*] HEARTBEAT SYNC: 22:03:17 | LED: GREEN
[*] HEARTBEAT SYNC: 22:03:27 | LED: GREEN
[*] HEARTBEAT SYNC: 22:03:37 | LED: GREEN
[*] HEARTBEAT SYNC: 22:03:47 | LED: GREEN
[*] HEARTBEAT SYNC: 22:03:57 | LED: GREEN
[*] HEARTBEAT SYNC: 22:04:08 | LED: GREEN
[*] HEARTBEAT SYNC: 22:04:18 | LED: GREEN
[*] HEARTBEAT SYNC: 22:04:28 | LED: GREEN
[*] HEARTBEAT SYNC: 22:04:38 | LED: GREEN
[*] HEARTBEAT SYNC: 22:04:48 | LED: GREEN
[*] HEARTBEAT SYNC: 22:04:58 | LED: GREEN
[*] HEARTBEAT SYNC: 22:05:08 | LED: GREEN
[*] HEARTBEAT SYNC: 22:05:18 | LED: GREEN
[*] HEARTBEAT SYNC: 22:05:28 | LED: GREEN
[*] HEARTBEAT SYNC: 22:05:38 | LED: GREEN
[*] HEARTBEAT SYNC: 22:05:48 | LED: GREEN
[*] HEARTBEAT SYNC: 22:05:58 | LED: GREEN
[*] HEARTBEAT SYNC: 22:06:08 | LED: GREEN
[*] HEARTBEAT SYNC: 22:06:18 | LED: GREEN
[*] HEARTBEAT SYNC: 22:07:16 | LED: GREEN
[*] HEARTBEAT SYNC: 22:15:33 | LED: GREEN
[*] HEARTBEAT SYNC: 22:22:18 | LED: GREEN
[*] HEARTBEAT SYNC: 22:22:28 | LED: GREEN
[*] HEARTBEAT SYNC: 22:22:39 | LED: GREEN
[*] HEARTBEAT SYNC: 22:22:49 | LED: GREEN
[*] HEARTBEAT SYNC: 22:22:59 | LED: GREEN
[*] HEARTBEAT SYNC: 22:23:09 | LED: GREEN
[*] HEARTBEAT SYNC: 22:23:19 | LED: GREEN
[*] HEARTBEAT SYNC: 22:23:29 | LED: GREEN
[*] HEARTBEAT SYNC: 22:23:39 | LED: GREEN
[*] HEARTBEAT SYNC: 22:23:49 | LED: GREEN
[*] HEARTBEAT SYNC: 22:23:59 | LED: GREEN
[*] HEARTBEAT SYNC: 22:24:09 | LED: GREEN
[*] HEARTBEAT SYNC: 22:24:19 | LED: GREEN
[*] HEARTBEAT SYNC: 22:24:30 | LED: GREEN
[*] HEARTBEAT SYNC: 22:24:40 | LED: GREEN
[*] HEARTBEAT SYNC: 22:24:50 | LED: GREEN
[*] HEARTBEAT SYNC: 22:25:00 | LED: GREEN
[*] HEARTBEAT SYNC: 22:25:10 | LED: GREEN
[*] HEARTBEAT SYNC: 22:25:20 | LED: GREEN
[*] HEARTBEAT SYNC: 22:25:30 | LED: GREEN
[*] HEARTBEAT SYNC: 22:25:40 | LED: GREEN
[*] HEARTBEAT SYNC: 22:25:50 | LED: GREEN
[*] HEARTBEAT SYNC: 22:26:00 | LED: GREEN
[*] HEARTBEAT SYNC: 22:26:10 | LED: GREEN
[*] HEARTBEAT SYNC: 22:26:20 | LED: GREEN
[*] HEARTBEAT SYNC: 22:26:30 | LED: GREEN
[*] HEARTBEAT SYNC: 22:26:41 | LED: GREEN
[*] HEARTBEAT SYNC: 22:26:51 | LED: GREEN
[*] HEARTBEAT SYNC: 22:27:01 | LED: GREEN
[*] HEARTBEAT SYNC: 22:27:11 | LED: GREEN
[*] HEARTBEAT SYNC: 22:27:21 | LED: GREEN
[*] HEARTBEAT SYNC: 22:27:31 | LED: GREEN
[*] HEARTBEAT SYNC: 22:27:41 | LED: GREEN
[*] HEARTBEAT SYNC: 22:27:51 | LED: GREEN
[*] HEARTBEAT SYNC: 22:28:01 | LED: GREEN
[*] HEARTBEAT SYNC: 22:28:11 | LED: GREEN
[*] HEARTBEAT SYNC: 22:28:21 | LED: GREEN
[*] HEARTBEAT SYNC: 22:28:31 | LED: GREEN
[*] HEARTBEAT SYNC: 22:28:41 | LED: GREEN
[*] HEARTBEAT SYNC: 22:28:52 | LED: GREEN
[*] HEARTBEAT SYNC: 22:29:02 | LED: GREEN
[*] HEARTBEAT SYNC: 22:29:12 | LED: GREEN
[*] HEARTBEAT SYNC: 22:29:22 | LED: GREEN
[*] HEARTBEAT SYNC: 22:29:32 | LED: GREEN
[*] HEARTBEAT SYNC: 22:29:42 | LED: GREEN
[*] HEARTBEAT SYNC: 22:29:52 | LED: GREEN
[*] HEARTBEAT SYNC: 22:30:02 | LED: GREEN
[*] HEARTBEAT SYNC: 22:30:12 | LED: GREEN
[*] HEARTBEAT SYNC: 22:30:22 | LED: GREEN
[*] HEARTBEAT SYNC: 22:30:32 | LED: GREEN
[*] HEARTBEAT SYNC: 22:30:42 | LED: GREEN
[*] HEARTBEAT SYNC: 22:30:52 | LED: GREEN
[*] HEARTBEAT SYNC: 22:31:02 | LED: GREEN
[*] HEARTBEAT SYNC: 22:31:12 | LED: GREEN
[*] HEARTBEAT SYNC: 22:31:22 | LED: GREEN
[*] HEARTBEAT SYNC: 22:31:32 | LED: GREEN
[*] HEARTBEAT SYNC: 22:31:43 | LED: GREEN
[*] HEARTBEAT SYNC: 22:31:53 | LED: GREEN
[*] HEARTBEAT SYNC: 22:32:03 | LED: GREEN
[*] HEARTBEAT SYNC: 22:32:13 | LED: GREEN
[*] HEARTBEAT SYNC: 22:32:23 | LED: GREEN
[*] HEARTBEAT SYNC: 22:32:33 | LED: GREEN
[*] HEARTBEAT SYNC: 22:32:43 | LED: GREEN
[*] HEARTBEAT SYNC: 22:32:53 | LED: GREEN
[*] HEARTBEAT SYNC: 22:33:03 | LED: GREEN
[*] HEARTBEAT SYNC: 22:33:13 | LED: GREEN
[*] HEARTBEAT SYNC: 22:33:23 | LED: GREEN
[*] HEARTBEAT SYNC: 22:33:33 | LED: GREEN
[*] HEARTBEAT SYNC: 22:33:43 | LED: GREEN
[*] HEARTBEAT SYNC: 22:33:53 | LED: GREEN
[*] HEARTBEAT SYNC: 22:34:03 | LED: GREEN
[*] HEARTBEAT SYNC: 22:34:13 | LED: GREEN
[*] HEARTBEAT SYNC: 22:34:23 | LED: GREEN
[*] HEARTBEAT SYNC: 22:34:34 | LED: GREEN
[*] HEARTBEAT SYNC: 22:34:44 | LED: GREEN
[*] HEARTBEAT SYNC: 22:34:54 | LED: GREEN
[*] HEARTBEAT SYNC: 22:35:04 | LED: GREEN
[*] HEARTBEAT SYNC: 22:35:14 | LED: GREEN
[*] HEARTBEAT SYNC: 22:35:24 | LED: GREEN
[*] HEARTBEAT SYNC: 22:35:34 | LED: GREEN
[*] HEARTBEAT SYNC: 22:35:44 | LED: GREEN
[*] HEARTBEAT SYNC: 22:35:54 | LED: GREEN
[*] HEARTBEAT SYNC: 22:36:04 | LED: GREEN
[*] HEARTBEAT SYNC: 22:36:14 | LED: GREEN
[*] HEARTBEAT SYNC: 22:36:24 | LED: GREEN
[*] HEARTBEAT SYNC: 22:36:34 | LED: GREEN
[*] HEARTBEAT SYNC: 22:36:45 | LED: GREEN
[*] HEARTBEAT SYNC: 22:36:55 | LED: GREEN
[*] HEARTBEAT SYNC: 22:37:05 | LED: GREEN
[*] HEARTBEAT SYNC: 22:37:15 | LED: GREEN
[*] HEARTBEAT SYNC: 22:37:25 | LED: GREEN
[*] HEARTBEAT SYNC: 22:37:35 | LED: GREEN
[*] HEARTBEAT SYNC: 22:37:45 | LED: GREEN
[*] HEARTBEAT SYNC: 22:37:55 | LED: GREEN
[*] HEARTBEAT SYNC: 22:38:05 | LED: GREEN
[*] HEARTBEAT SYNC: 22:38:16 | LED: GREEN
[*] HEARTBEAT SYNC: 22:38:26 | LED: GREEN
[*] HEARTBEAT SYNC: 22:38:36 | LED: GREEN
[*] HEARTBEAT SYNC: 22:38:46 | LED: GREEN
[*] HEARTBEAT SYNC: 22:38:56 | LED: GREEN
[*] HEARTBEAT SYNC: 22:39:06 | LED: GREEN
[*] HEARTBEAT SYNC: 22:39:16 | LED: GREEN
[*] HEARTBEAT SYNC: 22:39:26 | LED: GREEN
[*] HEARTBEAT SYNC: 22:39:36 | LED: GREEN
[*] HEARTBEAT SYNC: 22:39:46 | LED: GREEN
[*] HEARTBEAT SYNC: 22:39:56 | LED: GREEN
[*] HEARTBEAT SYNC: 22:40:06 | LED: GREEN
[*] HEARTBEAT SYNC: 22:40:16 | LED: GREEN
[*] HEARTBEAT SYNC: 22:40:26 | LED: GREEN
[*] HEARTBEAT SYNC: 22:40:36 | LED: GREEN
[*] HEARTBEAT SYNC: 22:40:46 | LED: GREEN
[*] HEARTBEAT SYNC: 22:40:56 | LED: GREEN
[*] HEARTBEAT SYNC: 22:41:06 | LED: GREEN
[*] HEARTBEAT SYNC: 22:41:16 | LED: GREEN
[*] HEARTBEAT SYNC: 22:41:26 | LED: GREEN
[*] HEARTBEAT SYNC: 22:41:36 | LED: GREEN
[*] HEARTBEAT SYNC: 22:41:46 | LED: GREEN
[*] HEARTBEAT SYNC: 22:41:56 | LED: GREEN
[*] HEARTBEAT SYNC: 22:42:07 | LED: GREEN
[*] HEARTBEAT SYNC: 22:42:17 | LED: GREEN
[*] HEARTBEAT SYNC: 22:42:27 | LED: GREEN
[*] HEARTBEAT SYNC: 22:42:37 | LED: GREEN
[*] HEARTBEAT SYNC: 22:42:47 | LED: GREEN
[*] HEARTBEAT SYNC: 22:42:57 | LED: GREEN
[*] HEARTBEAT SYNC: 22:43:07 | LED: GREEN
[*] HEARTBEAT SYNC: 22:43:17 | LED: GREEN
[*] HEARTBEAT SYNC: 22:43:27 | LED: GREEN
[*] HEARTBEAT SYNC: 22:43:37 | LED: GREEN
[*] HEARTBEAT SYNC: 22:43:47 | LED: GREEN
[*] HEARTBEAT SYNC: 22:43:57 | LED: GREEN
[*] HEARTBEAT SYNC: 22:44:07 | LED: GREEN
[*] HEARTBEAT SYNC: 22:44:17 | LED: GREEN
[*] HEARTBEAT SYNC: 22:44:27 | LED: GREEN
[*] HEARTBEAT SYNC: 22:44:37 | LED: GREEN
[*] HEARTBEAT SYNC: 22:44:47 | LED: GREEN
[*] HEARTBEAT SYNC: 22:44:57 | LED: GREEN
[*] HEARTBEAT SYNC: 22:45:08 | LED: GREEN
[*] HEARTBEAT SYNC: 22:45:18 | LED: GREEN
[*] HEARTBEAT SYNC: 22:45:28 | LED: GREEN
[*] HEARTBEAT SYNC: 22:45:38 | LED: GREEN
[*] HEARTBEAT SYNC: 22:45:48 | LED: GREEN
[*] HEARTBEAT SYNC: 22:45:58 | LED: GREEN
[*] HEARTBEAT SYNC: 22:46:08 | LED: GREEN
[*] HEARTBEAT SYNC: 22:46:18 | LED: GREEN
[*] HEARTBEAT SYNC: 22:46:28 | LED: GREEN
[*] HEARTBEAT SYNC: 22:46:38 | LED: GREEN
[*] HEARTBEAT SYNC: 22:46:48 | LED: GREEN
[*] HEARTBEAT SYNC: 22:46:58 | LED: GREEN
[*] HEARTBEAT SYNC: 22:47:08 | LED: GREEN
[*] HEARTBEAT SYNC: 22:47:18 | LED: GREEN
[*] HEARTBEAT SYNC: 22:47:28 | LED: GREEN
[*] HEARTBEAT SYNC: 22:47:38 | LED: GREEN
[*] HEARTBEAT SYNC: 22:47:48 | LED: GREEN
[*] HEARTBEAT SYNC: 22:47:58 | LED: GREEN
[*] HEARTBEAT SYNC: 22:48:08 | LED: GREEN
[*] HEARTBEAT SYNC: 22:48:18 | LED: GREEN
[*] HEARTBEAT SYNC: 22:48:28 | LED: GREEN
[*] HEARTBEAT SYNC: 22:48:38 | LED: GREEN
[*] HEARTBEAT SYNC: 22:48:48 | LED: GREEN
[*] HEARTBEAT SYNC: 22:48:58 | LED: GREEN
[*] HEARTBEAT SYNC: 22:49:09 | LED: GREEN
[*] HEARTBEAT SYNC: 22:49:19 | LED: GREEN
[*] HEARTBEAT SYNC: 22:49:29 | LED: GREEN
[*] HEARTBEAT SYNC: 22:49:39 | LED: GREEN
[*] HEARTBEAT SYNC: 22:49:49 | LED: GREEN
[*] HEARTBEAT SYNC: 22:49:59 | LED: GREEN
[*] HEARTBEAT SYNC: 22:50:09 | LED: GREEN
[*] HEARTBEAT SYNC: 22:50:19 | LED: GREEN
[*] HEARTBEAT SYNC: 22:50:29 | LED: GREEN
[*] HEARTBEAT SYNC: 22:50:39 | LED: GREEN
[*] HEARTBEAT SYNC: 22:50:49 | LED: GREEN
[*] HEARTBEAT SYNC: 22:50:59 | LED: GREEN
[*] HEARTBEAT SYNC: 22:51:09 | LED: GREEN
[*] HEARTBEAT SYNC: 22:51:19 | LED: GREEN
[*] HEARTBEAT SYNC: 22:51:29 | LED: GREEN
[*] HEARTBEAT SYNC: 22:51:39 | LED: GREEN
[*] HEARTBEAT SYNC: 22:51:49 | LED: GREEN
[*] HEARTBEAT SYNC: 22:51:59 | LED: GREEN
[*] HEARTBEAT SYNC: 22:52:09 | LED: GREEN
[*] HEARTBEAT SYNC: 22:52:19 | LED: GREEN
[*] HEARTBEAT SYNC: 22:52:30 | LED: GREEN
[*] HEARTBEAT SYNC: 22:52:40 | LED: GREEN
[*] HEARTBEAT SYNC: 22:52:50 | LED: GREEN
[*] HEARTBEAT SYNC: 22:53:00 | LED: GREEN
[*] HEARTBEAT SYNC: 22:53:10 | LED: GREEN
[*] HEARTBEAT SYNC: 22:53:20 | LED: GREEN
[*] HEARTBEAT SYNC: 22:53:30 | LED: GREEN
[*] HEARTBEAT SYNC: 22:53:40 | LED: GREEN
[*] HEARTBEAT SYNC: 22:53:50 | LED: GREEN
[*] HEARTBEAT SYNC: 22:54:00 | LED: GREEN
[*] HEARTBEAT SYNC: 22:54:10 | LED: GREEN
[*] HEARTBEAT SYNC: 22:54:20 | LED: GREEN
[*] HEARTBEAT SYNC: 22:54:30 | LED: GREEN
[*] HEARTBEAT SYNC: 22:54:40 | LED: GREEN
[*] HEARTBEAT SYNC: 22:54:50 | LED: GREEN
[*] HEARTBEAT SYNC: 22:55:00 | LED: GREEN
[*] HEARTBEAT SYNC: 22:55:10 | LED: GREEN
[*] HEARTBEAT SYNC: 22:55:20 | LED: GREEN
[*] HEARTBEAT SYNC: 22:55:30 | LED: GREEN
[*] HEARTBEAT SYNC: 22:55:40 | LED: GREEN
[*] HEARTBEAT SYNC: 22:55:50 | LED: GREEN
[*] HEARTBEAT SYNC: 22:56:01 | LED: GREEN
[*] HEARTBEAT SYNC: 22:56:11 | LED: GREEN
[*] HEARTBEAT SYNC: 22:56:21 | LED: GREEN
[*] HEARTBEAT SYNC: 22:56:31 | LED: GREEN
[*] HEARTBEAT SYNC: 22:56:41 | LED: GREEN
[*] HEARTBEAT SYNC: 22:56:51 | LED: GREEN
[*] HEARTBEAT SYNC: 22:57:01 | LED: GREEN
[*] HEARTBEAT SYNC: 22:57:11 | LED: GREEN
[*] HEARTBEAT SYNC: 22:57:21 | LED: GREEN
[*] HEARTBEAT SYNC: 22:57:31 | LED: GREEN
[*] HEARTBEAT SYNC: 22:57:41 | LED: GREEN
[*] HEARTBEAT SYNC: 22:57:51 | LED: GREEN
[*] HEARTBEAT SYNC: 22:58:01 | LED: GREEN
[*] HEARTBEAT SYNC: 22:58:11 | LED: GREEN
[*] HEARTBEAT SYNC: 22:58:21 | LED: GREEN
[*] HEARTBEAT SYNC: 22:58:31 | LED: GREEN
[*] HEARTBEAT SYNC: 22:58:41 | LED: GREEN
[*] HEARTBEAT SYNC: 22:58:51 | LED: GREEN
[*] HEARTBEAT SYNC: 22:59:01 | LED: GREEN
[*] HEARTBEAT SYNC: 22:59:12 | LED: GREEN
[*] HEARTBEAT SYNC: 22:59:22 | LED: GREEN
[*] HEARTBEAT SYNC: 22:59:32 | LED: GREEN
[*] HEARTBEAT SYNC: 22:59:42 | LED: GREEN
[*] HEARTBEAT SYNC: 22:59:52 | LED: GREEN
[*] HEARTBEAT SYNC: 23:00:02 | LED: GREEN
[*] HEARTBEAT SYNC: 23:00:12 | LED: GREEN
[*] HEARTBEAT SYNC: 23:00:22 | LED: GREEN
[*] HEARTBEAT SYNC: 23:00:32 | LED: GREEN
[*] HEARTBEAT SYNC: 23:00:42 | LED: GREEN
[*] HEARTBEAT SYNC: 23:00:52 | LED: GREEN
[*] HEARTBEAT SYNC: 23:01:02 | LED: GREEN
[*] HEARTBEAT SYNC: 23:01:12 | LED: GREEN
[*] HEARTBEAT SYNC: 23:01:22 | LED: GREEN
[*] HEARTBEAT SYNC: 23:01:32 | LED: GREEN
[*] HEARTBEAT SYNC: 23:01:42 | LED: GREEN
[*] HEARTBEAT SYNC: 23:01:52 | LED: GREEN
[*] HEARTBEAT SYNC: 23:02:02 | LED: GREEN
[*] HEARTBEAT SYNC: 23:02:12 | LED: GREEN
[*] HEARTBEAT SYNC: 23:02:22 | LED: GREEN
[*] HEARTBEAT SYNC: 23:02:32 | LED: GREEN
[*] HEARTBEAT SYNC: 23:02:42 | LED: GREEN
[*] HEARTBEAT SYNC: 23:02:52 | LED: GREEN
[*] HEARTBEAT SYNC: 23:03:02 | LED: GREEN
[*] HEARTBEAT SYNC: 23:03:13 | LED: GREEN
[*] HEARTBEAT SYNC: 23:03:23 | LED: GREEN
[*] HEARTBEAT SYNC: 23:03:33 | LED: GREEN
[*] HEARTBEAT SYNC: 23:03:43 | LED: GREEN
[*] HEARTBEAT SYNC: 23:03:53 | LED: GREEN
[*] HEARTBEAT SYNC: 23:04:03 | LED: GREEN
[*] HEARTBEAT SYNC: 23:04:14 | LED: GREEN
[*] HEARTBEAT SYNC: 23:04:24 | LED: GREEN
[*] HEARTBEAT SYNC: 23:04:34 | LED: GREEN
[*] HEARTBEAT SYNC: 23:04:44 | LED: GREEN
[*] HEARTBEAT SYNC: 23:04:54 | LED: GREEN
[*] HEARTBEAT SYNC: 23:05:04 | LED: GREEN
[*] HEARTBEAT SYNC: 23:05:14 | LED: GREEN
[*] HEARTBEAT SYNC: 23:05:24 | LED: GREEN
[*] HEARTBEAT SYNC: 23:05:34 | LED: GREEN
[*] HEARTBEAT SYNC: 23:05:44 | LED: GREEN
[*] HEARTBEAT SYNC: 23:05:54 | LED: GREEN
[*] HEARTBEAT SYNC: 23:06:04 | LED: GREEN
[*] HEARTBEAT SYNC: 23:06:14 | LED: GREEN
[*] HEARTBEAT SYNC: 23:06:24 | LED: GREEN
[*] HEARTBEAT SYNC: 23:06:34 | LED: GREEN
[*] HEARTBEAT SYNC: 23:06:44 | LED: GREEN
[*] HEARTBEAT SYNC: 23:06:54 | LED: GREEN
[*] HEARTBEAT SYNC: 23:07:04 | LED: GREEN
[*] HEARTBEAT SYNC: 23:07:15 | LED: GREEN
[*] HEARTBEAT SYNC: 23:07:25 | LED: GREEN
[*] HEARTBEAT SYNC: 23:07:35 | LED: GREEN
[*] HEARTBEAT SYNC: 23:07:45 | LED: GREEN
[*] HEARTBEAT SYNC: 23:07:55 | LED: GREEN
[*] HEARTBEAT SYNC: 23:08:05 | LED: GREEN
[*] HEARTBEAT SYNC: 23:08:15 | LED: GREEN
[*] HEARTBEAT SYNC: 23:08:25 | LED: GREEN
[*] HEARTBEAT SYNC: 23:08:35 | LED: GREEN
[*] HEARTBEAT SYNC: 23:08:45 | LED: GREEN
[*] HEARTBEAT SYNC: 23:08:55 | LED: GREEN
[*] HEARTBEAT SYNC: 23:09:05 | LED: GREEN
[*] HEARTBEAT SYNC: 23:09:15 | LED: GREEN
[*] HEARTBEAT SYNC: 23:09:25 | LED: GREEN
[*] HEARTBEAT SYNC: 23:09:35 | LED: GREEN
[*] HEARTBEAT SYNC: 23:09:45 | LED: GREEN
[*] HEARTBEAT SYNC: 23:09:55 | LED: GREEN
[*] HEARTBEAT SYNC: 23:10:06 | LED: GREEN
[*] HEARTBEAT SYNC: 23:10:16 | LED: GREEN
[*] HEARTBEAT SYNC: 23:10:26 | LED: GREEN
[*] HEARTBEAT SYNC: 23:10:36 | LED: GREEN
[*] HEARTBEAT SYNC: 23:10:46 | LED: GREEN
[*] HEARTBEAT SYNC: 23:10:56 | LED: GREEN
[*] HEARTBEAT SYNC: 23:11:06 | LED: GREEN
[*] HEARTBEAT SYNC: 23:11:16 | LED: GREEN
[*] HEARTBEAT SYNC: 23:11:26 | LED: GREEN
[*] HEARTBEAT SYNC: 23:11:36 | LED: GREEN
[*] HEARTBEAT SYNC: 23:11:46 | LED: GREEN
[*] HEARTBEAT SYNC: 23:11:56 | LED: GREEN
[*] HEARTBEAT SYNC: 23:12:06 | LED: GREEN
[*] HEARTBEAT SYNC: 23:12:16 | LED: GREEN
[*] HEARTBEAT SYNC: 23:12:26 | LED: GREEN
[*] HEARTBEAT SYNC: 23:12:36 | LED: GREEN
[*] HEARTBEAT SYNC: 23:12:46 | LED: GREEN
[*] HEARTBEAT SYNC: 23:12:56 | LED: GREEN
[*] HEARTBEAT SYNC: 23:13:06 | LED: GREEN
[*] HEARTBEAT SYNC: 23:13:16 | LED: GREEN
[*] HEARTBEAT SYNC: 23:13:26 | LED: GREEN
[*] HEARTBEAT SYNC: 23:13:37 | LED: GREEN
[*] HEARTBEAT SYNC: 23:13:47 | LED: GREEN
[*] HEARTBEAT SYNC: 23:14:01 | LED: GREEN
[*] HEARTBEAT SYNC: 23:14:11 | LED: GREEN
[*] HEARTBEAT SYNC: 23:14:21 | LED: GREEN
[*] HEARTBEAT SYNC: 23:14:31 | LED: GREEN
[*] HEARTBEAT SYNC: 23:14:41 | LED: GREEN
[*] HEARTBEAT SYNC: 23:14:51 | LED: GREEN
[*] HEARTBEAT SYNC: 23:15:01 | LED: GREEN
[*] HEARTBEAT SYNC: 23:15:16 | LED: GREEN
[*] HEARTBEAT SYNC: 23:15:26 | LED: GREEN
[*] HEARTBEAT SYNC: 23:15:36 | LED: GREEN
[*] HEARTBEAT SYNC: 23:15:47 | LED: GREEN
[*] HEARTBEAT SYNC: 23:15:57 | LED: GREEN
[*] HEARTBEAT SYNC: 23:16:07 | LED: GREEN
[*] HEARTBEAT SYNC: 23:16:17 | LED: GREEN
[*] HEARTBEAT SYNC: 23:16:27 | LED: GREEN
[*] HEARTBEAT SYNC: 23:16:37 | LED: GREEN
[*] HEARTBEAT SYNC: 23:16:47 | LED: GREEN
[*] HEARTBEAT SYNC: 23:16:57 | LED: GREEN
[*] HEARTBEAT SYNC: 23:17:07 | LED: GREEN
[*] HEARTBEAT SYNC: 23:17:17 | LED: GREEN
[*] HEARTBEAT SYNC: 23:17:27 | LED: GREEN
[*] HEARTBEAT SYNC: 23:17:37 | LED: GREEN
[*] HEARTBEAT SYNC: 23:17:47 | LED: GREEN
[*] HEARTBEAT SYNC: 23:17:57 | LED: GREEN
[*] HEARTBEAT SYNC: 23:18:07 | LED: GREEN
[*] HEARTBEAT SYNC: 23:18:17 | LED: GREEN
[*] HEARTBEAT SYNC: 23:18:27 | LED: GREEN
[*] HEARTBEAT SYNC: 23:18:37 | LED: GREEN
[*] HEARTBEAT SYNC: 23:18:47 | LED: GREEN
[*] HEARTBEAT SYNC: 23:18:57 | LED: GREEN
[*] HEARTBEAT SYNC: 23:19:07 | LED: GREEN
[*] HEARTBEAT SYNC: 23:19:17 | LED: GREEN
[*] HEARTBEAT SYNC: 23:19:28 | LED: GREEN
[*] HEARTBEAT SYNC: 23:19:38 | LED: GREEN
[*] HEARTBEAT SYNC: 23:19:48 | LED: GREEN
[*] HEARTBEAT SYNC: 23:19:58 | LED: GREEN
[*] HEARTBEAT SYNC: 23:20:08 | LED: GREEN
[*] HEARTBEAT SYNC: 23:20:18 | LED: GREEN
[*] HEARTBEAT SYNC: 23:20:28 | LED: GREEN
[*] HEARTBEAT SYNC: 23:20:38 | LED: GREEN
[*] HEARTBEAT SYNC: 23:20:48 | LED: GREEN
[*] HEARTBEAT SYNC: 23:20:58 | LED: GREEN
[*] HEARTBEAT SYNC: 23:21:08 | LED: GREEN
[*] HEARTBEAT SYNC: 23:21:18 | LED: GREEN
[*] HEARTBEAT SYNC: 23:21:28 | LED: GREEN
[*] HEARTBEAT SYNC: 23:21:38 | LED: GREEN
[*] HEARTBEAT SYNC: 23:21:48 | LED: GREEN
[*] HEARTBEAT SYNC: 23:21:58 | LED: GREEN
[*] HEARTBEAT SYNC: 23:22:08 | LED: GREEN
[*] HEARTBEAT SYNC: 23:22:18 | LED: GREEN
[*] HEARTBEAT SYNC: 23:22:28 | LED: GREEN
[*] HEARTBEAT SYNC: 23:22:38 | LED: GREEN
[*] HEARTBEAT SYNC: 23:22:48 | LED: GREEN
[*] HEARTBEAT SYNC: 23:22:59 | LED: GREEN
[*] HEARTBEAT SYNC: 23:23:09 | LED: GREEN
[*] HEARTBEAT SYNC: 23:23:19 | LED: GREEN
[*] HEARTBEAT SYNC: 23:23:29 | LED: GREEN
[*] HEARTBEAT SYNC: 23:23:39 | LED: GREEN
[*] HEARTBEAT SYNC: 23:23:49 | LED: GREEN
[*] HEARTBEAT SYNC: 23:23:59 | LED: GREEN
[*] HEARTBEAT SYNC: 23:24:09 | LED: GREEN
[*] HEARTBEAT SYNC: 23:24:19 | LED: GREEN
[*] HEARTBEAT SYNC: 23:24:29 | LED: GREEN
[*] HEARTBEAT SYNC: 23:24:39 | LED: GREEN
[*] HEARTBEAT SYNC: 23:24:49 | LED: GREEN
[*] HEARTBEAT SYNC: 23:24:59 | LED: GREEN
[*] HEARTBEAT SYNC: 23:25:09 | LED: GREEN
[*] HEARTBEAT SYNC: 23:25:19 | LED: GREEN
[*] HEARTBEAT SYNC: 23:25:30 | LED: GREEN
[*] HEARTBEAT SYNC: 23:25:40 | LED: GREEN
[*] HEARTBEAT SYNC: 23:25:50 | LED: GREEN
[*] HEARTBEAT SYNC: 23:26:00 | LED: GREEN
[*] HEARTBEAT SYNC: 23:26:10 | LED: GREEN
[*] HEARTBEAT SYNC: 23:26:20 | LED: GREEN
[*] HEARTBEAT SYNC: 23:26:30 | LED: GREEN
[*] HEARTBEAT SYNC: 23:26:40 | LED: GREEN
[*] HEARTBEAT SYNC: 23:26:50 | LED: GREEN
[*] HEARTBEAT SYNC: 23:27:00 | LED: GREEN
[*] HEARTBEAT SYNC: 23:27:10 | LED: GREEN
[*] HEARTBEAT SYNC: 23:27:20 | LED: GREEN
[*] HEARTBEAT SYNC: 23:27:30 | LED: GREEN
[*] HEARTBEAT SYNC: 23:27:40 | LED: GREEN
[*] HEARTBEAT SYNC: 23:27:50 | LED: GREEN
[*] HEARTBEAT SYNC: 23:28:00 | LED: GREEN
[*] HEARTBEAT SYNC: 23:28:10 | LED: GREEN
[*] HEARTBEAT SYNC: 23:28:21 | LED: GREEN
[*] HEARTBEAT SYNC: 23:28:31 | LED: GREEN
[*] HEARTBEAT SYNC: 23:28:41 | LED: GREEN
[*] HEARTBEAT SYNC: 23:28:51 | LED: GREEN
[!] CHANGES DETECTED. INITIATING GLOBAL NODE SYNC...
fatal: Unable to create '/data/data/com.termux/files/home/Jackson-Node/.git/index.lock': File exists.

Another git process seems to be running in this repository, or the lock file may be stale
fatal: Unable to create '/data/data/com.termux/files/home/Jackson-Node/.git/index.lock': File exists.

Another git process seems to be running in this repository, or the lock file may be stale
Everything up-to-date
[✔] GLOBAL NODE UPDATED.
[*] HEARTBEAT SYNC: 23:29:02 | LED: GREEN
[*] HEARTBEAT SYNC: 23:29:12 | LED: GREEN
[*] HEARTBEAT SYNC: 23:29:22 | LED: GREEN
[*] HEARTBEAT SYNC: 23:29:32 | LED: GREEN
[*] HEARTBEAT SYNC: 23:29:42 | LED: GREEN
[*] HEARTBEAT SYNC: 23:29:52 | LED: GREEN
[!] CHANGES DETECTED. INITIATING GLOBAL NODE SYNC...
[main fe5e1e7] GGTI_AUTO_SYNC: 2026-05-11 23:29:53
 1 file changed, 4 insertions(+), 4 deletions(-)
To https://github.com/delonbouler617-main/Jackson-Node.git
   8dd8493..fe5e1e7  main -> main
[✔] GLOBAL NODE UPDATED.
[*] HEARTBEAT SYNC: 23:30:04 | LED: GREEN
[*] HEARTBEAT SYNC: 23:30:15 | LED: GREEN
[*] HEARTBEAT SYNC: 23:30:25 | LED: GREEN
[*] HEARTBEAT SYNC: 23:30:35 | LED: GREEN
[*] HEARTBEAT SYNC: 23:30:45 | LED: GREEN
[*] HEARTBEAT SYNC: 23:30:55 | LED: GREEN
[*] HEARTBEAT SYNC: 23:31:05 | LED: GREEN
[*] HEARTBEAT SYNC: 23:31:15 | LED: GREEN
[*] HEARTBEAT SYNC: 23:31:25 | LED: GREEN
[*] HEARTBEAT SYNC: 23:31:35 | LED: GREEN
[*] HEARTBEAT SYNC: 23:31:45 | LED: GREEN
[*] HEARTBEAT SYNC: 23:31:55 | LED: GREEN
[*] HEARTBEAT SYNC: 23:32:05 | LED: GREEN
[*] HEARTBEAT SYNC: 23:32:15 | LED: GREEN
[*] HEARTBEAT SYNC: 23:32:25 | LED: GREEN
[*] HEARTBEAT SYNC: 23:32:35 | LED: GREEN
[!] CHANGES DETECTED. INITIATING GLOBAL NODE SYNC...
fatal: Unable to create '/data/data/com.termux/files/home/Jackson-Node/.git/index.lock': File exists.

Another git process seems to be running in this repository, or the lock file may be stale
[main 14ae87b] GGTI_AUTO_SYNC: 2026-05-11 23:32:35
 1 file changed, 10 insertions(+)
 create mode 100644 NAGPUR_HANDSHAKE.csv
To https://github.com/delonbouler617-main/Jackson-Node.git
   12f193b..14ae87b  main -> main
[✔] GLOBAL NODE UPDATED.
[*] HEARTBEAT SYNC: 23:32:47 | LED: GREEN
[*] HEARTBEAT SYNC: 23:32:57 | LED: GREEN
[*] HEARTBEAT SYNC: 23:33:07 | LED: GREEN
[*] HEARTBEAT SYNC: 23:33:17 | LED: GREEN
[*] HEARTBEAT SYNC: 23:33:27 | LED: GREEN
[*] HEARTBEAT SYNC: 23:33:37 | LED: GREEN
[*] HEARTBEAT SYNC: 23:33:47 | LED: GREEN
[*] HEARTBEAT SYNC: 23:33:57 | LED: GREEN
[*] HEARTBEAT SYNC: 23:34:07 | LED: GREEN
[*] HEARTBEAT SYNC: 23:34:17 | LED: GREEN
[*] HEARTBEAT SYNC: 23:34:27 | LED: GREEN
[*] HEARTBEAT SYNC: 23:34:38 | LED: GREEN
[*] HEARTBEAT SYNC: 23:34:48 | LED: GREEN
[*] HEARTBEAT SYNC: 23:34:58 | LED: GREEN
[*] HEARTBEAT SYNC: 23:35:08 | LED: GREEN
[*] HEARTBEAT SYNC: 23:35:18 | LED: GREEN
[*] HEARTBEAT SYNC: 23:35:28 | LED: GREEN
[*] HEARTBEAT SYNC: 23:35:38 | LED: GREEN
[*] HEARTBEAT SYNC: 23:35:49 | LED: GREEN
[*] HEARTBEAT SYNC: 23:35:59 | LED: GREEN
[*] HEARTBEAT SYNC: 23:36:09 | LED: GREEN
[!] CHANGES DETECTED. INITIATING GLOBAL NODE SYNC...
On branch main
nothing to commit, working tree clean
To https://github.com/delonbouler617-main/Jackson-Node.git
   a41d379..41d67c1  main -> main
[✔] GLOBAL NODE UPDATED.
[*] HEARTBEAT SYNC: 23:36:20 | LED: GREEN
[*] HEARTBEAT SYNC: 23:36:31 | LED: GREEN
[*] HEARTBEAT SYNC: 23:36:41 | LED: GREEN
[*] HEARTBEAT SYNC: 23:36:51 | LED: GREEN
[*] HEARTBEAT SYNC: 23:37:01 | LED: GREEN
[*] HEARTBEAT SYNC: 23:37:11 | LED: GREEN
[*] HEARTBEAT SYNC: 23:37:22 | LED: GREEN
[*] HEARTBEAT SYNC: 23:37:32 | LED: GREEN
[*] HEARTBEAT SYNC: 23:37:42 | LED: GREEN
[*] HEARTBEAT SYNC: 23:37:52 | LED: GREEN
[*] HEARTBEAT SYNC: 23:38:02 | LED: GREEN
[*] HEARTBEAT SYNC: 23:38:12 | LED: GREEN
[*] HEARTBEAT SYNC: 23:38:22 | LED: GREEN
[*] HEARTBEAT SYNC: 23:38:32 | LED: GREEN
[*] HEARTBEAT SYNC: 23:38:42 | LED: GREEN
[*] HEARTBEAT SYNC: 23:38:52 | LED: GREEN
[*] HEARTBEAT SYNC: 23:39:02 | LED: GREEN
[*] HEARTBEAT SYNC: 23:39:12 | LED: GREEN
[*] HEARTBEAT SYNC: 23:39:22 | LED: GREEN
[*] HEARTBEAT SYNC: 23:39:32 | LED: GREEN
[*] HEARTBEAT SYNC: 23:39:43 | LED: GREEN
[*] HEARTBEAT SYNC: 23:39:53 | LED: GREEN
[*] HEARTBEAT SYNC: 23:40:03 | LED: GREEN
[*] HEARTBEAT SYNC: 23:40:13 | LED: GREEN
[*] HEARTBEAT SYNC: 23:40:23 | LED: GREEN
[*] HEARTBEAT SYNC: 23:40:33 | LED: GREEN
[*] HEARTBEAT SYNC: 23:40:43 | LED: GREEN
[*] HEARTBEAT SYNC: 23:40:53 | LED: GREEN
[*] HEARTBEAT SYNC: 23:41:03 | LED: GREEN
[*] HEARTBEAT SYNC: 23:41:13 | LED: GREEN
[*] HEARTBEAT SYNC: 23:41:24 | LED: GREEN
[*] HEARTBEAT SYNC: 23:41:34 | LED: GREEN
[*] HEARTBEAT SYNC: 23:41:44 | LED: GREEN
[*] HEARTBEAT SYNC: 23:41:54 | LED: GREEN
[*] HEARTBEAT SYNC: 23:42:04 | LED: GREEN
[*] HEARTBEAT SYNC: 23:43:19 | LED: GREEN
[!] CHANGES DETECTED. INITIATING GLOBAL NODE SYNC...
fatal: Unable to create '/data/data/com.termux/files/home/Jackson-Node/.git/index.lock': File exists.

Another git process seems to be running in this repository, or the lock file may be stale
To https://github.com/delonbouler617-main/Jackson-Node.git
 ! [remote rejected] main -> main (cannot lock ref 'refs/heads/main': is at d4f6badbbffabf19549f6affe480d87ae8ee040f but expected 64ee358430a716cc62f1f4d9c357b516daf9f57d)
error: failed to push some refs to 'https://github.com/delonbouler617-main/Jackson-Node.git'
[✔] GLOBAL NODE UPDATED.
[*] HEARTBEAT SYNC: 23:43:31 | LED: GREEN
[*] HEARTBEAT SYNC: 23:43:41 | LED: GREEN
[*] HEARTBEAT SYNC: 23:43:51 | LED: GREEN
[*] HEARTBEAT SYNC: 23:44:01 | LED: GREEN
[*] HEARTBEAT SYNC: 23:44:11 | LED: GREEN
[*] HEARTBEAT SYNC: 23:44:21 | LED: GREEN
[*] HEARTBEAT SYNC: 23:44:31 | LED: GREEN
[*] HEARTBEAT SYNC: 23:44:41 | LED: GREEN
[*] HEARTBEAT SYNC: 23:44:51 | LED: GREEN
[*] HEARTBEAT SYNC: 23:45:01 | LED: GREEN
[*] HEARTBEAT SYNC: 23:45:11 | LED: GREEN
[*] HEARTBEAT SYNC: 23:45:21 | LED: GREEN
[*] HEARTBEAT SYNC: 23:45:31 | LED: GREEN
[*] HEARTBEAT SYNC: 23:45:41 | LED: GREEN
[*] HEARTBEAT SYNC: 23:45:51 | LED: GREEN
[*] HEARTBEAT SYNC: 23:46:01 | LED: GREEN
[*] HEARTBEAT SYNC: 23:46:11 | LED: GREEN
[*] HEARTBEAT SYNC: 23:46:22 | LED: GREEN
[*] HEARTBEAT SYNC: 23:46:32 | LED: GREEN
[*] HEARTBEAT SYNC: 23:46:42 | LED: GREEN
[*] HEARTBEAT SYNC: 23:46:52 | LED: GREEN
[*] HEARTBEAT SYNC: 23:47:02 | LED: GREEN
[*] HEARTBEAT SYNC: 23:47:12 | LED: GREEN
[*] HEARTBEAT SYNC: 23:47:22 | LED: GREEN
[*] HEARTBEAT SYNC: 23:47:32 | LED: GREEN
[*] HEARTBEAT SYNC: 23:47:42 | LED: GREEN
[*] HEARTBEAT SYNC: 23:47:52 | LED: GREEN
[*] HEARTBEAT SYNC: 23:48:02 | LED: GREEN
[*] HEARTBEAT SYNC: 23:48:12 | LED: GREEN
[*] HEARTBEAT SYNC: 23:48:22 | LED: GREEN
[*] HEARTBEAT SYNC: 23:48:32 | LED: GREEN
[*] HEARTBEAT SYNC: 23:48:42 | LED: GREEN
[*] HEARTBEAT SYNC: 23:48:52 | LED: GREEN
[*] HEARTBEAT SYNC: 23:49:02 | LED: GREEN
[*] HEARTBEAT SYNC: 23:49:12 | LED: GREEN
[*] HEARTBEAT SYNC: 23:49:22 | LED: GREEN
[*] HEARTBEAT SYNC: 23:49:32 | LED: GREEN
[*] HEARTBEAT SYNC: 23:49:42 | LED: GREEN
[*] HEARTBEAT SYNC: 23:49:52 | LED: GREEN
[*] HEARTBEAT SYNC: 23:50:02 | LED: GREEN
[*] HEARTBEAT SYNC: 23:50:12 | LED: GREEN
[*] HEARTBEAT SYNC: 23:50:23 | LED: GREEN
[*] HEARTBEAT SYNC: 23:50:33 | LED: GREEN
[*] HEARTBEAT SYNC: 23:50:43 | LED: GREEN
[*] HEARTBEAT SYNC: 23:50:53 | LED: GREEN
[*] HEARTBEAT SYNC: 23:51:03 | LED: GREEN
[*] HEARTBEAT SYNC: 23:51:13 | LED: GREEN
[*] HEARTBEAT SYNC: 23:51:23 | LED: GREEN
[*] HEARTBEAT SYNC: 23:51:33 | LED: GREEN
[*] HEARTBEAT SYNC: 23:51:43 | LED: GREEN
[*] HEARTBEAT SYNC: 23:51:53 | LED: GREEN
[*] HEARTBEAT SYNC: 23:52:03 | LED: GREEN
[*] HEARTBEAT SYNC: 23:52:13 | LED: GREEN
[*] HEARTBEAT SYNC: 23:52:23 | LED: GREEN
[*] HEARTBEAT SYNC: 23:52:33 | LED: GREEN
[*] HEARTBEAT SYNC: 23:52:43 | LED: GREEN
[*] HEARTBEAT SYNC: 23:52:53 | LED: GREEN
[*] HEARTBEAT SYNC: 23:53:03 | LED: GREEN
[*] HEARTBEAT SYNC: 23:53:13 | LED: GREEN
[*] HEARTBEAT SYNC: 23:53:23 | LED: GREEN
[*] HEARTBEAT SYNC: 23:53:33 | LED: GREEN
[*] HEARTBEAT SYNC: 23:53:43 | LED: GREEN
[*] HEARTBEAT SYNC: 23:53:53 | LED: GREEN
[*] HEARTBEAT SYNC: 23:54:03 | LED: GREEN
[*] HEARTBEAT SYNC: 23:54:13 | LED: GREEN
[*] HEARTBEAT SYNC: 23:54:24 | LED: GREEN
[*] HEARTBEAT SYNC: 23:54:34 | LED: GREEN
[*] HEARTBEAT SYNC: 23:54:44 | LED: GREEN
[*] HEARTBEAT SYNC: 23:54:54 | LED: GREEN
[*] HEARTBEAT SYNC: 23:55:04 | LED: GREEN
[*] HEARTBEAT SYNC: 23:55:14 | LED: GREEN
[*] HEARTBEAT SYNC: 23:55:24 | LED: GREEN
[*] HEARTBEAT SYNC: 23:55:34 | LED: GREEN
[*] HEARTBEAT SYNC: 23:55:44 | LED: GREEN
[*] HEARTBEAT SYNC: 23:55:54 | LED: GREEN
[*] HEARTBEAT SYNC: 23:56:04 | LED: GREEN
[*] HEARTBEAT SYNC: 23:56:14 | LED: GREEN
[*] HEARTBEAT SYNC: 23:56:24 | LED: GREEN
[*] HEARTBEAT SYNC: 23:56:34 | LED: GREEN
[*] HEARTBEAT SYNC: 23:56:44 | LED: GREEN
[*] HEARTBEAT SYNC: 23:56:54 | LED: GREEN
[*] HEARTBEAT SYNC: 23:57:04 | LED: GREEN
[*] HEARTBEAT SYNC: 23:57:14 | LED: GREEN
[*] HEARTBEAT SYNC: 23:57:24 | LED: GREEN
[*] HEARTBEAT SYNC: 23:57:34 | LED: GREEN
[*] HEARTBEAT SYNC: 23:57:44 | LED: GREEN
[*] HEARTBEAT SYNC: 23:57:54 | LED: GREEN
[*] HEARTBEAT SYNC: 23:58:04 | LED: GREEN
[*] HEARTBEAT SYNC: 23:58:15 | LED: GREEN
[*] HEARTBEAT SYNC: 23:58:25 | LED: GREEN
[*] HEARTBEAT SYNC: 23:58:35 | LED: GREEN
[*] HEARTBEAT SYNC: 23:58:45 | LED: GREEN
[*] HEARTBEAT SYNC: 23:58:55 | LED: GREEN
[*] HEARTBEAT SYNC: 23:59:05 | LED: GREEN
[*] HEARTBEAT SYNC: 23:59:15 | LED: GREEN
[*] HEARTBEAT SYNC: 23:59:25 | LED: GREEN
[*] HEARTBEAT SYNC: 23:59:35 | LED: GREEN
[*] HEARTBEAT SYNC: 23:59:45 | LED: GREEN
[*] HEARTBEAT SYNC: 23:59:55 | LED: GREEN
[*] HEARTBEAT SYNC: 00:00:05 | LED: GREEN
[*] HEARTBEAT SYNC: 00:00:15 | LED: GREEN
[*] HEARTBEAT SYNC: 00:00:25 | LED: GREEN
[*] HEARTBEAT SYNC: 00:00:36 | LED: GREEN
[*] HEARTBEAT SYNC: 00:00:46 | LED: GREEN
[*] HEARTBEAT SYNC: 00:00:56 | LED: GREEN
[*] HEARTBEAT SYNC: 00:01:06 | LED: GREEN
[*] HEARTBEAT SYNC: 00:01:16 | LED: GREEN
[*] HEARTBEAT SYNC: 00:01:26 | LED: GREEN
[*] HEARTBEAT SYNC: 00:01:36 | LED: GREEN
[*] HEARTBEAT SYNC: 00:01:46 | LED: GREEN
[*] HEARTBEAT SYNC: 00:01:56 | LED: GREEN
[*] HEARTBEAT SYNC: 00:02:06 | LED: GREEN
[*] HEARTBEAT SYNC: 00:02:16 | LED: GREEN
[*] HEARTBEAT SYNC: 00:02:27 | LED: GREEN
[!] CHANGES DETECTED. INITIATING GLOBAL NODE SYNC...
fatal: Unable to create '/data/data/com.termux/files/home/Jackson-Node/.git/index.lock': File exists.

Another git process seems to be running in this repository, or the lock file may be stale
fatal: Unable to create '/data/data/com.termux/files/home/Jackson-Node/.git/index.lock': File exists.

Another git process seems to be running in this repository, or the lock file may be stale
Everything up-to-date
[✔] GLOBAL NODE UPDATED.
[*] HEARTBEAT SYNC: 00:02:50 | LED: GREEN
[*] HEARTBEAT SYNC: 00:03:00 | LED: GREEN
[*] HEARTBEAT SYNC: 00:03:10 | LED: GREEN
[*] HEARTBEAT SYNC: 00:03:22 | LED: GREEN
[*] HEARTBEAT SYNC: 00:03:36 | LED: GREEN
[*] HEARTBEAT SYNC: 00:03:48 | LED: GREEN
[*] HEARTBEAT SYNC: 00:03:58 | LED: GREEN
[*] HEARTBEAT SYNC: 00:04:08 | LED: GREEN
[*] HEARTBEAT SYNC: 00:04:18 | LED: GREEN
[*] HEARTBEAT SYNC: 00:04:28 | LED: GREEN
[*] HEARTBEAT SYNC: 00:04:38 | LED: GREEN
[*] HEARTBEAT SYNC: 00:04:48 | LED: GREEN
[*] HEARTBEAT SYNC: 00:04:58 | LED: GREEN
[*] HEARTBEAT SYNC: 00:05:09 | LED: GREEN
[*] HEARTBEAT SYNC: 00:05:19 | LED: GREEN
[*] HEARTBEAT SYNC: 00:05:29 | LED: GREEN
[*] HEARTBEAT SYNC: 00:05:39 | LED: GREEN
[*] HEARTBEAT SYNC: 00:05:49 | LED: GREEN
[*] HEARTBEAT SYNC: 00:05:59 | LED: GREEN
[*] HEARTBEAT SYNC: 00:06:09 | LED: GREEN
[*] HEARTBEAT SYNC: 00:06:19 | LED: GREEN
[*] HEARTBEAT SYNC: 00:06:29 | LED: GREEN
[*] HEARTBEAT SYNC: 00:06:39 | LED: GREEN
[*] HEARTBEAT SYNC: 00:06:49 | LED: GREEN
[*] HEARTBEAT SYNC: 00:06:59 | LED: GREEN
[*] HEARTBEAT SYNC: 00:07:09 | LED: GREEN
[*] HEARTBEAT SYNC: 00:07:19 | LED: GREEN
[*] HEARTBEAT SYNC: 00:07:29 | LED: GREEN
[*] HEARTBEAT SYNC: 00:07:39 | LED: GREEN
[*] HEARTBEAT SYNC: 00:07:49 | LED: GREEN
[*] HEARTBEAT SYNC: 00:07:59 | LED: GREEN
[*] HEARTBEAT SYNC: 00:08:09 | LED: GREEN
[*] HEARTBEAT SYNC: 00:08:19 | LED: GREEN
[*] HEARTBEAT SYNC: 00:08:30 | LED: GREEN
[*] HEARTBEAT SYNC: 00:08:40 | LED: GREEN
[*] HEARTBEAT SYNC: 00:08:50 | LED: GREEN
[*] HEARTBEAT SYNC: 00:09:00 | LED: GREEN
[*] HEARTBEAT SYNC: 00:09:10 | LED: GREEN
[*] HEARTBEAT SYNC: 00:09:20 | LED: GREEN
[*] HEARTBEAT SYNC: 00:09:30 | LED: GREEN
[*] HEARTBEAT SYNC: 00:09:40 | LED: GREEN
[*] HEARTBEAT SYNC: 00:09:50 | LED: GREEN
[*] HEARTBEAT SYNC: 00:10:00 | LED: GREEN
[*] HEARTBEAT SYNC: 00:10:10 | LED: GREEN
[*] HEARTBEAT SYNC: 00:10:20 | LED: GREEN
[*] HEARTBEAT SYNC: 00:10:30 | LED: GREEN
[*] HEARTBEAT SYNC: 00:10:41 | LED: GREEN
[*] HEARTBEAT SYNC: 00:10:51 | LED: GREEN
[*] HEARTBEAT SYNC: 00:11:01 | LED: GREEN
[*] HEARTBEAT SYNC: 00:11:11 | LED: GREEN
[*] HEARTBEAT SYNC: 00:11:21 | LED: GREEN
[*] HEARTBEAT SYNC: 00:11:31 | LED: GREEN
[*] HEARTBEAT SYNC: 00:11:41 | LED: GREEN
[*] HEARTBEAT SYNC: 00:11:51 | LED: GREEN
[*] HEARTBEAT SYNC: 00:12:01 | LED: GREEN
[*] HEARTBEAT SYNC: 00:12:11 | LED: GREEN
[*] HEARTBEAT SYNC: 00:12:21 | LED: GREEN
[*] HEARTBEAT SYNC: 00:12:31 | LED: GREEN
[*] HEARTBEAT SYNC: 00:12:41 | LED: GREEN
[*] HEARTBEAT SYNC: 00:12:51 | LED: GREEN
[*] HEARTBEAT SYNC: 00:13:01 | LED: GREEN
[*] HEARTBEAT SYNC: 00:13:11 | LED: GREEN
[*] HEARTBEAT SYNC: 00:13:21 | LED: GREEN
[*] HEARTBEAT SYNC: 00:13:31 | LED: GREEN
[*] HEARTBEAT SYNC: 00:13:41 | LED: GREEN
[*] HEARTBEAT SYNC: 00:13:51 | LED: GREEN
[*] HEARTBEAT SYNC: 00:14:01 | LED: GREEN
[*] HEARTBEAT SYNC: 00:14:11 | LED: GREEN
[*] HEARTBEAT SYNC: 00:14:21 | LED: GREEN
[*] HEARTBEAT SYNC: 00:14:31 | LED: GREEN
[*] HEARTBEAT SYNC: 00:14:41 | LED: GREEN
[*] HEARTBEAT SYNC: 00:14:51 | LED: GREEN
[*] HEARTBEAT SYNC: 00:15:01 | LED: GREEN
[*] HEARTBEAT SYNC: 00:15:11 | LED: GREEN
[*] HEARTBEAT SYNC: 00:15:22 | LED: GREEN
[*] HEARTBEAT SYNC: 00:16:15 | LED: GREEN
[*] HEARTBEAT SYNC: 00:16:48 | LED: GREEN
[*] HEARTBEAT SYNC: 00:16:58 | LED: GREEN
[*] HEARTBEAT SYNC: 00:17:08 | LED: GREEN
[*] HEARTBEAT SYNC: 00:17:18 | LED: GREEN
[*] HEARTBEAT SYNC: 00:17:28 | LED: GREEN
[*] HEARTBEAT SYNC: 00:17:38 | LED: GREEN
[*] HEARTBEAT SYNC: 00:17:48 | LED: GREEN
[*] HEARTBEAT SYNC: 00:17:58 | LED: GREEN
[*] HEARTBEAT SYNC: 00:18:08 | LED: GREEN
[*] HEARTBEAT SYNC: 00:18:18 | LED: GREEN
[*] HEARTBEAT SYNC: 00:18:29 | LED: GREEN
[*] HEARTBEAT SYNC: 00:18:39 | LED: GREEN
[*] HEARTBEAT SYNC: 00:18:49 | LED: GREEN
[*] HEARTBEAT SYNC: 00:18:59 | LED: GREEN
[*] HEARTBEAT SYNC: 00:19:09 | LED: GREEN
[*] HEARTBEAT SYNC: 00:19:19 | LED: GREEN
[*] HEARTBEAT SYNC: 00:19:29 | LED: GREEN
[*] HEARTBEAT SYNC: 00:19:39 | LED: GREEN
[*] HEARTBEAT SYNC: 00:19:49 | LED: GREEN
[*] HEARTBEAT SYNC: 00:19:59 | LED: GREEN
[*] HEARTBEAT SYNC: 00:20:09 | LED: GREEN
[*] HEARTBEAT SYNC: 00:20:19 | LED: GREEN
[*] HEARTBEAT SYNC: 00:20:29 | LED: GREEN
[*] HEARTBEAT SYNC: 00:20:39 | LED: GREEN
[*] HEARTBEAT SYNC: 00:20:49 | LED: GREEN
[*] HEARTBEAT SYNC: 00:20:59 | LED: GREEN
[*] HEARTBEAT SYNC: 00:21:09 | LED: GREEN
[*] HEARTBEAT SYNC: 00:21:19 | LED: GREEN
[*] HEARTBEAT SYNC: 00:21:29 | LED: GREEN
[*] HEARTBEAT SYNC: 00:21:39 | LED: GREEN
[*] HEARTBEAT SYNC: 00:21:50 | LED: GREEN
[*] HEARTBEAT SYNC: 00:22:00 | LED: GREEN
[*] HEARTBEAT SYNC: 00:22:10 | LED: GREEN
[*] HEARTBEAT SYNC: 00:22:20 | LED: GREEN
[*] HEARTBEAT SYNC: 00:22:30 | LED: GREEN
[*] HEARTBEAT SYNC: 00:22:40 | LED: GREEN
[*] HEARTBEAT SYNC: 00:22:50 | LED: GREEN
[*] HEARTBEAT SYNC: 00:23:00 | LED: GREEN
[*] HEARTBEAT SYNC: 00:23:10 | LED: GREEN
[*] HEARTBEAT SYNC: 00:23:20 | LED: GREEN
[*] HEARTBEAT SYNC: 00:23:30 | LED: GREEN
[*] HEARTBEAT SYNC: 00:23:40 | LED: GREEN
[*] HEARTBEAT SYNC: 00:23:50 | LED: GREEN
[*] HEARTBEAT SYNC: 00:24:00 | LED: GREEN
[*] HEARTBEAT SYNC: 00:24:10 | LED: GREEN
[*] HEARTBEAT SYNC: 00:24:20 | LED: GREEN
[*] HEARTBEAT SYNC: 00:24:30 | LED: GREEN
[*] HEARTBEAT SYNC: 00:24:40 | LED: GREEN
[*] HEARTBEAT SYNC: 00:24:50 | LED: GREEN
[*] HEARTBEAT SYNC: 00:25:00 | LED: GREEN
[*] HEARTBEAT SYNC: 00:25:10 | LED: GREEN
[*] HEARTBEAT SYNC: 00:25:20 | LED: GREEN
[*] HEARTBEAT SYNC: 00:25:30 | LED: GREEN
[*] HEARTBEAT SYNC: 00:25:41 | LED: GREEN
[*] HEARTBEAT SYNC: 00:25:51 | LED: GREEN
[*] HEARTBEAT SYNC: 00:26:01 | LED: GREEN
[*] HEARTBEAT SYNC: 00:26:11 | LED: GREEN
[*] HEARTBEAT SYNC: 00:26:21 | LED: GREEN
[*] HEARTBEAT SYNC: 00:26:31 | LED: GREEN
[*] HEARTBEAT SYNC: 00:26:41 | LED: GREEN
[*] HEARTBEAT SYNC: 00:26:51 | LED: GREEN
[*] HEARTBEAT SYNC: 00:27:01 | LED: GREEN
[*] HEARTBEAT SYNC: 00:27:11 | LED: GREEN
[*] HEARTBEAT SYNC: 00:27:21 | LED: GREEN
[*] HEARTBEAT SYNC: 00:27:31 | LED: GREEN
[*] HEARTBEAT SYNC: 00:27:41 | LED: GREEN
[*] HEARTBEAT SYNC: 00:27:51 | LED: GREEN
[*] HEARTBEAT SYNC: 00:28:01 | LED: GREEN
[*] HEARTBEAT SYNC: 00:28:11 | LED: GREEN
[*] HEARTBEAT SYNC: 00:28:21 | LED: GREEN
[*] HEARTBEAT SYNC: 00:28:31 | LED: GREEN
[*] HEARTBEAT SYNC: 00:28:41 | LED: GREEN
[*] HEARTBEAT SYNC: 00:28:51 | LED: GREEN
[*] HEARTBEAT SYNC: 00:29:01 | LED: GREEN
[*] HEARTBEAT SYNC: 00:29:11 | LED: GREEN
[*] HEARTBEAT SYNC: 00:29:21 | LED: GREEN
[*] HEARTBEAT SYNC: 00:29:31 | LED: GREEN
[*] HEARTBEAT SYNC: 00:29:42 | LED: GREEN
[*] HEARTBEAT SYNC: 00:29:52 | LED: GREEN
[*] HEARTBEAT SYNC: 00:30:02 | LED: GREEN
[*] HEARTBEAT SYNC: 00:30:12 | LED: GREEN
[*] HEARTBEAT SYNC: 00:30:22 | LED: GREEN
[*] HEARTBEAT SYNC: 00:30:32 | LED: GREEN
[*] HEARTBEAT SYNC: 00:30:42 | LED: GREEN
[*] HEARTBEAT SYNC: 00:30:52 | LED: GREEN
[*] HEARTBEAT SYNC: 00:31:02 | LED: GREEN
[*] HEARTBEAT SYNC: 00:31:12 | LED: GREEN
[*] HEARTBEAT SYNC: 00:31:22 | LED: GREEN
[*] HEARTBEAT SYNC: 00:31:32 | LED: GREEN
[*] HEARTBEAT SYNC: 00:31:42 | LED: GREEN
[*] HEARTBEAT SYNC: 00:31:52 | LED: GREEN
[*] HEARTBEAT SYNC: 00:32:02 | LED: GREEN
[*] HEARTBEAT SYNC: 00:32:12 | LED: GREEN
[*] HEARTBEAT SYNC: 00:32:22 | LED: GREEN
[*] HEARTBEAT SYNC: 00:32:32 | LED: GREEN
[*] HEARTBEAT SYNC: 00:32:42 | LED: GREEN
[*] HEARTBEAT SYNC: 00:32:52 | LED: GREEN
[*] HEARTBEAT SYNC: 00:33:02 | LED: GREEN
[*] HEARTBEAT SYNC: 00:33:12 | LED: GREEN
[*] HEARTBEAT SYNC: 00:33:22 | LED: GREEN
[*] HEARTBEAT SYNC: 00:33:33 | LED: GREEN
[*] HEARTBEAT SYNC: 00:33:43 | LED: GREEN
[*] HEARTBEAT SYNC: 00:33:53 | LED: GREEN
[*] HEARTBEAT SYNC: 00:34:03 | LED: GREEN
[*] HEARTBEAT SYNC: 00:34:13 | LED: GREEN
[*] HEARTBEAT SYNC: 00:34:23 | LED: GREEN
[*] HEARTBEAT SYNC: 00:34:33 | LED: GREEN
[*] HEARTBEAT SYNC: 00:34:43 | LED: GREEN
[*] HEARTBEAT SYNC: 00:34:53 | LED: GREEN
[*] HEARTBEAT SYNC: 00:35:03 | LED: GREEN
[*] HEARTBEAT SYNC: 00:35:13 | LED: GREEN
[*] HEARTBEAT SYNC: 00:35:23 | LED: GREEN
[*] HEARTBEAT SYNC: 00:35:33 | LED: GREEN
[*] HEARTBEAT SYNC: 00:35:44 | LED: GREEN
[*] HEARTBEAT SYNC: 00:35:54 | LED: GREEN
[*] HEARTBEAT SYNC: 00:36:04 | LED: GREEN
[*] HEARTBEAT SYNC: 00:36:14 | LED: GREEN
[*] HEARTBEAT SYNC: 00:36:25 | LED: GREEN
[*] HEARTBEAT SYNC: 00:36:35 | LED: GREEN
[*] HEARTBEAT SYNC: 00:36:45 | LED: GREEN
[*] HEARTBEAT SYNC: 00:36:55 | LED: GREEN
[*] HEARTBEAT SYNC: 00:37:05 | LED: GREEN
[*] HEARTBEAT SYNC: 00:37:15 | LED: GREEN
[*] HEARTBEAT SYNC: 00:37:25 | LED: GREEN
[*] HEARTBEAT SYNC: 00:37:35 | LED: GREEN
[*] HEARTBEAT SYNC: 00:37:46 | LED: GREEN
[*] HEARTBEAT SYNC: 00:37:56 | LED: GREEN
[*] HEARTBEAT SYNC: 00:38:06 | LED: GREEN
[*] HEARTBEAT SYNC: 00:38:16 | LED: GREEN
[*] HEARTBEAT SYNC: 00:38:26 | LED: GREEN
[*] HEARTBEAT SYNC: 00:38:36 | LED: GREEN
[*] HEARTBEAT SYNC: 00:38:47 | LED: GREEN
[*] HEARTBEAT SYNC: 00:38:57 | LED: GREEN
[*] HEARTBEAT SYNC: 00:39:07 | LED: GREEN
[*] HEARTBEAT SYNC: 00:39:17 | LED: GREEN
[*] HEARTBEAT SYNC: 00:39:27 | LED: GREEN
[*] HEARTBEAT SYNC: 00:39:37 | LED: GREEN
[*] HEARTBEAT SYNC: 00:39:47 | LED: GREEN
[*] HEARTBEAT SYNC: 00:39:57 | LED: GREEN
[*] HEARTBEAT SYNC: 00:40:08 | LED: GREEN
[*] HEARTBEAT SYNC: 00:40:18 | LED: GREEN
[*] HEARTBEAT SYNC: 00:40:28 | LED: GREEN
[*] HEARTBEAT SYNC: 00:40:38 | LED: GREEN
[*] HEARTBEAT SYNC: 00:40:48 | LED: GREEN
[*] HEARTBEAT SYNC: 00:40:58 | LED: GREEN
[*] HEARTBEAT SYNC: 00:41:08 | LED: GREEN
[*] HEARTBEAT SYNC: 00:41:18 | LED: GREEN
[*] HEARTBEAT SYNC: 00:41:28 | LED: GREEN
[*] HEARTBEAT SYNC: 00:41:38 | LED: GREEN
[*] HEARTBEAT SYNC: 00:41:48 | LED: GREEN
[*] HEARTBEAT SYNC: 00:41:58 | LED: GREEN
[*] HEARTBEAT SYNC: 00:42:08 | LED: GREEN
[*] HEARTBEAT SYNC: 00:42:18 | LED: GREEN
[*] HEARTBEAT SYNC: 00:42:29 | LED: GREEN
[*] HEARTBEAT SYNC: 00:42:39 | LED: GREEN
[*] HEARTBEAT SYNC: 00:42:49 | LED: GREEN
[*] HEARTBEAT SYNC: 00:42:59 | LED: GREEN
[*] HEARTBEAT SYNC: 00:43:09 | LED: GREEN
[*] HEARTBEAT SYNC: 00:43:19 | LED: GREEN
[*] HEARTBEAT SYNC: 00:43:29 | LED: GREEN
[*] HEARTBEAT SYNC: 00:43:39 | LED: GREEN
[*] HEARTBEAT SYNC: 00:43:49 | LED: GREEN
[*] HEARTBEAT SYNC: 00:43:59 | LED: GREEN
[*] HEARTBEAT SYNC: 00:44:09 | LED: GREEN
[*] HEARTBEAT SYNC: 00:44:20 | LED: GREEN
[*] HEARTBEAT SYNC: 00:44:30 | LED: GREEN
[*] HEARTBEAT SYNC: 00:44:40 | LED: GREEN
[*] HEARTBEAT SYNC: 00:44:50 | LED: GREEN
[*] HEARTBEAT SYNC: 00:45:00 | LED: GREEN
[*] HEARTBEAT SYNC: 00:45:10 | LED: GREEN
[*] HEARTBEAT SYNC: 00:45:21 | LED: GREEN
[*] HEARTBEAT SYNC: 00:45:31 | LED: GREEN
[*] HEARTBEAT SYNC: 00:45:41 | LED: GREEN
[*] HEARTBEAT SYNC: 00:45:51 | LED: GREEN
[*] HEARTBEAT SYNC: 00:46:01 | LED: GREEN
[*] HEARTBEAT SYNC: 00:46:11 | LED: GREEN
[*] HEARTBEAT SYNC: 00:46:21 | LED: GREEN
[*] HEARTBEAT SYNC: 00:46:31 | LED: GREEN
[*] HEARTBEAT SYNC: 00:46:42 | LED: GREEN
[*] HEARTBEAT SYNC: 00:46:52 | LED: GREEN
[*] HEARTBEAT SYNC: 00:47:02 | LED: GREEN
[*] HEARTBEAT SYNC: 00:47:12 | LED: GREEN
[*] HEARTBEAT SYNC: 00:47:22 | LED: GREEN
[*] HEARTBEAT SYNC: 00:47:32 | LED: GREEN
[*] HEARTBEAT SYNC: 00:47:42 | LED: GREEN
[*] HEARTBEAT SYNC: 00:47:52 | LED: GREEN
[*] HEARTBEAT SYNC: 00:48:02 | LED: GREEN
[*] HEARTBEAT SYNC: 00:48:13 | LED: GREEN
[*] HEARTBEAT SYNC: 00:48:23 | LED: GREEN
[*] HEARTBEAT SYNC: 00:48:33 | LED: GREEN
[*] HEARTBEAT SYNC: 00:48:43 | LED: GREEN
[*] HEARTBEAT SYNC: 00:48:53 | LED: GREEN
[*] HEARTBEAT SYNC: 00:49:03 | LED: GREEN
[*] HEARTBEAT SYNC: 00:49:14 | LED: GREEN
[*] HEARTBEAT SYNC: 00:49:24 | LED: GREEN
[*] HEARTBEAT SYNC: 00:49:34 | LED: GREEN
[*] HEARTBEAT SYNC: 00:49:44 | LED: GREEN
[*] HEARTBEAT SYNC: 00:49:54 | LED: GREEN
[*] HEARTBEAT SYNC: 00:50:04 | LED: GREEN
[*] HEARTBEAT SYNC: 00:50:14 | LED: GREEN
[*] HEARTBEAT SYNC: 00:50:24 | LED: GREEN
[*] HEARTBEAT SYNC: 00:50:34 | LED: GREEN
[*] HEARTBEAT SYNC: 00:50:44 | LED: GREEN
[*] HEARTBEAT SYNC: 00:50:54 | LED: GREEN
[*] HEARTBEAT SYNC: 00:51:04 | LED: GREEN
[*] HEARTBEAT SYNC: 00:51:15 | LED: GREEN
[*] HEARTBEAT SYNC: 00:51:25 | LED: GREEN
[*] HEARTBEAT SYNC: 00:51:35 | LED: GREEN
[*] HEARTBEAT SYNC: 00:51:45 | LED: GREEN
[*] HEARTBEAT SYNC: 00:51:55 | LED: GREEN
[*] HEARTBEAT SYNC: 00:52:05 | LED: GREEN
[*] HEARTBEAT SYNC: 00:52:16 | LED: GREEN
[*] HEARTBEAT SYNC: 00:52:26 | LED: GREEN
[*] HEARTBEAT SYNC: 00:52:36 | LED: GREEN
[*] HEARTBEAT SYNC: 00:52:46 | LED: GREEN
[*] HEARTBEAT SYNC: 00:52:56 | LED: GREEN
[*] HEARTBEAT SYNC: 00:53:06 | LED: GREEN
[*] HEARTBEAT SYNC: 00:53:16 | LED: GREEN
[*] HEARTBEAT SYNC: 00:53:26 | LED: GREEN
[*] HEARTBEAT SYNC: 00:53:36 | LED: GREEN
[*] HEARTBEAT SYNC: 00:53:46 | LED: GREEN
[*] HEARTBEAT SYNC: 00:53:57 | LED: GREEN
[*] HEARTBEAT SYNC: 00:54:07 | LED: GREEN
[*] HEARTBEAT SYNC: 00:54:17 | LED: GREEN
[*] HEARTBEAT SYNC: 00:54:27 | LED: GREEN
[*] HEARTBEAT SYNC: 00:54:37 | LED: GREEN
[*] HEARTBEAT SYNC: 00:54:47 | LED: GREEN
[*] HEARTBEAT SYNC: 00:54:57 | LED: GREEN
[*] HEARTBEAT SYNC: 00:55:07 | LED: GREEN
[*] HEARTBEAT SYNC: 00:55:18 | LED: GREEN
[*] HEARTBEAT SYNC: 00:55:28 | LED: GREEN
[*] HEARTBEAT SYNC: 00:55:38 | LED: GREEN
[*] HEARTBEAT SYNC: 00:55:48 | LED: GREEN
[*] HEARTBEAT SYNC: 00:55:58 | LED: GREEN
[*] HEARTBEAT SYNC: 00:56:09 | LED: GREEN
[*] HEARTBEAT SYNC: 00:56:19 | LED: GREEN
[*] HEARTBEAT SYNC: 00:56:29 | LED: GREEN
[*] HEARTBEAT SYNC: 00:56:39 | LED: GREEN
[*] HEARTBEAT SYNC: 00:56:49 | LED: GREEN
[*] HEARTBEAT SYNC: 00:56:59 | LED: GREEN
[*] HEARTBEAT SYNC: 00:57:09 | LED: GREEN
[*] HEARTBEAT SYNC: 00:57:19 | LED: GREEN
[*] HEARTBEAT SYNC: 00:57:29 | LED: GREEN
[*] HEARTBEAT SYNC: 00:57:40 | LED: GREEN
[*] HEARTBEAT SYNC: 00:57:50 | LED: GREEN
[*] HEARTBEAT SYNC: 00:58:00 | LED: GREEN
[*] HEARTBEAT SYNC: 00:58:10 | LED: GREEN
[*] HEARTBEAT SYNC: 00:58:20 | LED: GREEN
[*] HEARTBEAT SYNC: 00:58:31 | LED: GREEN
[*] HEARTBEAT SYNC: 00:58:41 | LED: GREEN
[*] HEARTBEAT SYNC: 00:58:51 | LED: GREEN
[*] HEARTBEAT SYNC: 00:59:01 | LED: GREEN
[*] HEARTBEAT SYNC: 00:59:11 | LED: GREEN
[*] HEARTBEAT SYNC: 00:59:21 | LED: GREEN
[*] HEARTBEAT SYNC: 00:59:31 | LED: GREEN
[*] HEARTBEAT SYNC: 00:59:41 | LED: GREEN
[*] HEARTBEAT SYNC: 00:59:51 | LED: GREEN
[*] HEARTBEAT SYNC: 01:00:01 | LED: GREEN
[*] HEARTBEAT SYNC: 01:00:11 | LED: GREEN
[*] HEARTBEAT SYNC: 01:00:21 | LED: GREEN
[*] HEARTBEAT SYNC: 01:00:32 | LED: GREEN
[*] HEARTBEAT SYNC: 01:00:42 | LED: GREEN
[*] HEARTBEAT SYNC: 01:00:52 | LED: GREEN
[*] HEARTBEAT SYNC: 01:01:02 | LED: GREEN
[*] HEARTBEAT SYNC: 01:01:12 | LED: GREEN
[*] HEARTBEAT SYNC: 01:01:22 | LED: GREEN
[*] HEARTBEAT SYNC: 01:01:32 | LED: GREEN
[*] HEARTBEAT SYNC: 01:01:42 | LED: GREEN
[*] HEARTBEAT SYNC: 01:01:53 | LED: GREEN
[*] HEARTBEAT SYNC: 01:02:03 | LED: GREEN
[*] HEARTBEAT SYNC: 01:02:13 | LED: GREEN
[*] HEARTBEAT SYNC: 01:02:23 | LED: GREEN
[*] HEARTBEAT SYNC: 01:02:33 | LED: GREEN
[*] HEARTBEAT SYNC: 01:02:44 | LED: GREEN
[*] HEARTBEAT SYNC: 01:02:54 | LED: GREEN
[*] HEARTBEAT SYNC: 01:03:04 | LED: GREEN
[*] HEARTBEAT SYNC: 01:03:14 | LED: GREEN
[*] HEARTBEAT SYNC: 01:03:24 | LED: GREEN
[*] HEARTBEAT SYNC: 01:03:34 | LED: GREEN
[*] HEARTBEAT SYNC: 01:03:44 | LED: GREEN
[*] HEARTBEAT SYNC: 01:03:54 | LED: GREEN
[*] HEARTBEAT SYNC: 01:04:04 | LED: GREEN
[*] HEARTBEAT SYNC: 01:04:14 | LED: GREEN
[*] HEARTBEAT SYNC: 01:04:25 | LED: GREEN
[*] HEARTBEAT SYNC: 01:04:35 | LED: GREEN
[*] HEARTBEAT SYNC: 01:04:45 | LED: GREEN
[*] HEARTBEAT SYNC: 01:04:55 | LED: GREEN
[*] HEARTBEAT SYNC: 01:05:05 | LED: GREEN
[*] HEARTBEAT SYNC: 01:05:15 | LED: GREEN
[*] HEARTBEAT SYNC: 01:05:25 | LED: GREEN
[*] HEARTBEAT SYNC: 01:05:35 | LED: GREEN
[*] HEARTBEAT SYNC: 01:05:46 | LED: GREEN
[*] HEARTBEAT SYNC: 01:05:56 | LED: GREEN
[*] HEARTBEAT SYNC: 01:06:06 | LED: GREEN
[*] HEARTBEAT SYNC: 01:06:16 | LED: GREEN
[*] HEARTBEAT SYNC: 01:06:26 | LED: GREEN
[*] HEARTBEAT SYNC: 01:06:36 | LED: GREEN
[*] HEARTBEAT SYNC: 01:06:46 | LED: GREEN
[*] HEARTBEAT SYNC: 01:06:56 | LED: GREEN
[*] HEARTBEAT SYNC: 01:07:06 | LED: GREEN
[*] HEARTBEAT SYNC: 01:07:17 | LED: GREEN
[*] HEARTBEAT SYNC: 01:07:27 | LED: GREEN
[*] HEARTBEAT SYNC: 01:07:37 | LED: GREEN
[*] HEARTBEAT SYNC: 01:07:47 | LED: GREEN
[*] HEARTBEAT SYNC: 01:07:57 | LED: GREEN
[*] HEARTBEAT SYNC: 01:08:07 | LED: GREEN
[*] HEARTBEAT SYNC: 01:08:17 | LED: GREEN
[*] HEARTBEAT SYNC: 01:08:27 | LED: GREEN
[*] HEARTBEAT SYNC: 01:08:37 | LED: GREEN
[*] HEARTBEAT SYNC: 01:08:48 | LED: GREEN
[*] HEARTBEAT SYNC: 01:09:20 | LED: GREEN
[*] HEARTBEAT SYNC: 01:10:39 | LED: GREEN
[*] HEARTBEAT SYNC: 01:13:11 | LED: GREEN
[*] HEARTBEAT SYNC: 01:13:22 | LED: GREEN
[*] HEARTBEAT SYNC: 01:13:32 | LED: GREEN
[*] HEARTBEAT SYNC: 01:14:22 | LED: GREEN
[*] HEARTBEAT SYNC: 01:14:32 | LED: GREEN
[*] HEARTBEAT SYNC: 01:14:42 | LED: GREEN
[*] HEARTBEAT SYNC: 01:14:52 | LED: GREEN
[*] HEARTBEAT SYNC: 01:15:03 | LED: GREEN
[*] HEARTBEAT SYNC: 01:15:13 | LED: GREEN
[*] HEARTBEAT SYNC: 01:15:23 | LED: GREEN
[*] HEARTBEAT SYNC: 01:15:33 | LED: GREEN
[*] HEARTBEAT SYNC: 01:15:43 | LED: GREEN
[*] HEARTBEAT SYNC: 01:15:53 | LED: GREEN
[*] HEARTBEAT SYNC: 01:16:04 | LED: GREEN
[*] HEARTBEAT SYNC: 01:16:14 | LED: GREEN
[*] HEARTBEAT SYNC: 01:16:24 | LED: GREEN
[*] HEARTBEAT SYNC: 01:16:34 | LED: GREEN
[!] CHANGES DETECTED. INITIATING GLOBAL NODE SYNC...
fatal: Unable to create '/data/data/com.termux/files/home/Jackson-Node/.git/index.lock': File exists.

Another git process seems to be running in this repository, or the lock file may be stale
[main 97ad8fc] GGTI_AUTO_SYNC: 2026-05-12 01:16:35
 1 file changed, 5 insertions(+), 5 deletions(-)
To https://github.com/delonbouler617-main/Jackson-Node.git
 ! [remote rejected] main -> main (cannot lock ref 'refs/heads/main': is at 97ad8fc4e593cd24a7140e2f706df2725963d405 but expected da1dc0d7e77a6677eb6f0dd6a7c490db20b0887a)
error: failed to push some refs to 'https://github.com/delonbouler617-main/Jackson-Node.git'
[✔] GLOBAL NODE UPDATED.
[*] HEARTBEAT SYNC: 01:16:46 | LED: GREEN
[*] HEARTBEAT SYNC: 01:16:56 | LED: GREEN
[*] HEARTBEAT SYNC: 01:17:06 | LED: GREEN
[*] HEARTBEAT SYNC: 01:17:16 | LED: GREEN
[*] HEARTBEAT SYNC: 01:17:27 | LED: GREEN
[*] HEARTBEAT SYNC: 01:17:37 | LED: GREEN
[*] HEARTBEAT SYNC: 01:17:47 | LED: GREEN
[*] HEARTBEAT SYNC: 01:17:57 | LED: GREEN
[*] HEARTBEAT SYNC: 01:18:07 | LED: GREEN
[*] HEARTBEAT SYNC: 01:18:17 | LED: GREEN
[*] HEARTBEAT SYNC: 01:18:28 | LED: GREEN
[*] HEARTBEAT SYNC: 01:18:38 | LED: GREEN
[*] HEARTBEAT SYNC: 01:18:48 | LED: GREEN
[*] HEARTBEAT SYNC: 01:18:58 | LED: GREEN
[*] HEARTBEAT SYNC: 01:19:08 | LED: GREEN
[*] HEARTBEAT SYNC: 01:19:18 | LED: GREEN
[*] HEARTBEAT SYNC: 01:19:28 | LED: GREEN
[*] HEARTBEAT SYNC: 01:19:38 | LED: GREEN
[*] HEARTBEAT SYNC: 01:19:49 | LED: GREEN
[*] HEARTBEAT SYNC: 01:19:59 | LED: GREEN
[*] HEARTBEAT SYNC: 01:20:09 | LED: GREEN
[*] HEARTBEAT SYNC: 01:20:19 | LED: GREEN
[*] HEARTBEAT SYNC: 01:20:29 | LED: GREEN
[*] HEARTBEAT SYNC: 01:20:39 | LED: GREEN
[*] HEARTBEAT SYNC: 01:20:49 | LED: GREEN
[*] HEARTBEAT SYNC: 01:20:59 | LED: GREEN
[*] HEARTBEAT SYNC: 01:21:09 | LED: GREEN
[*] HEARTBEAT SYNC: 01:21:19 | LED: GREEN
[*] HEARTBEAT SYNC: 01:21:29 | LED: GREEN
[*] HEARTBEAT SYNC: 01:21:40 | LED: GREEN
[*] HEARTBEAT SYNC: 01:21:50 | LED: GREEN
[*] HEARTBEAT SYNC: 01:22:00 | LED: GREEN
[*] HEARTBEAT SYNC: 01:22:10 | LED: GREEN
[*] HEARTBEAT SYNC: 01:22:20 | LED: GREEN
[*] HEARTBEAT SYNC: 01:22:30 | LED: GREEN
[*] HEARTBEAT SYNC: 01:22:40 | LED: GREEN
[*] HEARTBEAT SYNC: 01:22:50 | LED: GREEN
[*] HEARTBEAT SYNC: 01:23:00 | LED: GREEN
[*] HEARTBEAT SYNC: 01:23:10 | LED: GREEN
[*] HEARTBEAT SYNC: 01:23:20 | LED: GREEN
[*] HEARTBEAT SYNC: 01:23:30 | LED: GREEN
[*] HEARTBEAT SYNC: 01:23:40 | LED: GREEN
[*] HEARTBEAT SYNC: 01:23:50 | LED: GREEN
[*] HEARTBEAT SYNC: 01:24:01 | LED: GREEN
[*] HEARTBEAT SYNC: 01:24:11 | LED: GREEN
[*] HEARTBEAT SYNC: 01:24:21 | LED: GREEN
[*] HEARTBEAT SYNC: 01:24:31 | LED: GREEN
[*] HEARTBEAT SYNC: 01:24:41 | LED: GREEN
[*] HEARTBEAT SYNC: 01:24:51 | LED: GREEN
[*] HEARTBEAT SYNC: 01:25:01 | LED: GREEN
[*] HEARTBEAT SYNC: 01:25:11 | LED: GREEN
[*] HEARTBEAT SYNC: 01:25:21 | LED: GREEN
[*] HEARTBEAT SYNC: 01:25:31 | LED: GREEN
[*] HEARTBEAT SYNC: 01:25:41 | LED: GREEN
[*] HEARTBEAT SYNC: 01:25:52 | LED: GREEN
[*] HEARTBEAT SYNC: 01:26:02 | LED: GREEN
[*] HEARTBEAT SYNC: 01:26:12 | LED: GREEN
[*] HEARTBEAT SYNC: 01:26:22 | LED: GREEN
[*] HEARTBEAT SYNC: 01:26:32 | LED: GREEN
[*] HEARTBEAT SYNC: 01:26:42 | LED: GREEN
[*] HEARTBEAT SYNC: 01:26:52 | LED: GREEN
[*] HEARTBEAT SYNC: 01:27:02 | LED: GREEN
[*] HEARTBEAT SYNC: 01:27:12 | LED: GREEN
[*] HEARTBEAT SYNC: 01:27:22 | LED: GREEN
[*] HEARTBEAT SYNC: 01:27:32 | LED: GREEN
[*] HEARTBEAT SYNC: 01:27:42 | LED: GREEN
[*] HEARTBEAT SYNC: 01:27:52 | LED: GREEN
[*] HEARTBEAT SYNC: 01:28:02 | LED: GREEN
[*] HEARTBEAT SYNC: 01:28:12 | LED: GREEN
[*] HEARTBEAT SYNC: 01:28:22 | LED: GREEN
[*] HEARTBEAT SYNC: 01:28:33 | LED: GREEN
[*] HEARTBEAT SYNC: 01:28:43 | LED: GREEN
[*] HEARTBEAT SYNC: 01:28:53 | LED: GREEN
[*] HEARTBEAT SYNC: 01:29:03 | LED: GREEN
[*] HEARTBEAT SYNC: 01:29:13 | LED: GREEN
[*] HEARTBEAT SYNC: 01:29:23 | LED: GREEN
[*] HEARTBEAT SYNC: 01:29:33 | LED: GREEN
[*] HEARTBEAT SYNC: 01:29:43 | LED: GREEN
[*] HEARTBEAT SYNC: 01:29:53 | LED: GREEN
[*] HEARTBEAT SYNC: 01:30:03 | LED: GREEN
[*] HEARTBEAT SYNC: 01:30:13 | LED: GREEN
[*] HEARTBEAT SYNC: 01:30:23 | LED: GREEN
[*] HEARTBEAT SYNC: 01:30:33 | LED: GREEN
[*] HEARTBEAT SYNC: 01:30:43 | LED: GREEN
[*] HEARTBEAT SYNC: 01:30:54 | LED: GREEN
[*] HEARTBEAT SYNC: 01:31:04 | LED: GREEN
[*] HEARTBEAT SYNC: 01:31:14 | LED: GREEN
[*] HEARTBEAT SYNC: 01:31:24 | LED: GREEN
[*] HEARTBEAT SYNC: 01:31:34 | LED: GREEN
[*] HEARTBEAT SYNC: 01:31:44 | LED: GREEN
[*] HEARTBEAT SYNC: 01:31:54 | LED: GREEN
[*] HEARTBEAT SYNC: 01:32:04 | LED: GREEN
[*] HEARTBEAT SYNC: 01:32:14 | LED: GREEN
[*] HEARTBEAT SYNC: 01:32:24 | LED: GREEN
[*] HEARTBEAT SYNC: 01:32:35 | LED: GREEN
[*] HEARTBEAT SYNC: 01:32:45 | LED: GREEN
[*] HEARTBEAT SYNC: 01:32:55 | LED: GREEN
[*] HEARTBEAT SYNC: 01:33:05 | LED: GREEN
[*] HEARTBEAT SYNC: 01:33:15 | LED: GREEN
[*] HEARTBEAT SYNC: 01:33:25 | LED: GREEN
[*] HEARTBEAT SYNC: 01:33:35 | LED: GREEN
[*] HEARTBEAT SYNC: 01:33:45 | LED: GREEN
[*] HEARTBEAT SYNC: 01:33:55 | LED: GREEN
[*] HEARTBEAT SYNC: 01:34:05 | LED: GREEN
[*] HEARTBEAT SYNC: 01:34:15 | LED: GREEN
[*] HEARTBEAT SYNC: 01:34:26 | LED: GREEN
[*] HEARTBEAT SYNC: 01:34:36 | LED: GREEN
[*] HEARTBEAT SYNC: 01:34:46 | LED: GREEN
[*] HEARTBEAT SYNC: 01:34:56 | LED: GREEN
[*] HEARTBEAT SYNC: 01:35:06 | LED: GREEN
[*] HEARTBEAT SYNC: 01:35:16 | LED: GREEN
[*] HEARTBEAT SYNC: 01:35:26 | LED: GREEN
[*] HEARTBEAT SYNC: 01:35:36 | LED: GREEN
[*] HEARTBEAT SYNC: 01:35:46 | LED: GREEN
[*] HEARTBEAT SYNC: 01:35:56 | LED: GREEN
[*] HEARTBEAT SYNC: 01:36:06 | LED: GREEN
[*] HEARTBEAT SYNC: 01:36:16 | LED: GREEN
[*] HEARTBEAT SYNC: 01:36:26 | LED: GREEN
[*] HEARTBEAT SYNC: 01:36:37 | LED: GREEN
[*] HEARTBEAT SYNC: 01:36:47 | LED: GREEN
[*] HEARTBEAT SYNC: 01:36:57 | LED: GREEN
[*] HEARTBEAT SYNC: 01:37:07 | LED: GREEN
[*] HEARTBEAT SYNC: 01:37:17 | LED: GREEN
[*] HEARTBEAT SYNC: 01:37:27 | LED: GREEN
[*] HEARTBEAT SYNC: 01:37:38 | LED: GREEN
[*] HEARTBEAT SYNC: 01:37:48 | LED: GREEN
[*] HEARTBEAT SYNC: 01:37:58 | LED: GREEN
[*] HEARTBEAT SYNC: 01:38:08 | LED: GREEN
[*] HEARTBEAT SYNC: 01:38:18 | LED: GREEN
[*] HEARTBEAT SYNC: 01:38:28 | LED: GREEN
[*] HEARTBEAT SYNC: 01:38:38 | LED: GREEN
[*] HEARTBEAT SYNC: 01:38:48 | LED: GREEN
[*] HEARTBEAT SYNC: 01:38:59 | LED: GREEN
[*] HEARTBEAT SYNC: 01:39:09 | LED: GREEN
[*] HEARTBEAT SYNC: 01:39:19 | LED: GREEN
[*] HEARTBEAT SYNC: 01:39:29 | LED: GREEN
[*] HEARTBEAT SYNC: 01:39:39 | LED: GREEN
[*] HEARTBEAT SYNC: 01:39:49 | LED: GREEN
[*] HEARTBEAT SYNC: 01:39:59 | LED: GREEN
[*] HEARTBEAT SYNC: 01:40:09 | LED: GREEN
[*] HEARTBEAT SYNC: 01:40:19 | LED: GREEN
[*] HEARTBEAT SYNC: 01:40:29 | LED: GREEN
[*] HEARTBEAT SYNC: 01:40:39 | LED: GREEN
[*] HEARTBEAT SYNC: 01:40:49 | LED: GREEN
[*] HEARTBEAT SYNC: 01:41:00 | LED: GREEN
[*] HEARTBEAT SYNC: 01:41:10 | LED: GREEN
[*] HEARTBEAT SYNC: 01:41:20 | LED: GREEN
[*] HEARTBEAT SYNC: 01:41:30 | LED: GREEN
[*] HEARTBEAT SYNC: 01:41:40 | LED: GREEN
[*] HEARTBEAT SYNC: 01:41:50 | LED: GREEN
[*] HEARTBEAT SYNC: 01:44:15 | LED: GREEN
[*] HEARTBEAT SYNC: 01:44:25 | LED: GREEN
[*] HEARTBEAT SYNC: 01:44:35 | LED: GREEN
[*] HEARTBEAT SYNC: 01:44:45 | LED: GREEN
[*] HEARTBEAT SYNC: 01:44:56 | LED: GREEN
[*] HEARTBEAT SYNC: 01:45:06 | LED: GREEN
[*] HEARTBEAT SYNC: 01:45:16 | LED: GREEN
[*] HEARTBEAT SYNC: 01:45:27 | LED: GREEN
[*] HEARTBEAT SYNC: 01:45:37 | LED: GREEN
[*] HEARTBEAT SYNC: 01:45:47 | LED: GREEN
[*] HEARTBEAT SYNC: 01:45:57 | LED: GREEN
[*] HEARTBEAT SYNC: 01:46:07 | LED: GREEN
[*] HEARTBEAT SYNC: 01:46:18 | LED: GREEN
[*] HEARTBEAT SYNC: 01:46:28 | LED: GREEN
[*] HEARTBEAT SYNC: 01:46:38 | LED: GREEN
[*] HEARTBEAT SYNC: 01:46:48 | LED: GREEN
[*] HEARTBEAT SYNC: 01:46:58 | LED: GREEN
[*] HEARTBEAT SYNC: 01:47:08 | LED: GREEN
[*] HEARTBEAT SYNC: 01:47:18 | LED: GREEN
[*] HEARTBEAT SYNC: 01:47:28 | LED: GREEN
[*] HEARTBEAT SYNC: 01:47:38 | LED: GREEN
[*] HEARTBEAT SYNC: 01:47:48 | LED: GREEN
[*] HEARTBEAT SYNC: 01:47:58 | LED: GREEN
[*] HEARTBEAT SYNC: 01:48:08 | LED: GREEN
[*] HEARTBEAT SYNC: 01:48:19 | LED: GREEN
[*] HEARTBEAT SYNC: 01:48:29 | LED: GREEN
[*] HEARTBEAT SYNC: 01:48:39 | LED: GREEN
[*] HEARTBEAT SYNC: 01:48:49 | LED: GREEN
[*] HEARTBEAT SYNC: 01:48:59 | LED: GREEN
[*] HEARTBEAT SYNC: 01:49:09 | LED: GREEN
[*] HEARTBEAT SYNC: 01:49:19 | LED: GREEN
[*] HEARTBEAT SYNC: 01:49:30 | LED: GREEN
[*] HEARTBEAT SYNC: 01:49:40 | LED: GREEN
[*] HEARTBEAT SYNC: 01:49:50 | LED: GREEN
[*] HEARTBEAT SYNC: 01:50:00 | LED: GREEN
[*] HEARTBEAT SYNC: 01:50:10 | LED: GREEN
[*] HEARTBEAT SYNC: 01:50:20 | LED: GREEN
[*] HEARTBEAT SYNC: 01:50:30 | LED: GREEN
[*] HEARTBEAT SYNC: 01:50:40 | LED: GREEN
[*] HEARTBEAT SYNC: 01:50:50 | LED: GREEN
[*] HEARTBEAT SYNC: 01:51:00 | LED: GREEN
[*] HEARTBEAT SYNC: 01:51:11 | LED: GREEN
[*] HEARTBEAT SYNC: 01:51:21 | LED: GREEN
[*] HEARTBEAT SYNC: 01:51:31 | LED: GREEN
[*] HEARTBEAT SYNC: 01:51:41 | LED: GREEN
[*] HEARTBEAT SYNC: 01:51:51 | LED: GREEN
[*] HEARTBEAT SYNC: 01:52:01 | LED: GREEN
[*] HEARTBEAT SYNC: 01:52:11 | LED: GREEN
[!] CHANGES DETECTED. INITIATING GLOBAL NODE SYNC...
[main 4fc93d3] GGTI_AUTO_SYNC: 2026-05-12 01:52:11
 1 file changed, 5 insertions(+), 5 deletions(-)
To https://github.com/delonbouler617-main/Jackson-Node.git
   821d17b..4fc93d3  main -> main
[✔] GLOBAL NODE UPDATED.
[*] HEARTBEAT SYNC: 01:52:23 | LED: GREEN
[*] HEARTBEAT SYNC: 01:52:33 | LED: GREEN
[*] HEARTBEAT SYNC: 01:52:43 | LED: GREEN
[!] CHANGES DETECTED. INITIATING GLOBAL NODE SYNC...
fatal: Unable to create '/data/data/com.termux/files/home/Jackson-Node/.git/index.lock': File exists.

Another git process seems to be running in this repository, or the lock file may be stale
fatal: Unable to create '/data/data/com.termux/files/home/Jackson-Node/.git/index.lock': File exists.

Another git process seems to be running in this repository, or the lock file may be stale
Everything up-to-date
[✔] GLOBAL NODE UPDATED.
[*] HEARTBEAT SYNC: 01:52:53 | LED: GREEN
[*] HEARTBEAT SYNC: 01:53:04 | LED: GREEN
[*] HEARTBEAT SYNC: 01:53:14 | LED: GREEN
[*] HEARTBEAT SYNC: 01:53:24 | LED: GREEN
[*] HEARTBEAT SYNC: 01:53:34 | LED: GREEN
[*] HEARTBEAT SYNC: 01:53:44 | LED: GREEN
[*] HEARTBEAT SYNC: 01:53:55 | LED: GREEN
[*] HEARTBEAT SYNC: 01:54:05 | LED: GREEN
[*] HEARTBEAT SYNC: 01:54:15 | LED: GREEN
[*] HEARTBEAT SYNC: 01:54:25 | LED: GREEN
[*] HEARTBEAT SYNC: 01:54:35 | LED: GREEN
[*] HEARTBEAT SYNC: 01:54:45 | LED: GREEN
[*] HEARTBEAT SYNC: 01:54:55 | LED: GREEN
[*] HEARTBEAT SYNC: 01:55:05 | LED: GREEN
[*] HEARTBEAT SYNC: 01:55:16 | LED: GREEN
[*] HEARTBEAT SYNC: 01:55:26 | LED: GREEN
[*] HEARTBEAT SYNC: 01:55:36 | LED: GREEN
[*] HEARTBEAT SYNC: 01:55:46 | LED: GREEN
[*] HEARTBEAT SYNC: 01:55:56 | LED: GREEN
[*] HEARTBEAT SYNC: 01:56:07 | LED: GREEN
[*] HEARTBEAT SYNC: 01:56:17 | LED: GREEN
[*] HEARTBEAT SYNC: 01:56:27 | LED: GREEN
[*] HEARTBEAT SYNC: 01:56:37 | LED: GREEN
[*] HEARTBEAT SYNC: 01:56:47 | LED: GREEN
[*] HEARTBEAT SYNC: 01:56:57 | LED: GREEN
[*] HEARTBEAT SYNC: 01:57:07 | LED: GREEN
[*] HEARTBEAT SYNC: 01:57:17 | LED: GREEN
[*] HEARTBEAT SYNC: 01:57:27 | LED: GREEN
[*] HEARTBEAT SYNC: 01:57:37 | LED: GREEN
[*] HEARTBEAT SYNC: 01:57:47 | LED: GREEN
[*] HEARTBEAT SYNC: 01:57:57 | LED: GREEN
[*] HEARTBEAT SYNC: 01:58:07 | LED: GREEN
[*] HEARTBEAT SYNC: 01:58:17 | LED: GREEN
[*] HEARTBEAT SYNC: 01:58:27 | LED: GREEN
[*] HEARTBEAT SYNC: 01:58:38 | LED: GREEN
[*] HEARTBEAT SYNC: 01:58:48 | LED: GREEN
[*] HEARTBEAT SYNC: 01:58:58 | LED: GREEN
[*] HEARTBEAT SYNC: 01:59:08 | LED: GREEN
[*] HEARTBEAT SYNC: 01:59:18 | LED: GREEN
[*] HEARTBEAT SYNC: 01:59:28 | LED: GREEN
[*] HEARTBEAT SYNC: 01:59:38 | LED: GREEN
[*] HEARTBEAT SYNC: 01:59:48 | LED: GREEN
[*] HEARTBEAT SYNC: 01:59:58 | LED: GREEN
[*] HEARTBEAT SYNC: 02:00:08 | LED: GREEN
[*] HEARTBEAT SYNC: 02:00:18 | LED: GREEN
[*] HEARTBEAT SYNC: 02:00:29 | LED: GREEN
[*] HEARTBEAT SYNC: 02:00:39 | LED: GREEN
[*] HEARTBEAT SYNC: 02:00:49 | LED: GREEN
[*] HEARTBEAT SYNC: 02:00:59 | LED: GREEN
[*] HEARTBEAT SYNC: 02:01:09 | LED: GREEN
[*] HEARTBEAT SYNC: 02:01:19 | LED: GREEN
[*] HEARTBEAT SYNC: 02:01:29 | LED: GREEN
[*] HEARTBEAT SYNC: 02:01:40 | LED: GREEN
[*] HEARTBEAT SYNC: 02:01:50 | LED: GREEN
[!] CHANGES DETECTED. INITIATING GLOBAL NODE SYNC...
fatal: Unable to create '/data/data/com.termux/files/home/Jackson-Node/.git/index.lock': File exists.

Another git process seems to be running in this repository, or the lock file may be stale
On branch main
nothing to commit, working tree clean
To https://github.com/delonbouler617-main/Jackson-Node.git
 ! [remote rejected] main -> main (cannot lock ref 'refs/heads/main': is at 45dcbaa6d4b66d0598e525b58bbd0ab0a1b2db48 but expected 69a6e493f7517ef34a97f36db0a902bacde8b222)
error: failed to push some refs to 'https://github.com/delonbouler617-main/Jackson-Node.git'
[✔] GLOBAL NODE UPDATED.
[*] HEARTBEAT SYNC: 02:02:01 | LED: GREEN
[*] HEARTBEAT SYNC: 02:02:11 | LED: GREEN
[*] HEARTBEAT SYNC: 02:02:21 | LED: GREEN
[*] HEARTBEAT SYNC: 02:02:31 | LED: GREEN
[*] HEARTBEAT SYNC: 02:02:41 | LED: GREEN
[*] HEARTBEAT SYNC: 02:02:52 | LED: GREEN
[*] HEARTBEAT SYNC: 02:03:02 | LED: GREEN
[*] HEARTBEAT SYNC: 02:03:12 | LED: GREEN
[*] HEARTBEAT SYNC: 02:03:22 | LED: GREEN
[*] HEARTBEAT SYNC: 02:03:32 | LED: GREEN
[*] HEARTBEAT SYNC: 02:03:42 | LED: GREEN
[*] HEARTBEAT SYNC: 02:03:52 | LED: GREEN
[*] HEARTBEAT SYNC: 02:04:02 | LED: GREEN
[!] CHANGES DETECTED. INITIATING GLOBAL NODE SYNC...
On branch main
nothing to commit, working tree clean
To https://github.com/delonbouler617-main/Jackson-Node.git
 ! [remote rejected] main -> main (cannot lock ref 'refs/heads/main': is at abe022aa8c031c41e92eadb075069a7bf242c348 but expected 3b25a3299e0b43e02d29f809d02398e710acb6ad)
error: failed to push some refs to 'https://github.com/delonbouler617-main/Jackson-Node.git'
[✔] GLOBAL NODE UPDATED.
[*] HEARTBEAT SYNC: 02:04:13 | LED: GREEN
[*] HEARTBEAT SYNC: 02:04:23 | LED: GREEN
[*] HEARTBEAT SYNC: 02:04:34 | LED: GREEN
[*] HEARTBEAT SYNC: 02:04:44 | LED: GREEN
[*] HEARTBEAT SYNC: 02:04:54 | LED: GREEN
[*] HEARTBEAT SYNC: 02:05:04 | LED: GREEN
[*] HEARTBEAT SYNC: 02:05:14 | LED: GREEN
[*] HEARTBEAT SYNC: 02:05:24 | LED: GREEN
[*] HEARTBEAT SYNC: 02:05:34 | LED: GREEN
[*] HEARTBEAT SYNC: 02:05:44 | LED: GREEN
[*] HEARTBEAT SYNC: 02:05:54 | LED: GREEN
[*] HEARTBEAT SYNC: 02:06:04 | LED: GREEN
[!] CHANGES DETECTED. INITIATING GLOBAL NODE SYNC...
fatal: Unable to create '/data/data/com.termux/files/home/Jackson-Node/.git/index.lock': File exists.

Another git process seems to be running in this repository, or the lock file may be stale
On branch main
nothing to commit, working tree clean
To https://github.com/delonbouler617-main/Jackson-Node.git
   9ea8ef8..e62fdc2  main -> main
[✔] GLOBAL NODE UPDATED.
[*] HEARTBEAT SYNC: 02:06:15 | LED: GREEN
[*] HEARTBEAT SYNC: 02:06:25 | LED: GREEN
[*] HEARTBEAT SYNC: 02:06:36 | LED: GREEN
[*] HEARTBEAT SYNC: 02:06:46 | LED: GREEN
[*] HEARTBEAT SYNC: 02:06:56 | LED: GREEN
[*] HEARTBEAT SYNC: 02:07:06 | LED: GREEN
[*] HEARTBEAT SYNC: 02:07:16 | LED: GREEN
[*] HEARTBEAT SYNC: 02:07:26 | LED: GREEN
[*] HEARTBEAT SYNC: 02:07:36 | LED: GREEN
[*] HEARTBEAT SYNC: 02:07:46 | LED: GREEN
[*] HEARTBEAT SYNC: 02:07:56 | LED: GREEN
[*] HEARTBEAT SYNC: 02:08:06 | LED: GREEN
[*] HEARTBEAT SYNC: 02:08:16 | LED: GREEN
[*] HEARTBEAT SYNC: 02:08:26 | LED: GREEN
[*] HEARTBEAT SYNC: 02:08:36 | LED: GREEN
[*] HEARTBEAT SYNC: 02:08:46 | LED: GREEN
[*] HEARTBEAT SYNC: 02:08:56 | LED: GREEN
[*] HEARTBEAT SYNC: 02:09:06 | LED: GREEN
[*] HEARTBEAT SYNC: 02:09:16 | LED: GREEN
[*] HEARTBEAT SYNC: 02:09:26 | LED: GREEN
[*] HEARTBEAT SYNC: 02:09:36 | LED: GREEN
[*] HEARTBEAT SYNC: 02:09:46 | LED: GREEN
[*] HEARTBEAT SYNC: 02:09:56 | LED: GREEN
[*] HEARTBEAT SYNC: 02:10:07 | LED: GREEN
[*] HEARTBEAT SYNC: 02:10:17 | LED: GREEN
[*] HEARTBEAT SYNC: 02:10:27 | LED: GREEN
[*] HEARTBEAT SYNC: 02:10:37 | LED: GREEN
[*] HEARTBEAT SYNC: 02:10:47 | LED: GREEN
[*] HEARTBEAT SYNC: 02:10:57 | LED: GREEN
[*] HEARTBEAT SYNC: 02:11:07 | LED: GREEN
[*] HEARTBEAT SYNC: 02:11:17 | LED: GREEN
[*] HEARTBEAT SYNC: 02:11:27 | LED: GREEN
[*] HEARTBEAT SYNC: 02:11:37 | LED: GREEN
[*] HEARTBEAT SYNC: 02:11:47 | LED: GREEN
[*] HEARTBEAT SYNC: 02:11:57 | LED: GREEN
[*] HEARTBEAT SYNC: 02:12:07 | LED: GREEN
[*] HEARTBEAT SYNC: 02:12:17 | LED: GREEN
[*] HEARTBEAT SYNC: 02:12:27 | LED: GREEN
[*] HEARTBEAT SYNC: 02:12:37 | LED: GREEN
[*] HEARTBEAT SYNC: 02:12:47 | LED: GREEN
[*] HEARTBEAT SYNC: 02:12:58 | LED: GREEN
[*] HEARTBEAT SYNC: 02:13:08 | LED: GREEN
[*] HEARTBEAT SYNC: 02:13:18 | LED: GREEN
[*] HEARTBEAT SYNC: 02:13:28 | LED: GREEN
[!] CHANGES DETECTED. INITIATING GLOBAL NODE SYNC...
fatal: Unable to create '/data/data/com.termux/files/home/Jackson-Node/.git/index.lock': File exists.

Another git process seems to be running in this repository, or the lock file may be stale
To https://github.com/delonbouler617-main/Jackson-Node.git
   ec5c99f..c24e871  main -> main
[✔] GLOBAL NODE UPDATED.
[*] HEARTBEAT SYNC: 02:13:39 | LED: GREEN
[*] HEARTBEAT SYNC: 02:13:49 | LED: GREEN
[*] HEARTBEAT SYNC: 02:13:59 | LED: GREEN
[*] HEARTBEAT SYNC: 02:14:09 | LED: GREEN
[*] HEARTBEAT SYNC: 02:14:19 | LED: GREEN
[*] HEARTBEAT SYNC: 02:14:29 | LED: GREEN
[*] HEARTBEAT SYNC: 02:14:39 | LED: GREEN
[*] HEARTBEAT SYNC: 02:14:49 | LED: GREEN
[*] HEARTBEAT SYNC: 02:14:59 | LED: GREEN
[*] HEARTBEAT SYNC: 02:15:09 | LED: GREEN
[*] HEARTBEAT SYNC: 02:15:19 | LED: GREEN
[*] HEARTBEAT SYNC: 02:15:29 | LED: GREEN
[*] HEARTBEAT SYNC: 02:15:39 | LED: GREEN
[*] HEARTBEAT SYNC: 02:15:50 | LED: GREEN
[*] HEARTBEAT SYNC: 02:16:00 | LED: GREEN
[*] HEARTBEAT SYNC: 02:16:10 | LED: GREEN
[*] HEARTBEAT SYNC: 02:16:20 | LED: GREEN
[*] HEARTBEAT SYNC: 02:16:30 | LED: GREEN
[*] HEARTBEAT SYNC: 02:16:40 | LED: GREEN
[*] HEARTBEAT SYNC: 02:16:50 | LED: GREEN
[*] HEARTBEAT SYNC: 02:17:00 | LED: GREEN
[*] HEARTBEAT SYNC: 02:17:10 | LED: GREEN
[*] HEARTBEAT SYNC: 02:17:20 | LED: GREEN
[*] HEARTBEAT SYNC: 02:17:30 | LED: GREEN
[*] HEARTBEAT SYNC: 02:17:40 | LED: GREEN
[*] HEARTBEAT SYNC: 02:17:50 | LED: GREEN
[*] HEARTBEAT SYNC: 02:18:00 | LED: GREEN
[*] HEARTBEAT SYNC: 02:18:10 | LED: GREEN
[*] HEARTBEAT SYNC: 02:18:20 | LED: GREEN
[*] HEARTBEAT SYNC: 02:18:30 | LED: GREEN
[*] HEARTBEAT SYNC: 02:18:40 | LED: GREEN
[*] HEARTBEAT SYNC: 02:18:50 | LED: GREEN
[*] HEARTBEAT SYNC: 02:19:00 | LED: GREEN
[*] HEARTBEAT SYNC: 02:19:10 | LED: GREEN
[*] HEARTBEAT SYNC: 02:19:20 | LED: GREEN
[*] HEARTBEAT SYNC: 02:19:30 | LED: GREEN
[*] HEARTBEAT SYNC: 02:19:40 | LED: GREEN
[*] HEARTBEAT SYNC: 02:19:50 | LED: GREEN
[*] HEARTBEAT SYNC: 02:20:00 | LED: GREEN
[*] HEARTBEAT SYNC: 02:20:10 | LED: GREEN
[*] HEARTBEAT SYNC: 02:20:20 | LED: GREEN
[*] HEARTBEAT SYNC: 02:20:30 | LED: GREEN
[*] HEARTBEAT SYNC: 02:20:41 | LED: GREEN
[*] HEARTBEAT SYNC: 02:20:51 | LED: GREEN
[*] HEARTBEAT SYNC: 02:21:01 | LED: GREEN
[*] HEARTBEAT SYNC: 02:21:11 | LED: GREEN
[*] HEARTBEAT SYNC: 02:21:21 | LED: GREEN
[*] HEARTBEAT SYNC: 02:21:31 | LED: GREEN
[*] HEARTBEAT SYNC: 02:21:41 | LED: GREEN
[*] HEARTBEAT SYNC: 02:21:51 | LED: GREEN
[*] HEARTBEAT SYNC: 02:22:01 | LED: GREEN
[*] HEARTBEAT SYNC: 02:22:11 | LED: GREEN
[*] HEARTBEAT SYNC: 02:22:21 | LED: GREEN
[*] HEARTBEAT SYNC: 02:22:31 | LED: GREEN
[*] HEARTBEAT SYNC: 02:22:41 | LED: GREEN
[*] HEARTBEAT SYNC: 02:22:52 | LED: GREEN
[*] HEARTBEAT SYNC: 02:23:02 | LED: GREEN
[*] HEARTBEAT SYNC: 02:23:12 | LED: GREEN
[*] HEARTBEAT SYNC: 02:23:22 | LED: GREEN
[*] HEARTBEAT SYNC: 02:23:32 | LED: GREEN
[*] HEARTBEAT SYNC: 02:23:42 | LED: GREEN
[*] HEARTBEAT SYNC: 02:23:52 | LED: GREEN
[*] HEARTBEAT SYNC: 02:24:02 | LED: GREEN
[*] HEARTBEAT SYNC: 02:24:12 | LED: GREEN
[*] HEARTBEAT SYNC: 02:24:22 | LED: GREEN
[*] HEARTBEAT SYNC: 02:24:32 | LED: GREEN
[*] HEARTBEAT SYNC: 02:24:42 | LED: GREEN
[*] HEARTBEAT SYNC: 02:24:52 | LED: GREEN
[*] HEARTBEAT SYNC: 02:25:02 | LED: GREEN
[*] HEARTBEAT SYNC: 02:25:13 | LED: GREEN
[*] HEARTBEAT SYNC: 02:25:23 | LED: GREEN
[*] HEARTBEAT SYNC: 02:25:33 | LED: GREEN
[*] HEARTBEAT SYNC: 02:25:43 | LED: GREEN
[*] HEARTBEAT SYNC: 02:25:53 | LED: GREEN
[*] HEARTBEAT SYNC: 02:26:03 | LED: GREEN
[*] HEARTBEAT SYNC: 02:26:13 | LED: GREEN
[*] HEARTBEAT SYNC: 02:26:23 | LED: GREEN
[*] HEARTBEAT SYNC: 02:26:33 | LED: GREEN
[*] HEARTBEAT SYNC: 02:26:43 | LED: GREEN
[*] HEARTBEAT SYNC: 02:26:53 | LED: GREEN
[*] HEARTBEAT SYNC: 02:27:03 | LED: GREEN
[*] HEARTBEAT SYNC: 02:27:13 | LED: GREEN
[*] HEARTBEAT SYNC: 02:27:24 | LED: GREEN
[*] HEARTBEAT SYNC: 02:27:34 | LED: GREEN
[*] HEARTBEAT SYNC: 02:27:44 | LED: GREEN
[*] HEARTBEAT SYNC: 02:27:54 | LED: GREEN
[*] HEARTBEAT SYNC: 02:28:04 | LED: GREEN
[*] HEARTBEAT SYNC: 02:28:14 | LED: GREEN
[*] HEARTBEAT SYNC: 02:28:24 | LED: GREEN
[*] HEARTBEAT SYNC: 02:28:34 | LED: GREEN
[*] HEARTBEAT SYNC: 02:28:44 | LED: GREEN
[*] HEARTBEAT SYNC: 02:28:54 | LED: GREEN
[*] HEARTBEAT SYNC: 02:29:04 | LED: GREEN
[*] HEARTBEAT SYNC: 02:29:14 | LED: GREEN
[*] HEARTBEAT SYNC: 02:29:25 | LED: GREEN
[*] HEARTBEAT SYNC: 02:29:35 | LED: GREEN
[*] HEARTBEAT SYNC: 02:29:45 | LED: GREEN
[*] HEARTBEAT SYNC: 02:29:55 | LED: GREEN
[*] HEARTBEAT SYNC: 02:30:05 | LED: GREEN
[*] HEARTBEAT SYNC: 02:30:15 | LED: GREEN
[*] HEARTBEAT SYNC: 02:30:25 | LED: GREEN
[*] HEARTBEAT SYNC: 02:30:35 | LED: GREEN
[*] HEARTBEAT SYNC: 02:30:45 | LED: GREEN
[*] HEARTBEAT SYNC: 02:30:55 | LED: GREEN
[*] HEARTBEAT SYNC: 02:31:05 | LED: GREEN
[*] HEARTBEAT SYNC: 02:31:15 | LED: GREEN
[*] HEARTBEAT SYNC: 02:31:25 | LED: GREEN
[*] HEARTBEAT SYNC: 02:31:35 | LED: GREEN
[*] HEARTBEAT SYNC: 02:31:45 | LED: GREEN
[*] HEARTBEAT SYNC: 02:31:55 | LED: GREEN
[*] HEARTBEAT SYNC: 02:32:05 | LED: GREEN
[*] HEARTBEAT SYNC: 02:32:16 | LED: GREEN
[*] HEARTBEAT SYNC: 02:32:26 | LED: GREEN
[*] HEARTBEAT SYNC: 02:32:36 | LED: GREEN
[*] HEARTBEAT SYNC: 02:32:46 | LED: GREEN
[*] HEARTBEAT SYNC: 02:32:56 | LED: GREEN
[*] HEARTBEAT SYNC: 02:33:06 | LED: GREEN
[*] HEARTBEAT SYNC: 02:33:16 | LED: GREEN
[*] HEARTBEAT SYNC: 02:33:26 | LED: GREEN
[*] HEARTBEAT SYNC: 02:33:36 | LED: GREEN
[*] HEARTBEAT SYNC: 02:33:46 | LED: GREEN
[*] HEARTBEAT SYNC: 02:33:56 | LED: GREEN
[*] HEARTBEAT SYNC: 02:34:06 | LED: GREEN
[*] HEARTBEAT SYNC: 02:34:17 | LED: GREEN
[*] HEARTBEAT SYNC: 02:34:27 | LED: GREEN
[*] HEARTBEAT SYNC: 02:34:37 | LED: GREEN
[*] HEARTBEAT SYNC: 02:34:47 | LED: GREEN
[*] HEARTBEAT SYNC: 02:34:57 | LED: GREEN
[*] HEARTBEAT SYNC: 02:35:07 | LED: GREEN
[*] HEARTBEAT SYNC: 02:35:17 | LED: GREEN
[*] HEARTBEAT SYNC: 02:35:27 | LED: GREEN
[*] HEARTBEAT SYNC: 02:35:37 | LED: GREEN
[*] HEARTBEAT SYNC: 02:35:47 | LED: GREEN
[*] HEARTBEAT SYNC: 02:35:57 | LED: GREEN
[*] HEARTBEAT SYNC: 02:36:07 | LED: GREEN
[*] HEARTBEAT SYNC: 02:36:17 | LED: GREEN
[*] HEARTBEAT SYNC: 02:36:27 | LED: GREEN
[*] HEARTBEAT SYNC: 02:36:37 | LED: GREEN
[*] HEARTBEAT SYNC: 02:36:47 | LED: GREEN
[*] HEARTBEAT SYNC: 02:36:57 | LED: GREEN
[*] HEARTBEAT SYNC: 02:37:07 | LED: GREEN
[*] HEARTBEAT SYNC: 02:37:17 | LED: GREEN
[*] HEARTBEAT SYNC: 02:37:27 | LED: GREEN
[*] HEARTBEAT SYNC: 02:37:37 | LED: GREEN
[*] HEARTBEAT SYNC: 02:37:48 | LED: GREEN
[*] HEARTBEAT SYNC: 02:37:58 | LED: GREEN
[*] HEARTBEAT SYNC: 02:38:08 | LED: GREEN
[*] HEARTBEAT SYNC: 02:38:18 | LED: GREEN
[*] HEARTBEAT SYNC: 02:38:28 | LED: GREEN
[*] HEARTBEAT SYNC: 02:38:38 | LED: GREEN
[*] HEARTBEAT SYNC: 02:38:48 | LED: GREEN
[*] HEARTBEAT SYNC: 02:38:58 | LED: GREEN
[*] HEARTBEAT SYNC: 02:39:08 | LED: GREEN
[*] HEARTBEAT SYNC: 02:39:18 | LED: GREEN
[*] HEARTBEAT SYNC: 02:39:28 | LED: GREEN
[*] HEARTBEAT SYNC: 02:39:38 | LED: GREEN
[*] HEARTBEAT SYNC: 02:39:48 | LED: GREEN
[*] HEARTBEAT SYNC: 02:39:58 | LED: GREEN
[*] HEARTBEAT SYNC: 02:40:08 | LED: GREEN
[*] HEARTBEAT SYNC: 02:40:18 | LED: GREEN
[*] HEARTBEAT SYNC: 02:40:28 | LED: GREEN
[*] HEARTBEAT SYNC: 02:40:38 | LED: GREEN
[*] HEARTBEAT SYNC: 02:40:48 | LED: GREEN
[*] HEARTBEAT SYNC: 02:40:58 | LED: GREEN
[*] HEARTBEAT SYNC: 02:41:08 | LED: GREEN
[*] HEARTBEAT SYNC: 02:41:18 | LED: GREEN
[*] HEARTBEAT SYNC: 02:41:29 | LED: GREEN
[*] HEARTBEAT SYNC: 02:41:39 | LED: GREEN
[*] HEARTBEAT SYNC: 02:41:49 | LED: GREEN
[*] HEARTBEAT SYNC: 02:41:59 | LED: GREEN
[*] HEARTBEAT SYNC: 02:42:09 | LED: GREEN
[*] HEARTBEAT SYNC: 02:42:19 | LED: GREEN
[*] HEARTBEAT SYNC: 02:42:29 | LED: GREEN
[*] HEARTBEAT SYNC: 02:42:39 | LED: GREEN
[*] HEARTBEAT SYNC: 02:42:49 | LED: GREEN
[*] HEARTBEAT SYNC: 02:42:59 | LED: GREEN
[*] HEARTBEAT SYNC: 02:43:09 | LED: GREEN
[*] HEARTBEAT SYNC: 02:43:19 | LED: GREEN
[*] HEARTBEAT SYNC: 02:43:29 | LED: GREEN
[*] HEARTBEAT SYNC: 02:43:39 | LED: GREEN
[*] HEARTBEAT SYNC: 02:43:49 | LED: GREEN
[*] HEARTBEAT SYNC: 02:43:59 | LED: GREEN
[!] CHANGES DETECTED. INITIATING GLOBAL NODE SYNC...
fatal: Unable to create '/data/data/com.termux/files/home/Jackson-Node/.git/index.lock': File exists.

Another git process seems to be running in this repository, or the lock file may be stale
On branch main
nothing to commit, working tree clean
To https://github.com/delonbouler617-main/Jackson-Node.git
 ! [remote rejected] main -> main (cannot lock ref 'refs/heads/main': is at 442d8fde176304dfffcbf6f39b4deeb107f97bd9 but expected 6dab61a58022b41b0033314bba756b9e0ce16363)
error: failed to push some refs to 'https://github.com/delonbouler617-main/Jackson-Node.git'
[✔] GLOBAL NODE UPDATED.
[*] HEARTBEAT SYNC: 02:44:11 | LED: GREEN
[*] HEARTBEAT SYNC: 02:44:21 | LED: GREEN
[*] HEARTBEAT SYNC: 02:44:31 | LED: GREEN
[*] HEARTBEAT SYNC: 02:44:41 | LED: GREEN
[*] HEARTBEAT SYNC: 02:44:51 | LED: GREEN
[*] HEARTBEAT SYNC: 02:45:01 | LED: GREEN
[*] HEARTBEAT SYNC: 02:45:11 | LED: GREEN
[*] HEARTBEAT SYNC: 02:45:21 | LED: GREEN
[*] HEARTBEAT SYNC: 02:45:31 | LED: GREEN
[*] HEARTBEAT SYNC: 02:45:41 | LED: GREEN
[*] HEARTBEAT SYNC: 02:45:51 | LED: GREEN
[*] HEARTBEAT SYNC: 02:46:01 | LED: GREEN
[*] HEARTBEAT SYNC: 02:46:11 | LED: GREEN
[*] HEARTBEAT SYNC: 02:46:21 | LED: GREEN
[*] HEARTBEAT SYNC: 02:46:31 | LED: GREEN
[*] HEARTBEAT SYNC: 02:46:41 | LED: GREEN
[*] HEARTBEAT SYNC: 02:46:51 | LED: GREEN
[*] HEARTBEAT SYNC: 02:47:01 | LED: GREEN
[*] HEARTBEAT SYNC: 02:47:11 | LED: GREEN
[*] HEARTBEAT SYNC: 02:47:21 | LED: GREEN
[*] HEARTBEAT SYNC: 02:47:31 | LED: GREEN
[*] HEARTBEAT SYNC: 02:47:41 | LED: GREEN
[*] HEARTBEAT SYNC: 02:47:52 | LED: GREEN
[*] HEARTBEAT SYNC: 02:48:02 | LED: GREEN
[*] HEARTBEAT SYNC: 02:48:12 | LED: GREEN
[*] HEARTBEAT SYNC: 02:48:22 | LED: GREEN
[*] HEARTBEAT SYNC: 02:48:32 | LED: GREEN
[*] HEARTBEAT SYNC: 02:48:42 | LED: GREEN
[*] HEARTBEAT SYNC: 02:48:52 | LED: GREEN
[*] HEARTBEAT SYNC: 02:49:02 | LED: GREEN
[*] HEARTBEAT SYNC: 02:49:12 | LED: GREEN
[*] HEARTBEAT SYNC: 02:49:22 | LED: GREEN
[*] HEARTBEAT SYNC: 02:49:32 | LED: GREEN
[*] HEARTBEAT SYNC: 02:49:42 | LED: GREEN
[*] HEARTBEAT SYNC: 02:49:52 | LED: GREEN
[*] HEARTBEAT SYNC: 02:50:02 | LED: GREEN
[*] HEARTBEAT SYNC: 02:50:12 | LED: GREEN
[*] HEARTBEAT SYNC: 02:50:22 | LED: GREEN
[*] HEARTBEAT SYNC: 02:50:32 | LED: GREEN
[*] HEARTBEAT SYNC: 02:50:42 | LED: GREEN
[*] HEARTBEAT SYNC: 02:50:52 | LED: GREEN
[*] HEARTBEAT SYNC: 02:51:02 | LED: GREEN
[*] HEARTBEAT SYNC: 02:51:12 | LED: GREEN
[*] HEARTBEAT SYNC: 02:51:22 | LED: GREEN
[*] HEARTBEAT SYNC: 02:51:33 | LED: GREEN
[*] HEARTBEAT SYNC: 02:51:43 | LED: GREEN
[*] HEARTBEAT SYNC: 02:51:53 | LED: GREEN
[*] HEARTBEAT SYNC: 02:52:03 | LED: GREEN
[*] HEARTBEAT SYNC: 02:52:13 | LED: GREEN
[*] HEARTBEAT SYNC: 02:52:23 | LED: GREEN
[*] HEARTBEAT SYNC: 02:52:33 | LED: GREEN
[*] HEARTBEAT SYNC: 02:52:43 | LED: GREEN
[*] HEARTBEAT SYNC: 02:52:53 | LED: GREEN
[*] HEARTBEAT SYNC: 02:53:03 | LED: GREEN
[*] HEARTBEAT SYNC: 02:53:13 | LED: GREEN
[*] HEARTBEAT SYNC: 02:53:23 | LED: GREEN
[*] HEARTBEAT SYNC: 02:53:33 | LED: GREEN
[*] HEARTBEAT SYNC: 02:53:43 | LED: GREEN
[*] HEARTBEAT SYNC: 02:53:53 | LED: GREEN
[*] HEARTBEAT SYNC: 02:54:03 | LED: GREEN
[*] HEARTBEAT SYNC: 02:54:14 | LED: GREEN
[*] HEARTBEAT SYNC: 02:54:24 | LED: GREEN
[*] HEARTBEAT SYNC: 02:54:34 | LED: GREEN
[*] HEARTBEAT SYNC: 02:54:44 | LED: GREEN
[*] HEARTBEAT SYNC: 02:54:54 | LED: GREEN
[*] HEARTBEAT SYNC: 02:55:04 | LED: GREEN
[*] HEARTBEAT SYNC: 02:55:14 | LED: GREEN
[*] HEARTBEAT SYNC: 02:55:24 | LED: GREEN
[*] HEARTBEAT SYNC: 02:55:34 | LED: GREEN
[*] HEARTBEAT SYNC: 02:55:44 | LED: GREEN
[*] HEARTBEAT SYNC: 02:55:54 | LED: GREEN
[*] HEARTBEAT SYNC: 02:56:04 | LED: GREEN
[*] HEARTBEAT SYNC: 02:56:14 | LED: GREEN
[*] HEARTBEAT SYNC: 02:56:24 | LED: GREEN
[*] HEARTBEAT SYNC: 02:56:34 | LED: GREEN
[*] HEARTBEAT SYNC: 02:56:44 | LED: GREEN
[*] HEARTBEAT SYNC: 02:56:54 | LED: GREEN
[*] HEARTBEAT SYNC: 02:57:04 | LED: GREEN
[*] HEARTBEAT SYNC: 02:57:14 | LED: GREEN
[*] HEARTBEAT SYNC: 02:57:24 | LED: GREEN
[*] HEARTBEAT SYNC: 02:57:35 | LED: GREEN
[*] HEARTBEAT SYNC: 02:57:45 | LED: GREEN
[*] HEARTBEAT SYNC: 02:57:55 | LED: GREEN
[*] HEARTBEAT SYNC: 02:58:05 | LED: GREEN
[*] HEARTBEAT SYNC: 02:58:15 | LED: GREEN
[*] HEARTBEAT SYNC: 02:58:25 | LED: GREEN
[*] HEARTBEAT SYNC: 02:58:35 | LED: GREEN
[*] HEARTBEAT SYNC: 02:58:45 | LED: GREEN
[*] HEARTBEAT SYNC: 02:58:55 | LED: GREEN
[*] HEARTBEAT SYNC: 02:59:05 | LED: GREEN
[*] HEARTBEAT SYNC: 02:59:15 | LED: GREEN
[*] HEARTBEAT SYNC: 02:59:25 | LED: GREEN
[*] HEARTBEAT SYNC: 02:59:35 | LED: GREEN
[*] HEARTBEAT SYNC: 02:59:45 | LED: GREEN
[*] HEARTBEAT SYNC: 02:59:55 | LED: GREEN
[*] HEARTBEAT SYNC: 03:00:05 | LED: GREEN
[*] HEARTBEAT SYNC: 03:00:15 | LED: GREEN
[*] HEARTBEAT SYNC: 03:00:26 | LED: GREEN
[*] HEARTBEAT SYNC: 03:00:36 | LED: GREEN
[*] HEARTBEAT SYNC: 03:00:46 | LED: GREEN
[*] HEARTBEAT SYNC: 03:00:56 | LED: GREEN
[*] HEARTBEAT SYNC: 03:01:06 | LED: GREEN
[*] HEARTBEAT SYNC: 03:01:16 | LED: GREEN
[*] HEARTBEAT SYNC: 03:01:26 | LED: GREEN
[*] HEARTBEAT SYNC: 03:01:36 | LED: GREEN
[*] HEARTBEAT SYNC: 03:01:46 | LED: GREEN
[*] HEARTBEAT SYNC: 03:01:56 | LED: GREEN
[*] HEARTBEAT SYNC: 03:02:06 | LED: GREEN
[*] HEARTBEAT SYNC: 03:02:16 | LED: GREEN
[*] HEARTBEAT SYNC: 03:02:26 | LED: GREEN
[*] HEARTBEAT SYNC: 03:02:36 | LED: GREEN
[*] HEARTBEAT SYNC: 03:02:46 | LED: GREEN
[*] HEARTBEAT SYNC: 03:02:56 | LED: GREEN
[*] HEARTBEAT SYNC: 03:03:06 | LED: GREEN
[*] HEARTBEAT SYNC: 03:03:16 | LED: GREEN
[*] HEARTBEAT SYNC: 03:03:26 | LED: GREEN
[*] HEARTBEAT SYNC: 03:03:36 | LED: GREEN
[*] HEARTBEAT SYNC: 03:03:46 | LED: GREEN
[*] HEARTBEAT SYNC: 03:03:57 | LED: GREEN
[*] HEARTBEAT SYNC: 03:04:07 | LED: GREEN
[*] HEARTBEAT SYNC: 03:04:17 | LED: GREEN
[!] CHANGES DETECTED. INITIATING GLOBAL NODE SYNC...
fatal: Unable to create '/data/data/com.termux/files/home/Jackson-Node/.git/index.lock': File exists.

Another git process seems to be running in this repository, or the lock file may be stale
fatal: cannot lock ref 'HEAD': is at e84071707f673f2ac14031e39d1af44ebfc131b3 but expected e1b68960b6d6a56307e8af78825fbfddfcf1bd10
To https://github.com/delonbouler617-main/Jackson-Node.git
 ! [remote rejected] main -> main (cannot lock ref 'refs/heads/main': is at e84071707f673f2ac14031e39d1af44ebfc131b3 but expected e1b68960b6d6a56307e8af78825fbfddfcf1bd10)
error: failed to push some refs to 'https://github.com/delonbouler617-main/Jackson-Node.git'
[✔] GLOBAL NODE UPDATED.
[*] HEARTBEAT SYNC: 03:04:28 | LED: GREEN
[*] HEARTBEAT SYNC: 03:04:38 | LED: GREEN
[*] HEARTBEAT SYNC: 03:04:48 | LED: GREEN
[*] HEARTBEAT SYNC: 03:04:58 | LED: GREEN
[*] HEARTBEAT SYNC: 03:05:08 | LED: GREEN
[*] HEARTBEAT SYNC: 03:05:18 | LED: GREEN
[*] HEARTBEAT SYNC: 03:05:28 | LED: GREEN
[*] HEARTBEAT SYNC: 03:05:38 | LED: GREEN
[*] HEARTBEAT SYNC: 03:05:48 | LED: GREEN
[*] HEARTBEAT SYNC: 03:05:58 | LED: GREEN
[*] HEARTBEAT SYNC: 03:06:09 | LED: GREEN
[*] HEARTBEAT SYNC: 03:06:19 | LED: GREEN
[*] HEARTBEAT SYNC: 03:06:29 | LED: GREEN
[*] HEARTBEAT SYNC: 03:06:39 | LED: GREEN
[*] HEARTBEAT SYNC: 03:06:49 | LED: GREEN
[*] HEARTBEAT SYNC: 03:06:59 | LED: GREEN
[*] HEARTBEAT SYNC: 03:07:09 | LED: GREEN
[*] HEARTBEAT SYNC: 03:07:19 | LED: GREEN
[*] HEARTBEAT SYNC: 03:07:29 | LED: GREEN
[*] HEARTBEAT SYNC: 03:07:39 | LED: GREEN
[*] HEARTBEAT SYNC: 03:07:49 | LED: GREEN
[*] HEARTBEAT SYNC: 03:07:59 | LED: GREEN
[*] HEARTBEAT SYNC: 03:08:09 | LED: GREEN
[*] HEARTBEAT SYNC: 03:08:19 | LED: GREEN
[*] HEARTBEAT SYNC: 03:08:29 | LED: GREEN
[*] HEARTBEAT SYNC: 03:08:39 | LED: GREEN
[*] HEARTBEAT SYNC: 03:08:49 | LED: GREEN
[*] HEARTBEAT SYNC: 03:08:59 | LED: GREEN
[*] HEARTBEAT SYNC: 03:09:10 | LED: GREEN
[*] HEARTBEAT SYNC: 03:09:20 | LED: GREEN
[*] HEARTBEAT SYNC: 03:09:30 | LED: GREEN
[*] HEARTBEAT SYNC: 03:09:40 | LED: GREEN
[*] HEARTBEAT SYNC: 03:09:50 | LED: GREEN
[*] HEARTBEAT SYNC: 03:10:00 | LED: GREEN
[*] HEARTBEAT SYNC: 03:10:10 | LED: GREEN
[*] HEARTBEAT SYNC: 03:10:20 | LED: GREEN
[*] HEARTBEAT SYNC: 03:10:30 | LED: GREEN
[*] HEARTBEAT SYNC: 03:10:40 | LED: GREEN
[*] HEARTBEAT SYNC: 03:10:50 | LED: GREEN
[*] HEARTBEAT SYNC: 03:11:00 | LED: GREEN
[*] HEARTBEAT SYNC: 03:11:10 | LED: GREEN
[*] HEARTBEAT SYNC: 03:11:20 | LED: GREEN
[*] HEARTBEAT SYNC: 03:11:30 | LED: GREEN
[*] HEARTBEAT SYNC: 03:11:40 | LED: GREEN
[*] HEARTBEAT SYNC: 03:11:50 | LED: GREEN
[*] HEARTBEAT SYNC: 03:12:01 | LED: GREEN
[*] HEARTBEAT SYNC: 03:12:11 | LED: GREEN
[*] HEARTBEAT SYNC: 03:12:21 | LED: GREEN
[*] HEARTBEAT SYNC: 03:12:31 | LED: GREEN
[*] HEARTBEAT SYNC: 03:12:41 | LED: GREEN
[*] HEARTBEAT SYNC: 03:12:51 | LED: GREEN
[*] HEARTBEAT SYNC: 03:13:01 | LED: GREEN
[*] HEARTBEAT SYNC: 03:13:11 | LED: GREEN
[*] HEARTBEAT SYNC: 03:13:21 | LED: GREEN
[*] HEARTBEAT SYNC: 03:13:31 | LED: GREEN
[*] HEARTBEAT SYNC: 03:13:41 | LED: GREEN
[*] HEARTBEAT SYNC: 03:13:51 | LED: GREEN
[*] HEARTBEAT SYNC: 03:14:01 | LED: GREEN
[*] HEARTBEAT SYNC: 03:14:11 | LED: GREEN
[*] HEARTBEAT SYNC: 03:14:21 | LED: GREEN
[*] HEARTBEAT SYNC: 03:14:31 | LED: GREEN
[*] HEARTBEAT SYNC: 03:14:41 | LED: GREEN
[*] HEARTBEAT SYNC: 03:14:51 | LED: GREEN
[*] HEARTBEAT SYNC: 03:15:01 | LED: GREEN
[*] HEARTBEAT SYNC: 03:15:11 | LED: GREEN
[*] HEARTBEAT SYNC: 03:15:21 | LED: GREEN
[*] HEARTBEAT SYNC: 03:15:31 | LED: GREEN
[*] HEARTBEAT SYNC: 03:15:42 | LED: GREEN
[*] HEARTBEAT SYNC: 03:15:52 | LED: GREEN
[*] HEARTBEAT SYNC: 03:16:02 | LED: GREEN
[*] HEARTBEAT SYNC: 03:16:12 | LED: GREEN
[*] HEARTBEAT SYNC: 03:16:22 | LED: GREEN
[*] HEARTBEAT SYNC: 03:16:32 | LED: GREEN
[*] HEARTBEAT SYNC: 03:16:42 | LED: GREEN
[*] HEARTBEAT SYNC: 03:16:52 | LED: GREEN
[*] HEARTBEAT SYNC: 03:17:02 | LED: GREEN
[*] HEARTBEAT SYNC: 03:17:12 | LED: GREEN
[*] HEARTBEAT SYNC: 03:17:22 | LED: GREEN
[*] HEARTBEAT SYNC: 03:17:32 | LED: GREEN
[*] HEARTBEAT SYNC: 03:17:42 | LED: GREEN
[*] HEARTBEAT SYNC: 03:17:52 | LED: GREEN
[*] HEARTBEAT SYNC: 03:18:02 | LED: GREEN
[*] HEARTBEAT SYNC: 03:18:12 | LED: GREEN
[*] HEARTBEAT SYNC: 03:18:22 | LED: GREEN
[*] HEARTBEAT SYNC: 03:18:32 | LED: GREEN
[*] HEARTBEAT SYNC: 03:18:42 | LED: GREEN
[*] HEARTBEAT SYNC: 03:18:52 | LED: GREEN
[*] HEARTBEAT SYNC: 03:19:02 | LED: GREEN
[*] HEARTBEAT SYNC: 03:19:12 | LED: GREEN
[*] HEARTBEAT SYNC: 03:19:22 | LED: GREEN
[*] HEARTBEAT SYNC: 03:19:32 | LED: GREEN
[*] HEARTBEAT SYNC: 03:19:43 | LED: GREEN
[*] HEARTBEAT SYNC: 03:19:53 | LED: GREEN
[*] HEARTBEAT SYNC: 03:20:03 | LED: GREEN
[*] HEARTBEAT SYNC: 03:20:13 | LED: GREEN
[*] HEARTBEAT SYNC: 03:20:23 | LED: GREEN
[*] HEARTBEAT SYNC: 03:20:33 | LED: GREEN
[*] HEARTBEAT SYNC: 03:20:43 | LED: GREEN
[*] HEARTBEAT SYNC: 03:20:53 | LED: GREEN
[*] HEARTBEAT SYNC: 03:21:03 | LED: GREEN
[*] HEARTBEAT SYNC: 03:21:13 | LED: GREEN
[*] HEARTBEAT SYNC: 03:21:23 | LED: GREEN
[*] HEARTBEAT SYNC: 03:21:33 | LED: GREEN
[*] HEARTBEAT SYNC: 03:21:43 | LED: GREEN
[*] HEARTBEAT SYNC: 03:21:53 | LED: GREEN
[*] HEARTBEAT SYNC: 03:22:03 | LED: GREEN
[*] HEARTBEAT SYNC: 03:22:13 | LED: GREEN
[*] HEARTBEAT SYNC: 03:22:23 | LED: GREEN
[*] HEARTBEAT SYNC: 03:22:33 | LED: GREEN
[*] HEARTBEAT SYNC: 03:22:43 | LED: GREEN
[*] HEARTBEAT SYNC: 03:22:54 | LED: GREEN
[*] HEARTBEAT SYNC: 03:23:04 | LED: GREEN
[*] HEARTBEAT SYNC: 03:23:14 | LED: GREEN
[*] HEARTBEAT SYNC: 03:23:24 | LED: GREEN
[*] HEARTBEAT SYNC: 03:23:34 | LED: GREEN
[*] HEARTBEAT SYNC: 03:23:44 | LED: GREEN
[*] HEARTBEAT SYNC: 03:23:54 | LED: GREEN
[*] HEARTBEAT SYNC: 03:24:04 | LED: GREEN
[!] CHANGES DETECTED. INITIATING GLOBAL NODE SYNC...
fatal: Unable to create '/data/data/com.termux/files/home/Jackson-Node/.git/index.lock': File exists.

Another git process seems to be running in this repository, or the lock file may be stale
Everything up-to-date
[✔] GLOBAL NODE UPDATED.
[*] HEARTBEAT SYNC: 03:24:15 | LED: GREEN
